hotel,fecha,puntuacion,nombre,titulo,positivo,negativo
Vitoria,Escrito en 8 de enero de 2026,Sin puntuación,Gloria,“Cómoda”,"Ubicación céntrica, sistema de check-in, instalaciones",El lavavajillas no funcionaba
Vitoria,Escrito en 7 de enero de 2026,Sin puntuación,Echandia,Excepcional,"Demasiado hermoso, muy cómodo y excelente ubicación. Sin duda volveremos.",
Vitoria,Escrito en 5 de enero de 2026,Sin puntuación,Angel,Muy bien,Está bastante nuevo,Tiene calefacción por suelo radiante. Nos dieron una habitación que no tenía encendida la calefacción y estaba a 17 grados. Tardó horas en coger temperatura por la inercia que tiene este tipo de calefacciones. Una vez cogida la temperatura ya se estuvo bien.
Vitoria,Escrito en 5 de enero de 2026,Sin puntuación,Antonio,Muy bien,Ubicación y equipamiento del apartamento,La habitación olía mucho a tabaco (algo que nos resulta especialmente desagradable)...se fue eliminando tras ventilar y pasar algunas horas pero al principio de la estancia resultó molesto.
Vitoria,Escrito en 4 de enero de 2026,Sin puntuación,Vasquez,Excepcional,"Servicio de primera, precios muy accesibles y muy cerca al centro, lo tiene todo.
Seguro repetiré.",
Vitoria,Escrito en 3 de enero de 2026,Sin puntuación,Helenca,Fantástico,Las instalaciones eran nuevas y modernas,
Vitoria,Escrito en 2 de enero de 2026,Sin puntuación,Andrea,“Apartamento muy bonito y limpio en Vitoria”,"El apartamento está muy nuevo y limpio. Tal cual se muestra en la foto. Todo muy bonito y cuidado al detalle. 
Además te dejan un pack de bienvenida con dos botellitas de agua, una bolsita pequeña de patatas fritas y dos cápsulas de café.",Lo peor que tiene el apartamento es el sofá cama. Está muy usado y es súper incómodo. No lo recomiendo para dormir. Hasta para sentarse se hunde.
Vitoria,Escrito en 1 de enero de 2026,Sin puntuación,Xavier,Fantástico,Instalaciones nuevas y comodas,
Vitoria,Escrito en 29 de diciembre de 2025,Sin puntuación,Raquel,“Buena”,Muy amplio y preparado,La persona que duerme en el sofá cama está algo más incómodo
Vitoria,Escrito en 22 de diciembre de 2025,Sin puntuación,Juan,“Agradable”,La ubicación,"Las habitaciones, se suponía que constaba el apartamento de dos habitaciones grandes y eso no fue lo que encontramos"
Vitoria,Escrito en 21 de diciembre de 2025,Sin puntuación,Isaac,“Genial alojamiento”,"Alojamiento genial. Cocina completamente equipada, lavadora, microondas con grill. Baño nuevo, todo impecable.",
Vitoria,Escrito en 12 de diciembre de 2025,Sin puntuación,Montero,Bien,"Lo que mas me gustó fue la ubicación ya que no estabas en pleno centro, pero muy cerquita para llegar andando.","No me gustó pagar un precio de 4 personas por un apartamento, y que tengan un sofá cama, que menos mal que íbamos personas jóvenes, porque sino, es imposible dormir ahí, por lo incómodo que era. Y tampoco me gustó el parking, ya que es un añadido a la reserva, no es barato a mi parecer, y el primer día que llegamos un poco mas tarde, nos las vimos y nos las deseamos para poder aparcar."
Vitoria,Escrito en 11 de diciembre de 2025,Sin puntuación,Gómez,Bien,,"En mi reserva pone escritorio, y no tuve, viajo por trabajo y era una necesidad, tuve que trabajar en la encimera de la isla de la cocina con sillas altas sin respaldo y he acabado con dolor de espalda.Tampoco había tostadora. Compre algo de pan para tostar y no lo pude hacer en la tostadora."
Vitoria,Escrito en 10 de diciembre de 2025,Sin puntuación,Cristina,“Expectativas cumplidas”,"Ubicación excelente. Muy limpio, la cama muy cómoda.
La cocina pequeña pero tenía de todo, hasta lavavajillas y lavadora
Luminoso",Lo único malo fue que el nórdico del sofá cama era de 90cm cuando la cama era mucho más ancha
Vitoria,Escrito en 8 de diciembre de 2025,Sin puntuación,Manuel,“Perfecto”,Limpieza y decoración,Almohadas
Vitoria,Escrito en 8 de diciembre de 2025,Sin puntuación,Jose,"“Muy buena , relacion calidad-precio y muy bien ubicado”","Me gusto, la limpieza, centrico. A 10 minutos ( o menos) del centro historico. Servicios como ( supermercado, cafeterias, restaurantes)  a 1 minuto","El tener que hacer el check-in uno mismo, aunque no me resulto complicado, creo que seria mucho mejor el que habria alguna persona para poder hacerlo .El tener la salida a las 11h, normalmente las salida suele ser entre las 12 y 13 horas, aunque comprendo que hay que realizar limpieza, pero una hora mas estaria muy bien. Y el no tener una consigna o un lugar para poder dejar maletas, bien como servicio del alojamiento o bien de pago."
Vitoria,Escrito en 8 de diciembre de 2025,Sin puntuación,Elalbarracin,Bien,Buena ubicación. Los baños perfectos. Las camas bien. El sofá cama una castaña.,El olor a humo de la habitación. Pero como no hay recepción no puedes protestar a nadie.
Vitoria,Escrito en 7 de diciembre de 2025,Sin puntuación,Gemma,“Estancia perfecta”,"Todo, la ubicación, lo fácil que es acceder y lo bien comunicado que está con todo","Hacía muchísima calor, aunque es diciembre pero en el apartamento hacía mucha calor .. por todo para mi fué perfecto ! Lo único la calefacción demasiado alta"
Vitoria,Escrito en 6 de diciembre de 2025,Sin puntuación,Zamara,Excepcional,Todo,Nada
Vitoria,Escrito en 3 de diciembre de 2025,Sin puntuación,Ane,Fantástico,Centrico y acogedor.,"Al ser el octavo piso las ventanas solo se abre en batiente, por lo que pasamos un poco de calor."
Vitoria,Escrito en 2 de diciembre de 2025,Sin puntuación,Dolores,“Apartamento perfecto a 10 minutos de la plaza de la Virgen Blanca”,"La ubicación, la limpieza y la comodidad del apartamento. Muy fácil y muy rápido contactar con la conserjería 24 horas.",Nada
Vitoria,Escrito en 2 de diciembre de 2025,Sin puntuación,Elixabete,Muy bien,,El sofa cama es muy incomodo.
Vitoria,Escrito en 1 de diciembre de 2025,Sin puntuación,Sanz,“Un poco caro para lo que ofrece”,La ubicación,Un poco caro para lo que ofrece.
Vitoria,Escrito en 28 de noviembre de 2025,Sin puntuación,Touriño,“Perfecto”,Nos encantó,Nos gusto todo
Vitoria,Escrito en 9 de septiembre de 2025,Sin puntuación,Javier,Fantástico,"Localización y posibilidad de mascotas, todo estaba muy nuevo y era de fácil acceso",
Vitoria,Escrito en 8 de septiembre de 2025,Sin puntuación,Laura,“Muy buen hospedaje en Vitoria”,"Muy buena ubicación, parking en el propio edificio. Instalaciones muy nuevas, limpias y cómodas. El apartamento estaba bien equipado. Tiene un supermercado justo al lado.","No hay personal de recepción físico, todo es con códigos lo cual puede ser dificultoso para personas mayores. Faltan enchufes en la encimera. El sofá cama está bien para niños o jóvenes, pero para adultos puede ser algo incómodo. Faltaban elementos de limpieza básicos como escoba, escobilla de baño etc"
Vitoria,Escrito en 8 de septiembre de 2025,Sin puntuación,M,Fantástico,Buenísima ubicación.,"El sofá cama no es nada apropiado para la calidad del  apartamento .Es muy incómodo.Tuvimos que tirar el colchón al suelo.
Echamos de menos un cepillo,recogedor y fregona."
Vitoria,Escrito en 8 de septiembre de 2025,Sin puntuación,Jbernal,"“Genial apartamento para la familia, muy cerca del centro.”","Genial apartamento para la familia, muy cerca del centro. La atención al cliente es rápida y eficiente.","El sofá cama no es muy cómodo para un adulto y la lavadora/secadora no funcionó como esperábamos, la ropa no se secaba!"
Vitoria,Escrito en 7 de septiembre de 2025,Sin puntuación,Laura,Fantástico,"Todo muy limpio, excelente ubicación, encontramos zona blanca para aparcar en las inmediaciones.",
Vitoria,Escrito en 5 de septiembre de 2025,Sin puntuación,Sandro,“Agradable”,La ubicación y la comodidad de  tener parquin,Lo único que debería de tener es un cepillo un recogedor y cubo con fregona ya que    no pasan a limpiar pues uno mismo puede mantener la limpieza
Vitoria,Escrito en 4 de septiembre de 2025,Sin puntuación,Sheila,“Cómodo”,Está muy equipado,Le faltaba un poco más de papel higiénico
Vitoria,Escrito en 1 de septiembre de 2025,Sin puntuación,Rafael,Fantástico,La ubicación,El sofá cama muy ruidoso
Vitoria,Escrito en 1 de septiembre de 2025,Sin puntuación,Laura,Fantástico,"Muy bien situado, apartamento cómodo y con todo lo necesario para pasar unos dias (horno, microondas, lavadora...)",
Vitoria,Escrito en 31 de agosto de 2025,Sin puntuación,Juan,“Visita Vitoria agosto 2025”,La ubicación.,Nos dieron habitación a una zona interior
Vitoria,Escrito en 30 de agosto de 2025,Sin puntuación,Ocaña,Fantástico,Muy buena ubicación. Instalaciones nuevas y modernas. Muy acogedoras y a 5 minutos del centro de la ciudad.,"Es sofá cama es muy incómodo e inapropiado para un establecimiento de estas características. El desayuno lo sirven en una cafetería independiente enfrente del edificio de apartamentos, aunque es cierto que desayunamos estupendamente."
Vitoria,Escrito en 30 de agosto de 2025,Sin puntuación,Gonzalo,“Limpio y acogedor”,"Limpieza, acceso, ubicación",El colchón no era muy cómodo
Vitoria,Escrito en 30 de agosto de 2025,Sin puntuación,Enrique,Excepcional,"Ubicación muy buena, apartamento muy cómodo y excelente para viajar con perro",
Vitoria,Escrito en 30 de agosto de 2025,Sin puntuación,Rincon,Fantástico,La instalación  y la atención muy bien.,
Vitoria,Escrito en 29 de agosto de 2025,Sin puntuación,Carol,“Impecable y un poco caro”,"Todo impecable, limpio, cómodo, bonito, muy céntrico, acceso fácil y automatizado...",La única pega es que me parece caro.
Vitoria,Escrito en 29 de agosto de 2025,Sin puntuación,Blanca,Excepcional,"Limpieza, ubicación y silencio",
Vitoria,Escrito en 29 de agosto de 2025,Sin puntuación,Laura,Fantástico,La limpieza y ubicación.,Se echa en parte una cara visible del alojamiento.
Vitoria,Escrito en 29 de agosto de 2025,Sin puntuación,Omisae,“Perfecto”,La limpieza,
Vitoria,Escrito en 28 de agosto de 2025,Sin puntuación,Carlos,Muy bien,Ubicación,La cama del sofá
Vitoria,Escrito en 28 de agosto de 2025,Sin puntuación,Gabriela,Fantástico,"La comodidad del apartamento. Acogedor y amplio
Su ubicación.","El check-in,  para mi gusto, un poco tarde, hasta las 15:00h no es posible entrar y sin posibilidad de dejar las maletas en el hotel si llegas antes."
Vitoria,Escrito en 28 de agosto de 2025,Sin puntuación,Gilberto,Excepcional,La comodidad y amplitud de las estancias,Nada
Vitoria,Escrito en 27 de agosto de 2025,Sin puntuación,Carlos,“Muy bien situado y cómodo”,"Muy cerca del centro, limpio y comodo",El sistema de apertura con código es incómodo
Vitoria,Escrito en 27 de agosto de 2025,Sin puntuación,Manuel,Fantástico,"Está ubicado en una zona tranquila donde se encuentra fácilmente aparcamiento. Además, está a 10 minutos andando del centro.",El sofá cama no es cómodo.
Vitoria,Escrito en 25 de agosto de 2025,Sin puntuación,Eduardo,Muy bien,La amplitud,No te ayudan con el check in
Vitoria,Escrito en 25 de agosto de 2025,Sin puntuación,Estrella,“Cómoda y tranquila”,"La ubicación, limpieza del apartamento, silencia y desayuno","Por ponerle una pega, cuando abres el sofá cama queda muy estrecho y no se puede pasar"
Vitoria,Escrito en 1 de agosto de 2025,Sin puntuación,Miguel,"“Cómodo, moderno, limpio y completisimo”",Impecable,
Vitoria,Escrito en 1 de agosto de 2025,Sin puntuación,Garazi,“Muy bien”,"Muy céntrico, limpio, cómodo y amplio. Fácil entrada.",Me gustó todo
Vitoria,Escrito en 1 de agosto de 2025,Sin puntuación,Marta,Fantástico,Limpieza y apartamento genial. Bien ubicado y apartamento bueno y bonito,El sofá cama con un colchón muy malo.
Vitoria,Escrito en 31 de julio de 2025,Sin puntuación,Paola,Bien,La ubicación,"En vuestro anuncio, lo anuncian como apartahotel de 4 estrellas y la realidad es que es de 2"
Vitoria,Escrito en 31 de julio de 2025,Sin puntuación,Arancha,“Super bien”,Estaba todo muy limpio y nuevo. La calle donde estaba ubicado estaba súper bien tenía un montón de tiendas y restaurantes cerca,Que tuvimos que  montar nosotros el sofá cama y era un poco lío
Vitoria,Escrito en 31 de julio de 2025,Sin puntuación,Manuel,Muy bien,,La ducha no traga el agua
Vitoria,Escrito en 31 de julio de 2025,Sin puntuación,Jose,Muy bien,La ubicación y la limpieza,"Que éramos 2 parejas y había dos camas,una de matrimonio y una pequeña. Una persona  tuvo q dormir en el sofá cama"
Vitoria,Escrito en 29 de julio de 2025,Sin puntuación,Juan,“Todo muy bien”,Proximidad con el centro,Parking muy justo para coche grande
Vitoria,Escrito en 28 de julio de 2025,Sin puntuación,Javier,Excepcional,Apartamento muy limpio y cómodo. A 20 minutos andando del centro. Aparcamiento gratuito en calles próximas.,
Vitoria,Escrito en 28 de julio de 2025,Sin puntuación,Rut,“Desconexión”,El apartamento en sí,Los colchones
Vitoria,Escrito en 28 de julio de 2025,Sin puntuación,Jesus,“BIEN EN GENERAL”,La ubicación y la limpieza,"el sofa cama era muy blando para dormir, muy incómodo"
Vitoria,Escrito en 28 de julio de 2025,Sin puntuación,Carolina,“Céntrico apartamento en Vitoria”,La situación y las instalaciones.,"Que todo fuera por la aplicación o por mail, aunque puedes llamarlos del telefonillo de la entrada, por nosotros no, pero vimos gente mayor liada. La relación calidad-precio es excesiva. No vino nadie a limpiar y todavía no tengo claro si es por no pedirlo por la aplicación. Te dejaban un kit de limpieza, pero era escaso para los 5 días que íbamos. Y lo peor es la wifi compartida, va fatal y además la televisión no es smart, y no hubo manera de conectar el crome cast por la wifi, lo comunicamos y nada."
Vitoria,Escrito en 27 de julio de 2025,Sin puntuación,Jose,"“En general, interesante alojamiento”",Ubicación y equipamiento,"La nevera, por la parte posterior, a veces vibraba en exceso"
Vitoria,Escrito en 27 de julio de 2025,Sin puntuación,Sara,“Apartamento nuevo y moderno ideal para una familia de cuatro.”,"Un apartamento bonito y moderno ideal para viajar una familia de cuatro miembros algunos días. Equipada con una cocina totalmente nueva con todos los pequeños electrodomésticos modernísimos. 
Cuenta con un dormitorio con armario y cómoda de tres cajones y una cama muy confortable, tanto colchón como almohadas. El sofá cama del salón quizás no tan cómodo, pero adecuado para dos niños o adolescentes.","Echamos en falta más luz artificial sobre todo en el baño y la falta estropajo, bayeta, una escoba con recogedor y fregona con cubo para mantener limpio el apartamento durante nuestra estancia."
Vitoria,Escrito en 26 de julio de 2025,Sin puntuación,Sergio,“Muy buena elección.”,"Es un apartahotel muy comodo, bien ubicado y muy limpio. Con cocina bien equipada. Los muebles y el apartamento muy nuevo. Se entra fácil de manera on lline, con la clave que te envían o su aplicación. Y el garage, aunque de pago, es un punto a favor de la instalación.","Por decir algo, que no había cafetera en la cocina.
La echamos en falta."
Vitoria,Escrito en 25 de julio de 2025,Sin puntuación,Pedro,“Agradable”,"Muy nuevo y todo lo necesario para unos dias, buena ubicación.",El sofá cama muy incómodo para dos personas
Vitoria,Escrito en 25 de julio de 2025,Sin puntuación,Laura,“Muy céntrico”,Luminoso..céntrico..muy bien equipado..nos obsequiaron con dos botellas de agua y un snack y un pack de limpieza..cama y sofá cama muy cómodo..no vimos a nadie del personal..rodeado de bares y cafeterías muy ricas,Tuvimos un poco de dificultad al abrir la puerta del edificio pero se resolvió sin problema
Vitoria,Escrito en 25 de julio de 2025,Sin puntuación,Ceballos,Muy bien,,No me gustó que no tienen persianas y entra claridad a las habitaciones.
Vitoria,Escrito en 25 de julio de 2025,Sin puntuación,Maria,Bien,"Muy bien ubicado, muy bien equipado, con lavadora, lavavajillas, horno microondas... decoración muy moderna y apartamento amplio, cafeterías para desayunar y en la misma calle hay zona de aparcamiwnto gratuito.",Que el sofá  se hundía cuando te sentabas y las tapicerias de sillones y cojines estaba con cercos de manchas al igual.que una de las fundas de almohada interiores que tenia unos cercos amarillos increibles de suciedad.
Vitoria,Escrito en 25 de julio de 2025,Sin puntuación,Noelia,“Lo más parecido a estar en el hogar”,Estaba muy cuidado.,Que no tuviera una escoba ni fregona
Vitoria,Escrito en 25 de julio de 2025,Sin puntuación,M,“Si sois una familia de 4 cuidado con el sofá cama”,"Esta a 10 mins de la catedral de Vitoria, es una finca de pisos turísticos que están muy limpios y nuevos y se accede con código",El sofá cama era horrible....no es nada intuitivo para abrirlo y se cerraba cada dos por tres..no descansaron nada las personas que durmieron ahí
Vitoria,Escrito en 25 de julio de 2025,Sin puntuación,María,“Ideal para pasar unos días en la ciudad.”,"Bonito, buena ubicación, cocina bien equipada, buen detalle de bienvenida y el kit de limpieza.","Eché de menos una escoba y recogedor en el apartamento para el día a día a parte de la limpieza que se haga por parte de la empresa.
El sofá cama es incómodo para dormir más de un día."
Vitoria,Escrito en 25 de julio de 2025,Sin puntuación,Aurora,“Puede mejorar”,"Mal el horario de entradas,,debe ser cuando el cliente llegue, sea 8hs , 12"",,,,o 3de la mañanas, cada usuario es diferente y su estancia termina en 24hs, no cuando ustedes digan,,un  hotel está para éso dar servicio de hospedaje, no a su conveniencia,, mucho ruido las hb de frente a la calle gastéiz,,debería tener otro tipo de ventanas.","Garaje y desayunos, por el precio de estancia, debería incluir"
Vitoria,Escrito en 24 de julio de 2025,Sin puntuación,Teresa,“Correcto calidad-precio”,"La ubicación y la comodidad de tener parking a 14€/día. Estaba todo muy bien equipado, con un kit de bienvenida y un kit de limpieza, el apartamento tiene todo lo necesario para estar en Vitoria unos días. Para los precios que hay de alojamientos en el País Vasco en general, este está muy bien.",El check in y todo el acceso al hotel es digital. Tener que estar poniendo el código para abrir cada puerta es un poco jaleo pero bueno. El sofá cama deberían renovarlo...
Vitoria,Escrito en 24 de julio de 2025,Sin puntuación,Monica,Bien,Ubicación y lavabo y cama habitación muy cómoda,"Sofá cama incómodo, aire solo iba en la habitación y faltaba la plancha para la ropa"
Vitoria,Escrito en 31 de mayo de 2025,Sin puntuación,Graciela,“Checking”,La comodidad y la ambientación,Un poco complicado el checking
Vitoria,Escrito en 31 de mayo de 2025,Sin puntuación,María,Excepcional,"Acogedor, bien organizado, amplitud, luz externa, impecable, muy completo en servicios( lavadora, horno, cafetera...), el suelo precioso 💖",
Vitoria,Escrito en 28 de mayo de 2025,Sin puntuación,Pilar,Muy bien,Todo muy nuevo. A 10 minutos del casco antiguo,
Vitoria,Escrito en 28 de mayo de 2025,Sin puntuación,Maria,Excepcional,Todo,Nada
Vitoria,Escrito en 27 de mayo de 2025,Sin puntuación,Nayibe,“Buenas habitaciones pero muy poca cercanía y calidez”,Las habitaciones están muy bien y son muy cómodas y modernas.,"En nuestro caso, reservamos el alojamiento por Booking: 3 habitaciones para 12 personas. En el “checking online”, yo, que era la titular, tuve que mandar hasta un “selfie”. Es todo “online” (“checking”, llaves…) con sus ventajas y desventajas de perder la calidez humana.  Además, nos pidieron una fianza de 200€ que no ponía en ningún lado al reservar y pagar las habitaciones completas al momento (hace dos días que nos fuimos y aún no tengo la fianza). Son muy insistentes con la hora de salida del alojamiento: no puedes entrar hasta las 15:00 pero para las 10:00 de la mañana ya teníamos un correo para dejar el alojamiento. Me parece un detalle bastante fuera de lugar."
Vitoria,Escrito en 27 de mayo de 2025,Sin puntuación,Bettcy,“Perfecto”,Estaba muy limpio,
Vitoria,Escrito en 26 de mayo de 2025,Sin puntuación,Aurora,Excepcional,Perfecta ubicación. Perfectas las instalaciones,Nada
Vitoria,Escrito en 26 de mayo de 2025,Sin puntuación,Jose,Muy bien,Era bastante funcional y estaba muy limpio.  Andando se iba al centro en 10 minutos y tenías de todo alrededor.,"La insonorizacion de la ventana del dormitorio no era demasiado buena.  Hubo un problema con una alarma que se encendió en el pasillo en el que estábamos y nadie vino a informar que pasaba.  Al día siguiente en recepción tampoco sabían que había ocurrido.  Ni se habían enterado del suceso,  lo cual me da que pensar en el sistema de seguridad si ocurre algo de verdad."
Vitoria,Escrito en 25 de mayo de 2025,Sin puntuación,Rebeca,Fantástico,"La atención del personal excelente, muy amables. 
La ubicación. Apartamento moderno y bonito.","Por decir algo el sofá cama se movía un poco, pero era muy comodo."
Vitoria,Escrito en 25 de mayo de 2025,Sin puntuación,Oihane,Bien,,No los iba la clave de abajo
Vitoria,Escrito en 25 de mayo de 2025,Sin puntuación,Anie,“La falta de atención a nuestra solicitud nocturna afectó negativamente a nuestra valoración.”,"El primer punto destacable es la ubicación, que es estupenda. Está a escasos minutos del centro y cuenta con paradas cercanas de autobús y tranvía. 
En cuanto al apartamento, la cocina esta muy bien equipada. La habitación principal es muy espaciosa y la cama es cómoda. El baño está muy limpio y hay toallas de sobra.","Un par de puntos a destacar: 
1. Tanto el sofá cama como las almohadas son muy incómodas, y en nuestro caso, faltaba una de las mesitas de noche de la habitación. 
2. Además, nuestra estancia se vio significativamente afectada por un problema con el aire acondicionado: 
Pasamos la tarde fuera, y al volver al apartamento al anochecer quisimos encender el aire acondicionado para cenar y dormir. Tratamos de ponerlo en marcha y esperar un rato para ver si se encendía, pero nada. Hacia las 21:30 nos pusimos en contacto con recepción a través de WhatsApp para solicitar ayuda, ya que no lo conseguíamos (o no funcionaba). Recibimos una respuesta pidiendo la foto del panel de control del aire acondicionado. Así lo hicimos, y nos respondieron diciendo que pasarían el aviso a la persona que se encontraba en recepción para que nos ayudara indicando que debíamos esperar. Sin embargo, tras esperar más de una hora sin recibir ninguna solución ni contacto por parte del personal, decidimos desistir y avisar de que ya no era necesario que vinieran ya que eran las 23:00 pasadas y queriamos irnos a dormir. Una pena."
Vitoria,Escrito en 24 de mayo de 2025,Sin puntuación,Carlos,“Muy buena”,La habitación espaciosa y los servicios incluidos,"El sistema automático. No por lo automático sino por cierta dificultad que presenta el sistema. Código largo, etc,. Es el camino pero habría que darle una vuelta de tuerca."
Vitoria,Escrito en 24 de mayo de 2025,Sin puntuación,Koldo,“Muy bien”,Si,Todo
Vitoria,Escrito en 24 de mayo de 2025,Sin puntuación,Orenes,“Mala entrada buena estancia”,Apartamento,La gestión de la entrada
Vitoria,Escrito en 23 de mayo de 2025,Sin puntuación,Enol,Muy bien,Las habitaciones,La ubicación
Vitoria,Escrito en 23 de mayo de 2025,Sin puntuación,Maite,Muy bien,La limpieza y la ubicación. Decorado con gusto.,"Muy pocos detalles en el apartamento, menaje escueto, no dejan ni un rollo de servilletas por si lo puedes necesitar."
Vitoria,Escrito en 22 de mayo de 2025,Sin puntuación,Jose,Fantástico,"El apartamento, la ubicación y la app del apartamento",
Vitoria,Escrito en 21 de mayo de 2025,Sin puntuación,Paya,Fantástico,Estaba muy limpio  es cómodo y muy centrico,No había fregona ni escoba y recogedor y falta de mantenimiento
Vitoria,Escrito en 21 de mayo de 2025,Sin puntuación,Silvia,"“Buena ubicación, habitaciones amplias y buen trato.”","Lo mejor fue la ubicación, facilidad en contactar con el alojamiento y la atención del personal. La amplitud de las habitaciones y luminosidad un plus.",EL sofa-cama del apartamento resultó muy incómodo.
Vitoria,Escrito en 21 de mayo de 2025,Sin puntuación,Dolores,“Muy bien”,"El alojamiento en si y la ubicación ...la limpieza,todo muy nuevo",Todo bien
Vitoria,Escrito en 19 de mayo de 2025,Sin puntuación,Jose,“VOLVEREMOS”,"La ubicación, muy cerca del centro y al lado de un Supermercado. La cama amplia y muy cómoda.","Echamos en falta mocho, recogedor y escoba para la limpieza 🧹 del apartamento o quizá un pequeño aspirador.
Bastante complicado aparcar en la zona."
Vitoria,Escrito en 15 de mayo de 2025,Sin puntuación,Tomas,Muy bien,Ubicacion,Que en las imágenes de la reserva el apartamento tenía terraza y en realidad no la tenía.
Vitoria,Escrito en 15 de mayo de 2025,Sin puntuación,Ariadna,“apartamento súper recomendable”,apartamento muy nuevo. todo en perfecto estado. limpieza espectacular. moderno y luminoso. bien equipado. tiene un día justo encima que facilita poder comprar. se aparca en la calle sin pagar.,me gustó todo de este apartamento.
Vitoria,Escrito en 14 de mayo de 2025,Sin puntuación,Patricia,“MAGNÍFICO”,"nos gustó mucho el alojamiento. Tenía de todo, muy completo. Las camas muy cómodas y cerca del centro.hay supermercados cerca y muchos bares y tiendas.nos dejaron un detalle al llegar y se agradece.volveremos sin duda.",nada
Vitoria,Escrito en 12 de mayo de 2025,Sin puntuación,Julio,“Buena ubicación”,La ubicación,El sofá cama un poco incómodo
Vitoria,Escrito en 24 de marzo de 2025,Sin puntuación,Antonio,Excepcional,Hola buenos días mira soy la chica que estuve en el hotel con mi marido y mi hija por favor me tenéis que mandar la factura lo que pagué si no el seguro no me lo pagan,
Vitoria,Escrito en 24 de marzo de 2025,Sin puntuación,Cristina,“Muy bien”,Silencio en pasillos. Discreción.,Se oía mucho el tráfico
Vitoria,Escrito en 24 de marzo de 2025,Sin puntuación,Ainara,“Finde express con amigas”,Es la segunda vez que nos alojamos en estos apartamentos: todo estaba muy limpio y no se oía nada de ruido. Muy bien ubicado,"El sofá cama muy incómodo, cada vez que se movía la persona que dormía ahí hacía ruido. Faltaba una mesilla de noche en la habitación principal"
Vitoria,Escrito en 22 de marzo de 2025,Sin puntuación,Maria,Muy bien,La ubicación es perfecta. Cogimos el parquing y está cerca del centro de la ciudad. Tiene detalles de bienvenida y está bastante bien equipado para pasar unos días. Y la pequeña cocina con el menaje hace que puedas prepararte cualquier cosa de manera comoda,El sofá cama era bastante incómodo pero para pasar un par de días suficiente.
Vitoria,Escrito en 22 de marzo de 2025,Sin puntuación,Vicente,Bien,La ubicación del apartahotel. Próximo al casco viejo y de fácil acceso.,La incomodidad del sofá cama. La falta de utensilios de cocina y que el dispensador de jabón de la ducha estuviera roto.
Vitoria,Escrito en 20 de marzo de 2025,Sin puntuación,Josu10,“Fácil”,Cómodo el acceso,
Vitoria,Escrito en 17 de marzo de 2025,Sin puntuación,Eduardo,Muy bien,"Muy cómodo para cocinar, descansar, etc",No había personal presencial.
Vitoria,Escrito en 16 de marzo de 2025,Sin puntuación,Samvasco,Excepcional,"Ubicación,todo andando en cinco minutos,y muy cómodo para estar",
Vitoria,Escrito en 12 de marzo de 2025,Sin puntuación,Juan,“Estupendo si viajas connperro”,El equipamiento de la habitación y poner llevar el perrito,No funcionaba la entrada al hotel con el teléfono. Hemos tenido que acceder con el código. En la habitación sí funcionaba bien
Vitoria,Escrito en 10 de marzo de 2025,Sin puntuación,Pedro,“Estancia muy cómoda”,"Alojamiento, desayuno y parking",
Vitoria,Escrito en 8 de marzo de 2025,Sin puntuación,Macarena,"“Genial, repetiríamos”","Localización, la habitación y la disposición. Pusieron todo lo necesario oara nuestro bebé, tanto cuna como trona. Genial","Falta de servilletas/papel cocina y algunos básicos como aceite,sal, vinagre. Falta consigna equipaje"
Vitoria,Escrito en 5 de marzo de 2025,Sin puntuación,Daniel,Excepcional,La ubicación y la limpieza,La ausencia de mampara en la ducha
Vitoria,Escrito en 3 de marzo de 2025,Sin puntuación,Carlos,Bien,La ubicación y la facilidad para el chekin,"Poca o ninguna flexibilidad en los horarios. Después de pagar 24h de parking, tienes q salir antes de las 11:00La relación calidad/precio no se corresponde"
Vitoria,Escrito en 3 de marzo de 2025,Sin puntuación,Teresa,“Bien”,Los apartamentos son cómodos y el acceso a las instalaciones es muy sencillo. La limpieza es óptima y los baños son amplios y cómodos; estan muy bien equipados. El apartamento en general está bien.,"Nuestra cama se movía mucho porque tenía las patas sueltas. Las almohadas son muy incómodas, extremadamente finas. Los apartamentos no estan preparados del todo ya que por ejemplo en la cocina apenas hay enchufes (tuvimos que enchufar el tostador en el mueble de la tele y la cafetera en un enchufe a la altura del suelo ya que en la encimera no había ningún enchufe). Las ventanas no se pueden abrir completamente, lo que dificulta que se pueda ventilar. El resto de las estancias estan muy bien y en general los apartamentos son cómodos y amplios."
Vitoria,Escrito en 2 de marzo de 2025,Sin puntuación,Pablo,Bien,"Muy buena ubicación y apartamentos, por norma general, bien cuidados","Demasiado olor a ambientador al entrar para disimular olores. Limpieza mejorable: machas en el suelo de nuestro apartamento y no habían lavado una toalla, que estaba totalmente sucia dentro de un cajón (seguramente no lo habría visto el personal de limpieza)."
Vitoria,Escrito en 2 de marzo de 2025,Sin puntuación,Jose,Fantástico,Estaba todo limpio y amplio y bien equipado,El sofá cama era incómodo
Vitoria,Escrito en 1 de marzo de 2025,Sin puntuación,Aitor,“Ni fi ni fa”,Que tiene dos baños.,Que el sofá cama estaba roto. Y al que le tocó el sofá-cama no pudo descansar en condiciones óptimas.
Vitoria,Escrito en 27 de febrero de 2025,Sin puntuación,Alicia,Muy bien,"Perfecta ubicación Habitaciones tranquilas, sin ruido Todo muy limpioFácil acceso",La cama me resultó incómoda
Vitoria,Escrito en 27 de febrero de 2025,Sin puntuación,Eworo,“Quitando el checkin todo lo de mas bien”,Todo,El checkin
Vitoria,Escrito en 26 de febrero de 2025,Sin puntuación,Ruben,“Una buena elección”,"La habitación estaba limpia, y el baño también. Tiene servicios alrededor es fácil hacer el check in. Repetiremos seguro. Un acierto",
Vitoria,Escrito en 25 de febrero de 2025,Sin puntuación,Vanesa,Excepcional,"Es cómodo, moderno y bien ubicado. Tiene alrededor mucho parking gratuito",
Vitoria,Escrito en 24 de febrero de 2025,Sin puntuación,Naiara,“Apartamento perfecto para visitar Vitoria”,"Apartamento amplio, impecable y en una ubicación perfecta, a un paso de cebra de la parte vieja pero en una zona muy tranquila para descansar bien por la noche. Tenía todo lo necesario para unas vacaciones. Repetiría y lo recomendaría seguro. Parking de pago en el mismo edificio, lo que facilita la llegada y salida.",
Vitoria,Escrito en 23 de febrero de 2025,Sin puntuación,Sai0a,“Estancia 10 para un finde”,La ubicación del apartamento,"Los pocos ascensores de los que dispone para tantos apartamentos. Que no haya nadie por su surge algo es otra de las cosas que a mí personalmente no me gusta pero todo ha ido genial con el código que se proporciona."
Vitoria,Escrito en 23 de febrero de 2025,Sin puntuación,Laia,Fantástico,Es pequeño pero tiene de todo.,
Vitoria,Escrito en 21 de febrero de 2025,Sin puntuación,María,"“Céntrico, limpio y moderno”",Comodidad del sofá y cama. Mobiliario y apartamento muy nuevo. Las ventanas insonorizan muy bien para ser una avenida con mucho tráfico. El agua de la ducha sale caliente rápido. El aire acondicionado centralizado suma mucho. El casco viejo queda muy cerca y realmente el apartamento está muy bien comunicado con el resto de la ciudad.,"La tele no es smart tv. Fueron hospitalarios y considero que la atención fue adecuada excepto por varios detalles con los que abusaron de confianza: se cobraron el early check-in por sólo consultarlo y, estando allí pedí el kit de limpieza que se les olvidó dejarme, me dijeron que subirían, esperé bastantes horas y finalmente entraron mientras estaba durmiendo sin previo aviso."
Vitoria,Escrito en 26 de enero de 2025,Sin puntuación,Laura,“Volvería”,Muy buena ubicación y se consigue donde aparcar cerca.,
Vitoria,Escrito en 26 de enero de 2025,Sin puntuación,Ane,“Estancia muy agradable”,"Apartamento espacioso y limpio.
No tiene persianas, pero las cortinas que tiene evitan que entre la claridad.
No hay personal en el edificio, pero responden de inmediato a las dudas.
No tiene parking, pero tuvimos suerte para aparcar en las inmediaciones.","Hemos echado de menos que hubiese algún básico de cocina. Así como aceite, cápsulas de café.."
Vitoria,Escrito en 26 de enero de 2025,Sin puntuación,Izaro,Excepcional,"Todo. Buena ubicación. Amplio y cómodo, con cocina y baño bien equipados. Cama enorme. Moderno y limpio. Tiene parking disponible por 14€/día, y desayuno por 6€/persona y día. El personal muy atento; aunque no hay nadie ahí, te contestan rápido y bien todas las dudas por whatsapp.",
Vitoria,Escrito en 25 de enero de 2025,Sin puntuación,Viajeratf,Excepcional,Todo,Nada
Vitoria,Escrito en 24 de enero de 2025,Sin puntuación,Leyre,Fantástico,"Todo a la altura de lo esperado. La limpieza, la ubicación, el tamaño del apartamento, todo, salvo la iluminación del baño y la almohada.","Eché el falta mejor luz en el baño, ya que para maquillarse se queda muy corta y es un poco mortecina. Y que la almohada fuera algo mas blanda y alta."
Vitoria,Escrito en 24 de enero de 2025,Sin puntuación,Jose,“un fin de semana inolvidable”,,lo centrico y los silencioso que es
Vitoria,Escrito en 22 de enero de 2025,Sin puntuación,Maria,“Estancia como en casa”,"Un apartamento como en casa
Tenía de todo","No tenía champú! Especifico 
Había solo un frasco en la ducha"
Vitoria,Escrito en 22 de enero de 2025,Sin puntuación,Diego,Excepcional,"La situación, la limpieza, la relación calidad- precio. Todo excelente","Es un edificio automatizado, entras con código. No hay nadie en recepción.  Eso sí, llamamos porque no conseguíamos que arrancara el aire caliente y en unos minutos vinieron al apartamento"
Vitoria,Escrito en 21 de enero de 2025,Sin puntuación,Gloria,“Moderno y práctico”,"Me gustó la limpieza y que fuera un piso alto.El silencio  y la comodidad de la cama de esa habitación.","El baño muy pequeño en proporción a la habitación,hace perder calidad."
Vitoria,Escrito en 20 de enero de 2025,Sin puntuación,Adrian,“Agradable estancia con falta de equipamiento”,"La ubicación
La accesibilidad","La tv no está conectada a internet y no hay espacio para poder conectar el hdmi.
Por otro lado, no nos cambiaron las toallas en 4 días.
No tenían fregona, al ser ducha abierta se agradecería"
Vitoria,Escrito en 20 de enero de 2025,Sin puntuación,Barmi08,"“Apartamento completo, pero con cosas negativas”","El apartamento muy completo. 
Muy buena ubicación.
Cama cómoda 
Zona de aparcamiento gratis por la zona","El sofá, era sofá cama, muy incómodo, hasta para sentarse.
Que la tele no tenga Internet , ni la opción de poder poner un Netflix, Amazon video, etc..
Que te engañen por wasap, que para aparcar es difícil porque es una zona peatonal, para que cojas parking,  y que luego veas que se puede aparcar gratis y sin problemas.
Que te cobren 20e por noche, por traer tu mascota, alegando que el suplemento es por la limpieza extra y que luego, no pasen ni un solo dia a ordenar/limpiar, el apartamento.. 3 noches nos costaron 75 por persona y pagamos 60e por mi perra.. Es un absurdo !!!"
Vitoria,Escrito en 19 de enero de 2025,Sin puntuación,María,Muy bien,O amplo espazo.,Difícil a entrada cos códigos
Vitoria,Escrito en 18 de enero de 2025,Sin puntuación,Maria,Excepcional,"Muy buena ubicación,cerca hay de todo comercios, transporte, restaurantes.Si te surge alguna consulta contestan muy rápido por whatsApp. Una estadía estupenda ☺️",
Vitoria,Escrito en 18 de enero de 2025,Sin puntuación,Funandplay,“Vitoria muy chulo”,Todo muy limpio y nuevo. Muy centrico,Todo
Vitoria,Escrito en 17 de enero de 2025,Sin puntuación,Susana,Fantástico,,"Qué no me recibiera nadie, estar pendiente del móvil y el mail para entrar"
Vitoria,Escrito en 17 de enero de 2025,Sin puntuación,Maria,Excepcional,"Está genial, lo recomiendo!!! Muy limpio y calidad precio de 10. Y el desayuno está genial, lo recomiendo.",Lo único que no me gustó es el sofá cama q tienen es super incómodo para dormir ahí.
Vitoria,Escrito en 16 de enero de 2025,Sin puntuación,Ikuska,“Volveré 100% y lo recomiendo”,"Todo perfecto 
Me encanta la cantidad de almohadas de la habitación","Haría falta una manta extra.
El termostato es difícil de entender.
La TV no tiene acceso a las apps de Samsung para poder ver Netflix por ejemplo, porque está capada, no veo la necesidad."
Vitoria,Escrito en 15 de enero de 2025,Sin puntuación,Antonio,“Cómodo pero impersonal”,"Ubicación,  comodidad,  limpieza,  terraza muy buena,  moderno, equipado","La rigidez en horarios de entrada y salida al ser todo automatizado, no vimos en ningún momento a nadie, si querías entrar un poco antes tenías que pagar un extra de 15€ (la entrada es a las 15:00).No había jabón en la ducha y no pudimos decirlo a nadie."
Vitoria,Escrito en 15 de enero de 2025,Sin puntuación,José,Fantástico,"Amplitud, ubicación y limpieza",
Vitoria,Escrito en 14 de enero de 2025,Sin puntuación,Colmenares,“Espero volver un apartamento súper cómodo”,Todooo fue el mejor que he estado,Todo fue el mejor todo confort me encantó lo recomiendo 💯
Vitoria,Escrito en 14 de enero de 2025,Sin puntuación,Regina,“Apartamento estupendo para estar como en casa.”,"El apartamento cumplió nuestras expectativas. Cerca del centro y con paradas de tranvía cerca. El barrio estupendo, y con un supermercado DIA justo al lado. Cocina con todo lo necesario: platos, copas, vasos, tazas... tostadora de pan y cafetera de cápsulas. Baño completo y con secador de pelo. Salita de estar con sofá, televisión y un sillón de lectura al lado de la ventana que permite pasar un rato viendo la calle principal. Hay una mesa redonda con 2 sillas para los desayunos/comidas... El dormitorio con 2 camas juntas, cómodas. Calefacción en el apartamento. Las fotos reflejan lo que es. Estupendo.","No me gusta y lo hacen ya en la mayoría de los hoteles y casas, que como ropa de cama pongan sólo FUNDA NÓRDICA sustituyendo las colchas... para mi, dan demasiado calor y no hay otra opción, o te axfisias con la funda nórdica o pasas frío solo con la sábana. Me gustaría que pusieran otro tipo de ropa de cama, como colcha tradicional o mantita para las personas que pasamos calor y que no queremos pasar frio. Y eso que apagamos la calefacción... En mi opinión es excesivo lo nórdico..."
Vitoria,Escrito en 11 de enero de 2025,Sin puntuación,Malara,“Genial!”,Todo,Nada
Vitoria,Escrito en 7 de enero de 2025,Sin puntuación,Sebastian,Bien,"Buena ubicación, comodo y amplio","Necestita algun arreglo, cortinas con agujeros, tapa wc rota..."
Vitoria,Escrito en 7 de enero de 2025,Sin puntuación,Olga,“Alojamiento bien ubicado y práctico”,La ubicación y que era grande,Faltaba limpieza y uno de los baños tenía olor muy desagradable a tuberías
Vitoria,Escrito en 7 de enero de 2025,Sin puntuación,Ana,Muy bien,La decoración y limpieza,Almohadas incómodas.
Vitoria,Escrito en 23 de noviembre de 2024,Sin puntuación,Inmaculada,“Volvería sin dudarlo”,"La ubicación muy buena, la correspondencia genial con el personal dedicado al alojamiento, gran disponibilidad a las peticiones que van surgiendo .
Muchas gracias 
Muy cómodo","La ducha, necesitaría una mampara"
Vitoria,Escrito en 22 de noviembre de 2024,Sin puntuación,Antonia,“Excelente”,"Lo que más me gustó, poder ir con mi mascota 🐕",
Vitoria,Escrito en 22 de noviembre de 2024,Sin puntuación,Perez,“Patico”,Me encantó estaba todo céntrico y la libertad de movimiento de la ciudad 🏙️,No me gustó que si me da la opción de cuna no me la pusieran en la habitacion
Vitoria,Escrito en 21 de noviembre de 2024,Sin puntuación,Paula,“Excelente ubicación”,"El apartamento estaba muy bien climatizado, calentito. Buena ubicación. Amplitud del apartamento con habitación.",Poca presión del agua en la ducha. El ambientador del pasillo era demasiado fuerte.
Vitoria,Escrito en 21 de noviembre de 2024,Sin puntuación,Uxue,“Bien por la escasa oferta de alojamientos similares en Vitoria”,"-El apartamento tiene todo lo que puedas necesitar.-Estaba limpio.-Buena ubicación, tienes el centro a escasos minutos andando.","-La hora de entrada es a las 15:00 y la de salida a las 11:00. Si quieres entrar antes o salir mas tarde supone un coste adicional. Nunca antes me había ocurrido en apartamentos de estas características (teniendo en cuanta el precio por noche es algo que deberían de proporcionar siempre que hubiera posibilidad).-El sofá cama es muy incomodo, de muy mala calidad, no se puede descansar.-Al rededor de las 7-8 de la mañana nos estaban limpiando la puerta del apartamento por fuera y eso perturbó e impidió el descanso de la persona que durmió en el sofá cama. Indignante teniendo en cuenta que tienes que dejar el apartamento antes de las 11:00."
Vitoria,Escrito en 18 de noviembre de 2024,Sin puntuación,Gerardo,“Estancia Buena”,,El colchón de la cama un poco incómodo
Vitoria,Escrito en 17 de noviembre de 2024,Sin puntuación,Carmena,“Adiós”,El apartamento en general.. que no hubiera at,"Que no hubiera atención personal 
Y problemas para hacer el chekin.."
Vitoria,Escrito en 14 de noviembre de 2024,Sin puntuación,Isabel,Fantástico,"La ubicación, el apartamento en general y los detalles de bienvenida",La cama
Vitoria,Escrito en 13 de noviembre de 2024,Sin puntuación,Irene,“Genial para visitar Vitoria”,Es un apartamento amplio y espacioso. Muy cerca del centro y muy bien equipado.,La cama un poco incómoda.
Vitoria,Escrito en 13 de noviembre de 2024,Sin puntuación,Beatrizc84,“Estancia perfecta”,"Apartamento nuevo, con muy buena ubicación, a 13 min andando del centro. En avenida con muchos comercios y restaurantes. Un supermercado día justo al lado. Luminoso, limpio, amplio para 2 personas.","Echamos en falta q la TV tuviera netflix, prime, o alguna de estas. La cocina tenía todo lo necesario excepto algún cuchillo que cortará. Los que hay son malisimos. Y también nos falto una cafetera de las que no son de cápsulas, una italiana de toda la vida. La que hay te limita. Y por último comentar que quizás de precio esta algo caro, más de 100€ la noche en temporada baja."
Vitoria,Escrito en 11 de noviembre de 2024,Sin puntuación,Rafael,Excepcional,"Todo perfecto, incluido el aparcamiento.",
Vitoria,Escrito en 11 de noviembre de 2024,Sin puntuación,Raquel,Fantástico,"El alojamiento estaba muy bien ubicado, a 10 minutos del centro histórico. Estaba bien equipado y era bastante nuevo todo",Las almohadas de la cama eran demasiado finas y el colchón del sofá cama con poco grosor
Vitoria,Escrito en 11 de noviembre de 2024,Sin puntuación,Maria,“Agradable”,La habitación y su ubicación,"Me da pena que no haya personal, aunque tengo que decir que todo funcionó muy bien"
Vitoria,Escrito en 9 de noviembre de 2024,Sin puntuación,Angel,,,
Vitoria,Escrito en 8 de noviembre de 2024,Sin puntuación,Ana,Muy bien,Si,
Vitoria,Escrito en 6 de noviembre de 2024,Sin puntuación,Sara,Excepcional,"La limpieza y la comodidad, bastante bien equipado!!",Nada
Vitoria,Escrito en 6 de noviembre de 2024,Sin puntuación,María,“Cama incómoda”,Todo menos la cama.,"La cama horrible, todo lo demás estupendo y maravilloso pero cero descanso"
Vitoria,Escrito en 6 de noviembre de 2024,Sin puntuación,Susana,Fantástico,¡Apartamento muy equipado y muy amplio! Me encanta alojarme ahí cada vez que voy a Vitoria.,Falta una tostadora de pan. No se podía abrir la ventana de la habitación.
Vitoria,Escrito en 6 de noviembre de 2024,Sin puntuación,Mauro,Muy bien,"Está cerca de lo que me interesaba, apartamentos limpios y cómodos","Por fechas, posiblemente estaba más caro de lo normal"
Vitoria,Escrito en 6 de noviembre de 2024,Sin puntuación,Alicia,“Apartamento perfecto y super cómodo”,"Fue muy cómodo hacer el check in y la recepción estaba 24 horas. Estaba todo digitalizado, respondían rápido y la ubicación del apartamento estaba muy bien. Además nos dejaron un detalle de bienvenida",El sofá era un poco incómodo lo demás estaba muy bien.
Vitoria,Escrito en 5 de noviembre de 2024,Sin puntuación,Rafael,“Calidad”,El apartamento es grande y está muy limpio. El desayuno muy bueno y completo,
Vitoria,Escrito en 5 de noviembre de 2024,Sin puntuación,Jorge,“Muy buena”,"El desayuno está ubicado frente al apartamento, no es todo lo cómodo que debería ser.",
Vitoria,Escrito en 4 de noviembre de 2024,Sin puntuación,Merce,“Fabuloso alojamiento a 10 min del centro”,"Todo: ubicación, limpieza, camas cómodas con sábanas y toallas de excelente calidad. Muchos detalles. 
Además un agradecimiento a su personal por su profesionalidad y rapidez en gestionar cualquier solicitud. Aunque es todo on line hay personal en el edificio y la atención es excelente. Accesibilidad total.",
Vitoria,Escrito en 4 de noviembre de 2024,Sin puntuación,Leyre,Excepcional,Apartamento muy completo.,Sofá cama algo incómodo para dormir y pasamos bastante calor en el apartamento pese a ser el mes de Octubre.
Vitoria,Escrito en 3 de noviembre de 2024,Sin puntuación,Esther,“Buen sitio para quedarse en Vitoria”,"La ubicación es perfecta, está muy cerca del casco antiguo. 
El apartamento impecable, el único problema es que en el baño no había mampara de ducha ni cortina, con lo que la ducha está abierta totalmente .",
Vitoria,Escrito en 3 de octubre de 2024,Sin puntuación,Margarita,Muy bien,"Me gustó lo céntrico q estaba y lo limpio y todo nuevo q era,para repetir🥰",
Vitoria,Escrito en 30 de septiembre de 2024,Sin puntuación,Ezeiza,Bien,"La ubicación 
El apartamento","El hecho de no tener con quien resolver dudas
Poder hablar con alguien para gestionar la reserva
Nos vendieron habitación para 4 y solo había dos camas y un sofá poco confortable"
Vitoria,Escrito en 30 de septiembre de 2024,Sin puntuación,Crispina,“Estadia adecuada”,"Esta muy bien situado, tiene todo lo que necesitas y en los alrededores también","El sofá cama es una porquería, para sentarte bien pero para dormir muy incómodo e inseguro"
Vitoria,Escrito en 29 de septiembre de 2024,Sin puntuación,Teresa,Fantástico,"Que era moderno, nuevo y estaba bien equipado con muchos utensilios de cocina.","Que el parking del alojamiento era de pago, aunque en la calle era fácil aparcar gratis."
Vitoria,Escrito en 28 de septiembre de 2024,Sin puntuación,Mariela,Muy bien,"El apartamento es precioso, nuevo y muy limpio. Tienes todo lo que necesitas y se está muy cómodo. Nos ha encantado el diseño.","Tienen calefacción central, hacia demasiado calor y no puedes regular la temperatura."
Vitoria,Escrito en 26 de septiembre de 2024,Sin puntuación,Inés,Muy bien,Todo el apartamento impecable y cómodo.,"Pasamos un poco de fresquito, no se podía regular el termostato.
Impersonal, porque no veíamos con quién hablábamos, cuando consultábamos algo
No había nadie, de forma presencial"
Vitoria,Escrito en 26 de septiembre de 2024,Sin puntuación,Blanca,“Excelente.”,"Buena localizacion, comodo, amplio, sofa-cama grande, todo muy limpio. ¡Repetiriamos!",No hay recepción. Todo online.
Vitoria,Escrito en 26 de septiembre de 2024,Sin puntuación,Fernandez,Fantástico,El desayuno perfecto. Y la ubicación muy buena.,La única pega que le pongo al apartamento es el calor que hacía y que el aire acondicionado no funcionaba. Por lo demás todo perfecto.
Vitoria,Escrito en 25 de septiembre de 2024,Sin puntuación,Enrique,“Recomendable”,"Amplitud, limpieza y ubicación a solo 10min andando del centro",
Vitoria,Escrito en 25 de septiembre de 2024,Sin puntuación,Rosa,"“Apartamento muy acogedor, amplio , con buenos servicios, muy limpio y muy buena ubicación.”","Limpieza, comodidad y Apartamento muy acogedor, con muy buena ubicacion",
Vitoria,Escrito en 25 de septiembre de 2024,Sin puntuación,Maiquez,Bien,"La ubicación a 5 minutos a pie de la plaza del ayuntamiento.
Apartamento limpio y bien equipado.","El sofá cama incomodísimo, a pesar de utilizarlo dos niños con poco peso se hundía."
Vitoria,Escrito en 24 de septiembre de 2024,Sin puntuación,Jose,“Repetiremos seguro. Estancia genial.”,La situación y las instalaciones en general.,
Vitoria,Escrito en 24 de septiembre de 2024,Sin puntuación,Tamara,“Lugar adecuado para visitar Vitoria.”,"Las instalaciones amplias y limpias.
Ubicación perfecta, cerca del centro y fácil aparcar",Que la tv no tuviera smart tv. Algo de ruido por las noches en la calle porque hay un pub debajo.
Vitoria,Escrito en 23 de septiembre de 2024,Sin puntuación,Diaz,Bien,Estaba limpio,Se oye a los vecinos
Vitoria,Escrito en 22 de septiembre de 2024,Sin puntuación,Ana,Muy bien,El lavabo muy amplio,el cubre colchones tenía 1 mancha de sangre seca y estaba amarillento
Vitoria,Escrito en 22 de septiembre de 2024,Sin puntuación,Nicolai,“Sitio excelente para quedarse y conocer la zona. Para repetir sin duda”,"Las habitaciones son amplias y muy cómodas, con todo tipo de accesorios. Te dejan un kit de bienvenida con agua y un snack.","Si viajas con mascota, el precio de 20€/noche me parece excesivo, a pesar de que es de los pocos sitios donde te dejan una cama para el animal, comedero y bebedero"
Vitoria,Escrito en 21 de septiembre de 2024,Sin puntuación,Paloma,Fantástico,La ubicación y lo completo que era el apartamento,
Vitoria,Escrito en 21 de septiembre de 2024,Sin puntuación,Paloma,Excepcional,"El apartamento tenía 2 habitaciones y 2 baños, todo impoluto y muy amplio. La cocina completamente equipada. Nos ha parecido tranquilo y las camas comodísimas. Muy bien situado para visitar la ciudad, facilidad de aparcamiento gratuito en los alrededores. Nos hemos quedado encantados con nuestra estancia.",--
Vitoria,Escrito en 21 de septiembre de 2024,Sin puntuación,Antonio,Fantástico,fuimos con mascota y muy comodo el parquing en el mismo edificio,
Vitoria,Escrito en 21 de septiembre de 2024,Sin puntuación,Yosleidy,Excepcional,"Lo limpio, cómodo y céntrico que estaba",Que la ducha no tenía buen desagüe y el agua se estancaba
Vitoria,Escrito en 21 de septiembre de 2024,Sin puntuación,Pedro,Muy bien,Buena ubicacion,Sofá cama incómodo no se notaba estable y faltaba cabecera para la 3 persona
Vitoria,Escrito en 21 de septiembre de 2024,Sin puntuación,Chelo,Excepcional,Las sábanas de algodón y el desayuno,"Que no haya empleados, hubo una chica cuando llegamos que nos ayudó con un problema con la tele y ya, nunca vimos a nadie más. La tele dejó  de funcionar al día siguiente.. El sofá cama incomodísimo"
Vitoria,Escrito en 20 de septiembre de 2024,Sin puntuación,Fabian,Excepcional,Estaba todo impecable,Que no podías usar el aire acondicionado en modo frío porque me contestaron que ya estaban en periodo invernal
Vitoria,Escrito en 20 de septiembre de 2024,Sin puntuación,Toni,Muy bien,Apartamento muy completo para el precio,El baño se inunda cuando te duchas
Vitoria,Escrito en 18 de septiembre de 2024,Sin puntuación,Maria,Fantástico,La ubicación y limpieza,Colchones un poco duros
Vitoria,Escrito en 30 de agosto de 2024,Sin puntuación,Pasteleria,"“SUPER RECOMENDABLE, EXCELENTE”","Nos sorprendió gratamente la ciudad y el alojamiento. Está sobre una avenida, aparcamos en la calle rápidamente sin cargo (era domingo). Nos movimos caminando super bien; una ciudad tranquila, con muchos bares para picotear y comer. nos sorprendió muchisimo la ciudad. Respecto del alojamiento, antes de llegar, recibimos los códigos de acceso OK y también el numero de departamento. Igual cuando llegamos habia una recepcionista muy dispuesta a ayudar, pero no fue necesario, con el mail fue suficiente. En la recepcion (que no está 24hs) hay una máquina expendedora que nos resolvió a la noche. El apartamento es 100% nuevo y moderno. A nosotros nos tocó un monoambiente muy bien decorado. Todo super cuidado. Cuando ingresamos nos habian dejado 2 regalos: uno con agua, cápsulas (tiene cafetera tipo nespresso), y papas fritas; y una segunda con una espoja, repadador, trapo de cocina, detergente, y cápsulas para lavavajillas y lavarropas. Estaba equipado con todo lo necesario. El baño totalmente nuevo, cómodo, amplio. Las toallas nuevas también; contaba con jabon liquido y shampoo OK. todo más que IMPECABLE. Super recomiendo","Sólo una cuestion, y es de gusto. La zona de la ducha no tiene nada que contenga el agua (la duca y el piso está todo a la misma altura) y no tiene cerramiento tampoco. entonces hay que bañarse con cierto cuidado, de lo contrario el agua puede llegar a la cocina."
Vitoria,Escrito en 29 de agosto de 2024,Sin puntuación,Maria,“Perfecta”,Todo,
Vitoria,Escrito en 29 de agosto de 2024,Sin puntuación,Marco,Fantástico,"Equipamiento, ubicación, limpieza, ambientación.","Unica cortina opaca y obscura de dia si abres no hay intimidad.
Habitacion da a patio interior feo."
Vitoria,Escrito en 29 de agosto de 2024,Sin puntuación,La_beica,Excepcional,Todo,
Vitoria,Escrito en 28 de agosto de 2024,Sin puntuación,Ángela,“Perfecto”,"La ubicación es muy buena, el apartamento está genial, moderno, bonito y práctico. La cocina tiene todo lo necesario, menaje, microondas, nevera y congelador, cafetera, tostador, lavavajillas y hasta lavadora. 
Las instalaciones están nuevas y muy bien hechas.","Las sartenes estaban muy abolladas y en la inducción no funcionaban bien, deberían sustituirlas por unas nuevas."
Vitoria,Escrito en 28 de agosto de 2024,Sin puntuación,Sonia,Fantástico,Situación y el apartamento,Las cortinas estaban rotas
Vitoria,Escrito en 28 de agosto de 2024,Sin puntuación,Laura,Excepcional,"Fantástico. Un apartamento muy moderno, cómodo y bien equipado. Muy céntrico y genial que tuviera párquing en el mismo edificio. Un detalle que te dejen cápsulas de Nexpresso de bienvenida, junto con una para la lavadora y otra para el lavavajillas. Mejor que una habitación de hotel, pero mucho mas barato. Muy buena relación calidad-precio. Totalmente recomendable. Si vamos a otro destino que tenga Líbere repetiremos seguro.",
Vitoria,Escrito en 27 de agosto de 2024,Sin puntuación,Rouzaud,“Buena”,Muy bonito el apartamento,El sofá cama no era cómodo
Vitoria,Escrito en 27 de agosto de 2024,Sin puntuación,Mª,Bien,La ubicación y el apartamento hacia agradable la estancia,El sofá cama era un poco incómodo
Vitoria,Escrito en 27 de agosto de 2024,Sin puntuación,Carmen,“Correcta”,"Amplio, luminoso, nuevo y bien equipado",La limpieza no era óptima y el sofá cama no era cómodo.
Vitoria,Escrito en 27 de agosto de 2024,Sin puntuación,Cristóbal,Excepcional,"De los mejores apartahoteles en los que me he quedado. Muy buena opción para quedarte en vitoria. Cerca del centro y se puede aparcar facilmente en las próximidades del apartamento (nosotros fuimos en verano)
Todo tiene una gran calidad, las camas muy comodas, es un sitio en el que se podría vivir una temporada perfectamente sin ningún tipo de problema. Todo complemtanete equipado y encima, te dan hasta un kit de limpieza gratuito el primer día que incluye: trapo, estropajo, bayeta, jabón friegaplatos, una pastilla para el lavavajillas y otra para la lavadora (que también es secadora). Si volvemos a vitoria probablemente reservemos en el mismo sitio porque nos ha gustado muchísimo.","Por ponerle una pega, las habtiaciones disponen de chromecast para que puedas poenr tus plataformas desde el movil pero tienen el inconveniente que como va a la misma red wifi del edificio entonces cualquier inquilino que esté conectado a la red puede quitarte la serie/película o ponerte otra, lo cual que lo hace totalmente inusable y es una pena. Pero solo por poner una pega, es un sitio genial para quedarse"
Vitoria,Escrito en 27 de agosto de 2024,Sin puntuación,El,Fantástico,Esta limpio  moy cercano a todo  y hay todo  que necesitas  solo  la sofá  no esta cómoda para dormir,
Vitoria,Escrito en 27 de agosto de 2024,Sin puntuación,José,"“Magnifico fin deHey there, it's time for another week!”",Esta muy cerca del centro de la ciudad y bien equipado.,"El sofá cama presenta una estructura frágil, lo cual puede resultar incómodo para personas de mayor tamaño."
Vitoria,Escrito en 26 de agosto de 2024,Sin puntuación,Canditrece,Fantástico,Apartamento para disfrutar de el,
Vitoria,Escrito en 26 de agosto de 2024,Sin puntuación,Manuel,“Repetiré”,De 10,"Aplicación, la información no es exacta"
Vitoria,Escrito en 26 de agosto de 2024,Sin puntuación,Juan,“Genial para visitar Vitoria express con niños”,La ubicación y comodidad. Estaba bastante limpio y ademas te dejaban kits de limpieza con todo lo necesario para alojarte cómodamente. La gestión por la página muy fácil.,"Que tenia olor a tabaco, imagino que de algún cliente anterior. No me gusto haber elegido pago a la llegada y me cobraron antes."
Vitoria,Escrito en 26 de agosto de 2024,Sin puntuación,Francisco,“Ubicación perfecta y buena relación calidad precio”,Ubicación perfecta cerca de la parte antigua. Parking. Tranquilo. Limpio. Cómodo. Muy bien de precio.,Nada que comentar
Vitoria,Escrito en 25 de agosto de 2024,Sin puntuación,Sabela,Bien,"Acceso directo parking-habitación.
Supermercado en el local de abajo.",
Vitoria,Escrito en 25 de agosto de 2024,Sin puntuación,Veronica,“Ideal para familias”,"Apartamento muy cómodo en general y práctico. La ubicación muy buena. Lo que más nos gustó fue el sistema de check-in y el uso de las llaves digitales, lo que facilita el ingreso.",El sofá cama no era muy cómodo y bastante ruidoso para dormir.
Vitoria,Escrito en 25 de agosto de 2024,Sin puntuación,Rosa,Fantástico,"Limpieza,  Ubicacion",El sofá- cama un poco incómodo
Vitoria,Escrito en 25 de agosto de 2024,Sin puntuación,Gloria,Bien,"Estaba limpio y bien situado, el sofá cama del salón para no pegar el ojo.Bastante incómodo.",
Vitoria,Escrito en 25 de agosto de 2024,Sin puntuación,Leonor,Fantástico,"Perfecta ubicación, estancia muy agradable y personal muy atento a nuestras necesidades. Se cumplieron de sobra nuestras expectativas. Muchas gracias!",
Vitoria,Escrito en 24 de agosto de 2024,Sin puntuación,Angeles,“Estancia agradable”,"La situación era estupenda, la cocina muy bien equipada.
Fácil aparcamiento en el exterior
El personal muy amable","El sofá cama era incómodo, se hundía. 
Había determinadas horas en el día en que dos ascensores eran insuficientes, aunque entiendo que esto no depende de la dirección de los apartamentos"
Vitoria,Escrito en 24 de agosto de 2024,Sin puntuación,Vicente,“IMPRESIONANTE”,"Estuvimos muy cómodos y con un detalle de bienvenida,todo muy limpio y la cocina con utensilios para poder cocinar cualquier alimento.100% recomendable",
Vitoria,Escrito en 24 de agosto de 2024,Sin puntuación,Javier,"“Buen sitio, bien situado”","Instalaciones, ubicación, parking","Sin personal físico 
Check in demasiado tarde ( 15h)
Check out demasiado pronto (11h)"
Vitoria,Escrito en 10 de agosto de 2024,Sin puntuación,Adriany,“Recomendado 100%.”,"Equipado con todo lo necesario, cómodo, buenas vistas, moderno.","No limpiaron bien debajo del sofá cama. Cuando lo abrimos, debajo había un preservativo."
Vitoria,Escrito en 9 de agosto de 2024,Sin puntuación,Francisco,Bien,Ubicación fantástica. Muy cómodo para visitar la ciudad y para salir y entrar de la misma para visitar otras ciudades,Parking escaso e incómodo. Limpieza mejorable. Dormitorio algo incómodo por la enorme columna que tenía dentro. Falta algún accesorio para colgar las toallas una vez utilizadas para que se ventilen y sequen.
Vitoria,Escrito en 9 de agosto de 2024,Sin puntuación,María,"“Apartamento nuevo con muy buenas instalaciones , limpio y luminoso”",Estaba todo nuevo y bien equipado. Además de ser muy luminoso,"Me gustó todo, si tuviese que decir algo, podría estar más cerca del centro, pero la ubicación no era mala"
Vitoria,Escrito en 9 de agosto de 2024,Sin puntuación,Ainhoa,Fantástico,"La ubicación muy céntrico, la decoración muy agradable. Las camas muy cómodas.",
Vitoria,Escrito en 9 de agosto de 2024,Sin puntuación,Sebastian,“Acogedor”,"Si ,mucho",Sofá cama incómodo
Vitoria,Escrito en 9 de agosto de 2024,Sin puntuación,Estquefer,“Acogedor”,La ubicación y la limpieza,Que en vez de 4 camas hubiera tres camas y un sofá cama. No era muy cómodo. Para tres noches está bien pero más noches no resulta cómodo.
Vitoria,Escrito en 9 de agosto de 2024,Sin puntuación,María,Muy bien,Situación,
Vitoria,Escrito en 8 de agosto de 2024,Sin puntuación,Manuel,Bien,,"La cama sofá mal, incomoda"
Vitoria,Escrito en 7 de agosto de 2024,Sin puntuación,Jacobo,Bien,La ubicación y la tranquilidad del lugar,El sofá cama deberían cambiarlo. Al abrirlo como cama se movía mucho y se levantaba de un lado con el peso y colchón fino. Para el precio que tiene el apartamento no pueden poner ese sofá
Vitoria,Escrito en 7 de agosto de 2024,Sin puntuación,Jose,Excepcional,"La ubicación perfecta, bastante limpio, con todos los enseres que hace falta para pasar unos días, con el parking debajo del hotel muy cómodo para salir y entrar.",Que no hay TV en la habitación y el sofá cama podía ser un poco más cómodo.
Vitoria,Escrito en 7 de agosto de 2024,Sin puntuación,Leonardo,Muy bien,Ubicación,
Vitoria,Escrito en 6 de agosto de 2024,Sin puntuación,Susana,“Excelente”,"Muy céntrico, limpio y bien equipado.",No tenemos ninguna queja lo utilizamos solo para dormir y poco más.
Vitoria,Escrito en 5 de agosto de 2024,Sin puntuación,Isabel,Excepcional,"Muy limpio con todo lo necesario,muy buena ubicacion con todo lo que necesitamos cerca,ideal",
Vitoria,Escrito en 5 de agosto de 2024,Sin puntuación,Victor,“Bien para turismo urbano”,La ubicación es perfecta para visitar Vitoria y se aparca relativamente bien por la zona (no es de pago). La habitación está equipada con lo justo pero bien.,"Había una butaca en el salón llena de manchas ""raras"" así que ni la tocamos. El sofa-cama es para niños, como intente dormir ahí un adulto a la mañana siguiente tendrán que cambiarle la espalda por una nueva. La cocina bien pero todo está contado: 4 tenedores, 4 cuchillos, 4 cucharas... Hay congelador, cafetera, etc."
Vitoria,Escrito en 4 de agosto de 2024,Sin puntuación,Juan,“Fin de semana en familia descubriendo Vitoria”,"La ubicación fenomenal (10 minutos andando hasta la Plaza de España). La comodidad del apartamento, fenomenal para familias con niños, mucho mejor que una habitación de hotel. Además, parking en el propio edificio con ascensor directo.
Justo debajo hay un Día para hacer compras, y al lado de una parada de tranvía.",
Vitoria,Escrito en 4 de agosto de 2024,Sin puntuación,Isabel,“Muy recomendable!!!”,"Comodidad y diseño Buen emplazamiento",
Vitoria,Escrito en 4 de agosto de 2024,Sin puntuación,Alicia,“Alojamiento perfecto para familias”,"Muy nuevo y limpio, cocina muy completa",
Vitoria,Escrito en 4 de agosto de 2024,Sin puntuación,Francisco,Muy bien,"La ubicación es excelente, el apartamento es bastante amplio y cómodo. Muy tranquilo a pesar de ser un edificio muy grande, apenas se escucha ningún ruido. En nuestro caso tuvimos el desayuno incluido y muy correcto para el precio que cuesta.","Supongo que debimos tenerlo en cuenta porque en la descripción ya se comenta que aceptan mascotas, eso no nos molesta en absoluto pero sí el hecho de que nuestro apartamento oliera a perro muchísimo. Incluso dejando las ventanas abiertas no conseguimos ventilar lo suficiente. Hasta el punto que acabamos comprando un ambientador en el supermercado que hay justo al lado."
Vitoria,Escrito en 3 de agosto de 2024,Sin puntuación,Daniel,“Todo perfecto”,Todo perfecto,
Vitoria,Escrito en 3 de agosto de 2024,Sin puntuación,Yolanda,Excepcional,Comodidad y ubicación,Me gustó todo
Vitoria,Escrito en 3 de agosto de 2024,Sin puntuación,Joaquín,“Vitoria un acierto”,"Las instalaciones de la habitación, muy amplia , luminosa , muy bien equipado y nuevo el apartamento; todo muy limpio y a estrenar el kit de cocina . 
Íbamos con mascota y también tuvo su kit de bienvenida.
El aislamiento acústico perfecto y muy bien ubicado .","La parte más negativa fue el sofá-cama. Tuvimos que hacer uso de el , ya que íbamos  4 y a parte de dificultar el paso era muy incómodo dormir en el. Llegamos incluso a turnarnos para dormir  ya que sólo se podía descansar bien en la cama. 
Sería el aspecto más negativo de nuestra instancia . 
Por lo demás para repetir ."
Vitoria,Escrito en 3 de agosto de 2024,Sin puntuación,Ingles,Fantástico,"Todo en general muy bien, muy buenos detalles de bienvenida y muy bien situado.","Por poner algo a mejorar diría que el sofá cama podría ser mejor, mas confortable."
Vitoria,Escrito en 3 de agosto de 2024,Sin puntuación,Susana,“agradable”,"Moderno, limpio, centrico y practico.",
Vitoria,Escrito en 2 de agosto de 2024,Sin puntuación,Reme,“Excelente apartamento como si estuvieras en casa.”,"La ubicación buenísima, la limpieza excelente, y el trato del personal excelente. 
Un apartamento a recomendar.",No puede señalar ningun aspecto negativo.
Vitoria,Escrito en 2 de agosto de 2024,Sin puntuación,María,“Estancia en Vitoria”,La ubicación!,Nada! Estaba todo bien
Vitoria,Escrito en 8 de julio de 2024,Sin puntuación,Micaela,Muy bien,La decoración y es todo nuevo,No es para cuatro adultos… el sofá no era muy cómodo
Vitoria,Escrito en 8 de julio de 2024,Sin puntuación,Maripaz,Excepcional,"Tiene muy buena ubicación, todo muy limpio y cómodo.Recomendable 100%",
Vitoria,Escrito en 8 de julio de 2024,Sin puntuación,Cristina,Excepcional,"La ubicación.
El apartamento era cómodo .
La ducha era amplia.
Para tres personas está genial.
Caja de bienvenida es un detalle.
También tenía un kit de limpieza con todo lo necesario para allí pastilla lavavajillas y lavadora.
Bayeta ,estropajo y paño de cocina",Todo me gustó.
Vitoria,Escrito en 7 de julio de 2024,Sin puntuación,Jhowdy,Muy bien,Las habitaciones eran amplias y cómodas.,No había personal. Todo telemático.
Vitoria,Escrito en 6 de julio de 2024,Sin puntuación,Ana,“Sitio céntrico”,"Limpieza, comodidad de la cama,",Faltaban las instrucciones de los electrodomésticos
Vitoria,Escrito en 6 de julio de 2024,Sin puntuación,Xavier,"“Fantástico, insuperable por el precio, instalaciones perfectas. Muy recomendable”","Realmente casi todo, la calidad precio es inigualable, el edificio muy bien ubicado y tranquilo, con opción de parking. El apartamento era muy amplio, y las instalaciones y enseres en un estado impecable. Sólo estuvimos un dia y fue una verdadera pena tener que irse.",Nada relevante
Vitoria,Escrito en 6 de julio de 2024,Sin puntuación,Ana,Fantástico,"Cómodo , tranquilo muy luminoso y bien comunicado",Nada
Vitoria,Escrito en 6 de julio de 2024,Sin puntuación,Isabel,“En líneas generales está genial. Repetiría.”,Me pareció un acierto el incluir en el pack de bienvenida 2 cápsulas de café. Por sugerir incluiría también 2 azucarillos. Las camas muy cómodas salvo el sofá cama.,"El sofá cama me causó inquietud. El chaval durmió con miedo a que se cerrase. No se si no supimos abrirlo bien o si tenía algún sistema de seguridad que evitase el cierre al moverse, la cuestión es que no durmió tranquilo por ese motivo."
Vitoria,Escrito en 6 de julio de 2024,Sin puntuación,Alejandro,“Todo de 10 menos sofá-cama”,"El apartamento estaba bien equipado y la ubicación era muy buena, todo limpio 2 baños genial","El sofá-cama fue horrible después de 5 noches acabé con la espalda destrozada imposible descansar bien, una auténtica pena que con lo bien que está el apartamento se lo carguen por no gastar en un sofá en condiciones"
Vitoria,Escrito en 5 de julio de 2024,Sin puntuación,Félix,"“Una estancia más que agradable, repetiré.”","La privacidad, la tranquilidad y el sistema de acceso.",
Vitoria,Escrito en 4 de julio de 2024,Sin puntuación,Cesca,“Nos encantó”,La ubicación,No habia ni aceite ni sal
Vitoria,Escrito en 4 de julio de 2024,Sin puntuación,Vanessa,“Bien para un par de noches”,Ubicacion,"Muy muy JUSTo el espacio para preparar desayuno…. Unico Enchufe para conectar cafetera peligroso …. O cafetera o torradora… 
Sofa cama malísimo para dormir"
Vitoria,Escrito en 4 de julio de 2024,Sin puntuación,Martí,“Relación Calidad Precio es lo que buscas”,Nos encantó la distribución lo iluminado que era y la comodidad de estar en pleno centro.,"El sofá cama realmente incómoda el ambiente y la noche, es difícil de montar y se notan los muelles por la noche. Nosotros dormimos dos noches y aún nos turnamos … si alguien viene más días no lo recomiendo para nada!"
Vitoria,Escrito en 4 de julio de 2024,Sin puntuación,Gonzalo,“Excelente estadía”,Espectacular el apart Hotel. No puedo hablar del personal porque es todo automatizado.,Mi esposa no pudo viajar por problemas con su pasaporte no pude cambiar las fechas pese a que tenían disponibilidad. Tuve que pagar de nuevo. Al margen de eso el hotel es espectacular.
Vitoria,Escrito en 3 de julio de 2024,Sin puntuación,Fe,Fantástico,"Todo estupendo, el apartamento muy cómodo, muy limpio, se puede aparcar cerca de forma gratuita.","No funcionaba el tostador, por decir una pega.Pero todo genial"
Vitoria,Escrito en 3 de julio de 2024,Sin puntuación,Dr,“Correcto”,Buena ubicación y cómodo.,No había ni unas cápsulas de cafe ni nada de bienvenida.
Vitoria,Escrito en 2 de julio de 2024,Sin puntuación,M,“Estancia perfecta.”,Apartamento nuevo y perfectamente equipado.,Nada.
Vitoria,Escrito en 1 de julio de 2024,Sin puntuación,Maricarmen,“Correcto”,Agradable a la vista  por estar reformado,El sofá cama no muy cómodo pero sin más
Vitoria,Escrito en 30 de junio de 2024,Sin puntuación,Maria,Fantástico,"La cama de la habitación preincipal muy cómoda, céntrico, muy práctico, limpio, muy nuevo, te dejan detallitos como 2 capsulas de cafe, agua, un set para limpiar los platos. La ducha muy bien. No hay recepcion te dan un codigo para entrar y habitaciones.Silencioso.","El sofà cama no es muy cómodo, está bien para una persona y  una noche pero para más igual se hace incomodo...."
Vitoria,Escrito en 30 de junio de 2024,Sin puntuación,Manuel,Fantástico,"Limpieza, situación..",
Vitoria,Escrito en 27 de junio de 2024,Sin puntuación,Elena,“Me gustó más de lo esperado”,Apartamento con todo lo necesario. Colchones cómodos y grandes toallas. Ducha muy bien. Parking no muy caro. Ubicación perfecta tanto para el centro como para el Azkena Rock,Eché de menos la terraza que entendí que íbamos a tener
Vitoria,Escrito en 26 de junio de 2024,Sin puntuación,Fátima,“Genial!!”,"Precioso, sencillo, cómodo, céntrico",
Vitoria,Escrito en 26 de junio de 2024,Sin puntuación,Saida,“Muy buena ubicación”,La ubicación y la limpieza,"El menaje no era muy bueno, faltaban platos pequeños y la tostadora no funcionaba bien"
Vitoria,Escrito en 24 de junio de 2024,Sin puntuación,Ada,Bien,"Muy buena ubicación y limpieza, por regla general. El apartamento es bastante completo y la recepción online es súper atenta.","Los servicios de “early check in” y “late check out” son un timo.
Quisimos entrar antes y contratar el servicio y no nos dieron oportunidad para entrar hasta 10 minutos antes de la entrada oficial y nos lo querían cobrar. Y la salida más tarde, prácticamente igual."
Vitoria,Escrito en 22 de junio de 2024,Sin puntuación,Manuel,Excepcional,"Ubicación, y las apartamentos.",El check in es todo vía web.. es tedioso introducir todo lo que te piden. Por suerte que una chica en recepción ( no está todo el tiempo ahí) nos ayudó.
Vitoria,Escrito en 4 de mayo de 2024,Sin puntuación,Virginia,Excepcional,"Muy bien situado,, cómodo y bien equipado",Los colchones mejorables
Vitoria,Escrito en 4 de mayo de 2024,Sin puntuación,Juan,"“Todo perfecto, pero...”","Ubicación, funcionalidad y precio","El único problema radica en que el precio de la mascota previamente ponía 15€ noche y luego de haber pagado se subió a 20€ argumentando que Booking, con quien inicié el trámite, no había actualizado el precio."
Vitoria,Escrito en 3 de mayo de 2024,Sin puntuación,Dolores,Excepcional,"Está muy bien equipado, amplio y acogedor. Bien situado.","La televisión, algunos canales no se veían bien y otros las películas estaban en inglés y no sé podían cambiar el idioma. No era importante porque estuvimos poco tiempo pero se lo dijimos al encargado."
Vitoria,Escrito en 3 de mayo de 2024,Sin puntuación,Iria,“Buen alojamiento”,Muy buen alojamiento para pasar unos días en Vitoria. Es un apartamento amplio y muy limpio.,"El sofá cama es bastante malo, muy incómodo. Creo que es una opción excelente para dos personas, pero definitivamente no para más"
Vitoria,Escrito en 2 de mayo de 2024,Sin puntuación,Adan,Fantástico,"Amplio, perfecto para familias",
Vitoria,Escrito en 2 de mayo de 2024,Sin puntuación,Andrea,“Acogedor en el centro de Vitoria”,,"Aunque está  todo bien informatizado,  se echa de menos personal humano. Es todo por códigos"
Vitoria,Escrito en 2 de mayo de 2024,Sin puntuación,Alicia,“Apartamento confortable próximo al centro”,"Estaba todo muy limpio y los apartamentos bien insonorizados. Muy próximo al centro, pero sin jaleo. Buen secador en el baño. Con un supermercado Día al lado","Puesto que no hay personal (que particularmente ya no me gusta este hecho), el sistema de check in debería ser algo más sencillo. Había un olor muy fuerte a tubería en el baño. Se echó en falta amenities."
Vitoria,Escrito en 29 de abril de 2024,Sin puntuación,Daniel,“Excepcional apartamento”,"Apartamento excepcional totalmente equipado, moderno,limpio","Que tienes que dejar la habitación a las 11,y la chica de la limpieza se pone a hacer ruido a las 9 de la mañana sin respetar el sueño y descanso de los demás"
Vitoria,Escrito en 29 de abril de 2024,Sin puntuación,María,Muy bien,Tiene una muy buena situación para ir al casco histórico andando.,En nuestro apartamento el menaje era escaso y la tostadora no funcionaba
Vitoria,Escrito en 29 de abril de 2024,Sin puntuación,Enrique,Fantástico,"Muy buena ubicación, limpio y luminoso. Baño muy espacioso. Atención telefónica y por WhatsApp rápida y educada.","En las fotos aparece un horno, se nos dijo el apartamento tenía horno, y luego no fue así.
El sofá cama no es nada cómodo."
Vitoria,Escrito en 28 de abril de 2024,Sin puntuación,Milagros,Excepcional,La limpieza y el personal estuvo pendiente de todo.,El sofa cama no era muy comodo.
Vitoria,Escrito en 27 de abril de 2024,Sin puntuación,Marisa,Excepcional,"Siempre que vamos a Vitoria-Gasteiz nos quedamos allí, así que, evidentemente, nos encanta. Además ya han incluido trapo de cocina en el kit de limpieza 😋",
Vitoria,Escrito en 27 de abril de 2024,Sin puntuación,Jose,Muy bien,La amplitud de la habitación,El sofá cama.
Vitoria,Escrito en 24 de abril de 2024,Sin puntuación,Marcos,“A 5 minutos caminando del centro de Vitoria”,"Muy bien ubicado a 5 minutos andando del centro de Vitoria y con el tranvía no es necesario utilizar el coche. Justo debajo de los apartamentos hay un supermercado DIA y en la calle trasera un Telepizza, por lo que es fácil organizar comidas y cenas en el apartamento. Menaje de cocina completo para 6: cubiertos, platos, vasos, copas, etc. El desayuno incluido en una cafetería enfrente es cómodo si no conoces la zona, pero poco variado, vimos en la zona otras cafeterías por mejor precio y variedad. En los alrededores hay varios bares de pintxos típicos (Kanijo, Point, Kotarro...)","Habitación de 2 dormitorios y 2 baños para 5 personas, pero una de las habitaciones era individual y había que convertir el sofá del salón en cama, y no tenía almohadas."
Vitoria,Escrito en 24 de abril de 2024,Sin puntuación,Ana,“Comodidad y autonomía”,La ubicación resulta muy cómoda tanto para visitar la ciudad como para hacer rutas por poblaciones cercanas.,"En las ventanas hay cortinas para evitar que entre la luz solar pero no hay cortinas menos tupidas que te permitan tener privacidad pero poder aprovechar la luz solar, así que siempre debes encender la luz de las lámparas."
Vitoria,Escrito en 23 de abril de 2024,Sin puntuación,Isabel,Excepcional,"Instalación, ubicación y había de todo lo que pudiera hacer falta",No vimos a una sola persona en ningún momento
Vitoria,Escrito en 23 de abril de 2024,Sin puntuación,Isabel,“Descubrimiento”,El concepto,"Hora de check in muy tarde, con respecto a un hotel"
Vitoria,Escrito en 22 de abril de 2024,Sin puntuación,Carlos,“.”,.,.
Vitoria,Escrito en 22 de abril de 2024,Sin puntuación,Eva,“Muy recomendable”,"Ubicación excelente y estaba todo muy limpio y con detallitos como agua, café y artículos de limpieza.",
Vitoria,Escrito en 21 de abril de 2024,Sin puntuación,Mercedes,“Perfecto”,"Está en lugar excepcional, repetiremos",
Vitoria,Escrito en 19 de abril de 2024,Sin puntuación,Ainara,“Muy buena estancia”,La ubicación y la comodidad,El fregadero atascado
Vitoria,Escrito en 16 de abril de 2024,Sin puntuación,Ignacio,“Una experiencia Vitoriana”,"La ubicación, el silencio y el confort.",El no encontrar personal en la entrada y tener que hacerlo todo de forma impersonal.
Vitoria,Escrito en 16 de abril de 2024,Sin puntuación,Gheorghita,Excepcional,Ubicación y limpieza,Me está gustando todo por esto lo repetimos
Vitoria,Escrito en 8 de abril de 2024,Sin puntuación,Eva,“estancia agradable”,"La cama era muy cómoda. En la cama de matrimonio hay 4 almohadas, 2 para esa cama y 2 para el sofá -cama, 2 de ellos eran muy cómodos.Esta muy cerca del centro. Los baños son amplios. Tenia lo necesario para pasar un buen fin de semana.","Lo único, tiene una lampara encima de una mesa, con la que nos golpeamos varias veces mas de una de nosotras.El almohadón de la cama individual y 2 de los de la cama de matrimonio, eran un poquito blandos para mi gusto."
Vitoria,Escrito en 8 de abril de 2024,Sin puntuación,David,Fantástico,"Apartamento cómodo, situado cerca del casco antiguo y totalmente equipado, con instalaciones modernas. Proceso check-in fácil y rápido.. Aparcamiento gratuito en las inmediaciones.",
Vitoria,Escrito en 9 de marzo de 2024,Sin puntuación,Enara,“AGRADABLE”,"el alojamiento esta  muy centrico esta muy limpio y nuevo, es muy acogedor","el sofa cama no es muy comodo, tiene el colchon un poco deformado como hundido y hacia mucho calor aun y quitando la calefaccion."
Vitoria,Escrito en 9 de marzo de 2024,Sin puntuación,Ada,Fantástico,"La ubicación, la limpieza del apartamento y lo bien cuidado que estaba todo.",Podría mejorarse algo la insonorización con respecto al pasillo y otros apartamentos.
Vitoria,Escrito en 8 de marzo de 2024,Sin puntuación,Daisy,“Muy recomendable y para repetir.”,"Todo! Mejor de lo esperado todo en general y muy limpio, amplio y nuevo. Repetiría sin ninguna duda. La estancia fue de 10! Muy recomendable todo y muy completo.",
Vitoria,Escrito en 7 de marzo de 2024,Sin puntuación,Luis,“Elegante y sencillo”,La ubicación bien,Falta TV en habitación principal
Vitoria,Escrito en 5 de marzo de 2024,Sin puntuación,Ana,“muy bien”,"La ubicación y la comodidad del lugar. Había lo justo y necesario para disfrutar unos días.","La limpieza fue mejorable, nos encontramos una prenda de ropa detrás de un sofá."
Vitoria,Escrito en 5 de marzo de 2024,Sin puntuación,Raquel,“Viaje en familia”,"La ubicación, a 5 minutos andando del centro, nos permitía volver a comer y descansar para poder continuar visitando la ciudad por la tarde.
El parking en el alojamiento otro gran acierto.",Lo único malo es que la recepción es virtual y si tienes algún problema tienes que esperar a poder contactar con alguno de los operadores.
Vitoria,Escrito en 5 de marzo de 2024,Sin puntuación,Arantxa,"“Una maravilla, de 10.”","Un apartamento nuevo, limpio, moderno y con un gusto excepcional en la decoración, cuidando los detalles en todo momento, instalaciones muy cuidadas y limpias, ubicación perfecta, código para entrar tanto en el edificio, parking y puerta del apartamento. Una maravilla, de 10.",
Vitoria,Escrito en 5 de marzo de 2024,Sin puntuación,Kepa,Fantástico,La ubicación,
Vitoria,Escrito en 4 de marzo de 2024,Sin puntuación,Julia,Fantástico,,No tiene consigna para dejar las maletas
Vitoria,Escrito en 4 de marzo de 2024,Sin puntuación,Asuncion,"“Estancia estupenda, apartamento muy agradable”","Ubicación perfecta, apartamento amplio, muy limpio y cómodo y a buen precio. Totalmente recomendable",
Vitoria,Escrito en 4 de marzo de 2024,Sin puntuación,Itxaso,Excepcional,Muy completo. Tiene de todo,
Vitoria,Escrito en 4 de marzo de 2024,Sin puntuación,Sanchez,Excepcional,"Su limpieza, estaba todo muy nuevo y su ubicación.Detalle de bienvenida con agua y un snack genial",No tengo ninguna pega.
Vitoria,Escrito en 4 de marzo de 2024,Sin puntuación,Ana,“Apartamento nuevo y bien ubicado”,"Apartamento nuevo, limpio, bien ubicado. En 10 minutos estás en el centro de Vitoria y no tuvimos problemas para aparcar","No había edredón para el sofá cama. Pero llamamos y nos lo trajeron.
No pudimos configurar la app para entrar a la habitación.
Faltaba algo más de iluminación en el espejo del baño"
Vitoria,Escrito en 4 de marzo de 2024,Sin puntuación,Cristina,Muy bien,El apartamento está muy bien ubicado y es amplio y limpio.,El sofa cama es muy incómodo.
Vitoria,Escrito en 4 de marzo de 2024,Sin puntuación,Natalia,Muy bien,"Limpieza 
Decoración
Toallas","Sofá cama incómodo 
No hay personal en todo el hotel.totañmente digitalizado"
Vitoria,Escrito en 3 de marzo de 2024,Sin puntuación,Montse,Excepcional,"Todo!!! El sitio genial!!! Todo detalle, muy bonito decorado. Genial.","El código para entrar, complicado y no había manera, menos mal q estaba una chica."
Vitoria,Escrito en 3 de marzo de 2024,Sin puntuación,Sandra,“Buen alojamiento en Vitoria”,"Alojamiento moderno y reformado, buena ubicación para ir andando al centro de la ciudad","No tiene cafetería, solo una máquina de vending.
A pesar de tener una hora de check out, el personal de limpieza quiso acceder a la habitación a las 9 de la mañana."
Vitoria,Escrito en 2 de marzo de 2024,Sin puntuación,Ane,“Apartamentos muy buenos”,Está muy bien ubicado. Es muy moderno. Está muy nuevo y tiene parking directo,"Por decir algo, que las plazas de parking son un poco pequeñas de largo"
Vitoria,Escrito en 2 de marzo de 2024,Sin puntuación,Natalia,"“Excelente, repetiría sin duda”","Alojamiento cómodo, muy bien ubicado con todo lo necesario. Nos sorprendió gratamente",Que lo había Nadie a quien preguntar nada todo online. Pero en realidad no tuvimos ningún problema.
Vitoria,Escrito en 2 de marzo de 2024,Sin puntuación,Jose,Excepcional,Orden y limpieza,
Vitoria,Escrito en 2 de marzo de 2024,Sin puntuación,Jose,Excepcional,Limpieza ordenado y cerca del centro,
Vitoria,Escrito en 2 de marzo de 2024,Sin puntuación,Jose,“Apartamento perfecto para desconectar en Vitoria”,"Nos pusieron en una habitación superior porque había disponibilidad sin cobrarnos más. Todo el hotel cuenta con un olor muy agradable. Te dan un kit de bienvenida con unos cafés, agua y una bolsa de patatas. La cocina está totalmente equipada. Tiene un supermercado justo al lado de la entrada. El apartamento en general es muy acogedor. El baño no tiene bidet pero cuenta con ducha higiénica para el inodoro.",No había consigna para dejar las maletas. La cama no era cómoda y el edredón estaba manchado.
Vitoria,Escrito en 1 de marzo de 2024,Sin puntuación,Miguel,“Muy cómodo y bien situado”,"Era muy cómodo, bien situado y estaba limpio en general. La cama bastante cómoda.","La pared, ya que tenía manchas."
Vitoria,Escrito en 29 de febrero de 2024,Sin puntuación,Eva,“Máxima comodidad”,La limpieza y la comodidad fueron lo mejor del apartamento. Aparte todo está digitalizado haciendo la entrada y salida más ágil y fácil para todos.,
Vitoria,Escrito en 29 de febrero de 2024,Sin puntuación,Abio,Fantástico,Muy bonito y limpio,
Vitoria,Escrito en 29 de enero de 2024,Sin puntuación,Josep,Excepcional,"Apartamento muy acojedor, limpio y con todas las necesidades cubiertas.","Pareciamos barras de pan dentro de un horno, no pudimos bajar la potencia de la calefacción, incluso poneindolo en modo Antartida."
Vitoria,Escrito en 29 de enero de 2024,Sin puntuación,Nuño,Muy bien,El espacio y su configuración para estar en familia sin sensación de agobio.,"La calefacción no se podía regular y las ventana tienen una apertura limitante, por lo que perdimos confortabilidad por el calor."
Vitoria,Escrito en 29 de enero de 2024,Sin puntuación,Covadonga,Fantástico,Amplío y bien decorado y equipado. Acogedor.,"El colchón del sofá cama es muy fino. Y en las duchas no hay suficiente presión de agua, salía poca agua."
Vitoria,Escrito en 28 de enero de 2024,Sin puntuación,Mikel,“Muy buena opción”,"Fantástico apartahotel, muy bien situado. Limpio, cómodo y funcional.",
Vitoria,Escrito en 28 de enero de 2024,Sin puntuación,Teodosia,Fantástico,"El apartamento es cómodo , está limpio y bastante nuevo , el parking está muy bien",El sofá no es muy comodo
Vitoria,Escrito en 28 de enero de 2024,Sin puntuación,Jordan,“Lo mejor”,Todo,Nada
Vitoria,Escrito en 28 de enero de 2024,Sin puntuación,Blas,“Apartamento excepcional. Bonito cálido y acogedor”,"Apartamento amplio, cálido moderno de instalaciones, muy cómodo y bien ubicado.
Aportaba una camita, comedero y bebedero para el perro",
Vitoria,Escrito en 27 de enero de 2024,Sin puntuación,Azabalatxa,Bien,La ubicación era la necesaria para lo que queríamos y el apartamento estaba bien.,
Vitoria,Escrito en 26 de enero de 2024,Sin puntuación,Veronica,Excepcional,Muy confortable y espacioso,No tiene consiga a pesar de estar señalizada
Vitoria,Escrito en 26 de enero de 2024,Sin puntuación,Ines,Fantástico,Todo perfecto,
Vitoria,Escrito en 25 de enero de 2024,Sin puntuación,Herrero,“Muy cómodo”,"Todo estaba limpio y en muy buenas condiciones, además de muy bien situado",Nada
Vitoria,Escrito en 24 de enero de 2024,Sin puntuación,Raquel,“Cómodo y céntrico”,"La ducha, una maravilla. La habitación muy cómoda. El check in facilísimo",Hacia mucho calor en el apartamento.
Vitoria,Escrito en 24 de enero de 2024,Sin puntuación,Begoña,“Vitoria a 10 minutos”,"Ubicación a 12 minutos del centro, sofá muy cómodo, instalación muy limpia,cuarto de baño amplio.","El sistema para el checking es poco cómodo cuando vas de viaje, porque a través de su web debes de hacerlo así como el pago, aunque es verdad que si tienes algún problema telefónicamente te lo resuelven. Los utensilios de la cocina son escasos. Hay lavavajillas pero no proporcionan el líquido necesario,ni estropajos, ni galletas, ni papel de cocina. Hay cafetera de cápsulas pero éstas las debes de comprar tú, llamé para saber si podían proporcionar una cafetera italiana y me dijeron que no y que las cápsulas las podía adquirir en el super( qué amabilidad...) En la mayoría de apartamentos a los que he ido normalmente te dan un desayuno, leche, café, o fruta.. aquí no."
Vitoria,Escrito en 23 de enero de 2024,Sin puntuación,Ángel,“Apartamento súper bonito  muy cerca del centro. Limpio y cómodo. La ducha una pasada”,"Decoración, Ducha , cama  y ubicación",Nada
Vitoria,Escrito en 22 de enero de 2024,Sin puntuación,Ildefonsa,Excepcional,"Me gustó la ubicación , limpieza y confort recomendable 100x 100","Que sea todo digital en ninguna hora en dos días de mi estancia vi una recepcionista aunque no me ha hecho falta ,pero habrá persona que lo necesita."
Vitoria,Escrito en 22 de enero de 2024,Sin puntuación,Sharoyantonio,Excepcional,Museos,
Vitoria,Escrito en 22 de enero de 2024,Sin puntuación,Irene,Excepcional,"En general el apartamento es muy cómodo. El baño y la ducha genial. Hay toallas y secador. La cocina equipada con lo necesario. El sofá cama no era lo más cómodo, pero se dormía bien. Para nosotros las almohadas muy bien.
Tuvimos que ampliar la reserva un día más y después de varias llamadas todo se resolvió sin problema. Muy amables. 
Volveríamos sin duda.","Hacía mucho calor en el apartamento. Quitamos la calefacción, pero aún así, por la noche se notaba."
Vitoria,Escrito en 22 de enero de 2024,Sin puntuación,Massaccesi,Excepcional,Todo muy bien.,
Vitoria,Escrito en 22 de enero de 2024,Sin puntuación,Maria,Fantástico,El diseño y la equipación del apartamento,"Eramos tres pero el apartamento
Se preparó para dos, tuvimos que pedir edredón para la cama del sillón y solo dejaron dos juegos de toallas"
Vitoria,Escrito en 22 de enero de 2024,Sin puntuación,Raul,Fantástico,Práctico y espacioso,El sofá cama podría ser más cómodo
Vitoria,Escrito en 21 de enero de 2024,Sin puntuación,Guillermo,“Un alojamiento excelente.”,Un alojamiento excelente.,
Vitoria,Escrito en 21 de enero de 2024,Sin puntuación,Osane,“Apartamentos al detalle”,El apartamento estaba precioso … limpio y con todo los utensilios de cocina necesarios.La ubicación perfecta y con muchos sitios para aparcar en la calle de forma gratuita.La cama muy cómoda y con dos almohadas para mayor comodidad.,"Si tengo que decir algo que no nos gusto es la hora de salida de los apartamentos,las 11 es una hora muy temprana ya que muchos de los que nos alojamos disfrutamos de la noche de la ciudad y resulta muy temprano"
Vitoria,Escrito en 20 de enero de 2024,Sin puntuación,Jose,Fantástico,Todos bien,La cama sofa no muy confortable
Vitoria,Escrito en 20 de enero de 2024,Sin puntuación,Roberto,“Una estancia para conocer y descansar en Vitoria y”,"Lo limpio y ordenado que estaba, la ubicación y distancia al centro histórico.",
Vitoria,Escrito en 19 de enero de 2024,Sin puntuación,Alejandro,Muy bien,Buena ubicación y amplitud,Se echa de menos personal físico.
Vitoria,Escrito en 18 de diciembre de 2023,Sin puntuación,Zc88,Bien,,La gestión de early check in y check out late no se realizó correctamente por lo que no podía entrar en el apartamento hasta hablar con un operador.
Vitoria,Escrito en 17 de diciembre de 2023,Sin puntuación,Maria,Muy bien,La ubicación. Es bonito y estaba muy limpio.,El sofá cama para utilizar de cama no era muy cómodo.
Vitoria,Escrito en 16 de diciembre de 2023,Sin puntuación,Elena,Muy bien,"Esta muy céntrico, es todo nuevo y está muy céntrico","Por poner una pega, el sofá cama estaba roto y era un poco incómodo"
Vitoria,Escrito en 15 de diciembre de 2023,Sin puntuación,Nicoletta,Muy bien,"Estuve en otro apartamento Libere de otra ciudad, mas nuevo, y en este de Vitoria se nota que tiene unos años mas, por las instalaciones, pero en general son apartamentos muy cómodos, bien decorados y muy bien aislados. No he puntuado el personal porqué no lo hay, pero tienen un servicio a distancia que suele funcionar muy bien.","No poder abrir del todo las ventanas, pero es de entender en una 8 planta"
Vitoria,Escrito en 14 de diciembre de 2023,Sin puntuación,Elena,“Agradable”,,El colchón del sofá cama es muy fino
Vitoria,Escrito en 13 de diciembre de 2023,Sin puntuación,Eduard,“No volveré”,"Correcto, pero fuera del edificio y limitado","Habitación helada, no mantas, tardó 3 horas en calentarse"
Vitoria,Escrito en 13 de diciembre de 2023,Sin puntuación,Bárbara,“Buena ubicación”,"Está bien situado, es amplio, y tiene todos los utensilios necesarios aunque para un día no probamos muchos de ellos.","Habíamos hecho la reserva para 3 personas pero para la persona que estaba en el sofá cama, no había edredón. Por suerte ese día había una chica trabajando y se lo pedimos y cuando volvimos de pasear nos lo había dejado en la habitación. El agua de la ducha salió un momento tibia pero luego salió completamente helada."
Vitoria,Escrito en 13 de diciembre de 2023,Sin puntuación,Jaime,“Muy cómodo y práctico”,Buen desayuno en una cafetería muy próxima,"El sofá cama no fuimos capaces de colocarlo adecuadamente, pese a las explicaciones de un empleado, y al final echamos el coclhón al suelo y dormimos muy bien así,El sistema de climatización no funcionaba muy bien y la temperatura era a ratos excesiva, de casi 26ºC en diciembre, pese a poner el termostato en 21ºC"
Vitoria,Escrito en 12 de diciembre de 2023,Sin puntuación,Lucía,“Viaje prenavideño”,"La ubicación muy buena, cerca del centro.
Las instalaciones muy bien equipado.  Muy cómodo para ir con niños. Estaba muy limpio",Éramos 4 personas y sólo había 2 toallas de baño (supongo q con los bebés no cuentan) y no había nadie por la noche en recepción para pedirle
Vitoria,Escrito en 12 de diciembre de 2023,Sin puntuación,Igor,Excepcional,Localizacion,Ruido
Vitoria,Escrito en 11 de diciembre de 2023,Sin puntuación,Miguel,“Muy cómodo y con buena ubicación”,La cocina estaba muy bien equipada. En general todo estaba muy bien en la habitación. Resultaba fácil aparcar en los alrededores,"la ducha era abierta y no tenia ni plato ni mampara, por lo que era fácil que se mojara todo el baño"
Vitoria,Escrito en 10 de diciembre de 2023,Sin puntuación,Raquel,“Mejorable”,"Ubicación, instalaciones","El sofá cama es muy malo, no se puede dormir se notan los hierros 
Las almohadas de la cama demasiado blandas, parece que no tienes almohada"
Vitoria,Escrito en 10 de diciembre de 2023,Sin puntuación,Sara,"“Vacaciones muy agradables, todo muy limpio y espacioso y cómoco, ubicación inmejorable. Repetiría sin duda”","Ubicación, limpieza, modernidad, economización muy buena del espacio, equipamiento, y comodidad, fácil check in y check out.",Me gustó todo
Vitoria,Escrito en 10 de diciembre de 2023,Sin puntuación,Marta,“Todo perfecto. Sofá cama mejorable.”,Totalmente nuevo y la ubicación perfecta.,El sofá cama muy incómodo!!!
Vitoria,Escrito en 10 de diciembre de 2023,Sin puntuación,Elena,“Estupenda”,Decoración y ubicación muy bien equipado.,Que no tuviera terraza
Vitoria,Escrito en 10 de diciembre de 2023,Sin puntuación,Silvia,Muy bien,La ubicación,"No conseguimos hablar con nadie en la recepción. 
El servicio de limpieza diario, no estaba incluido en el precio.
Para desayunar hay que salir fuera del edificio."
Vitoria,Escrito en 10 de diciembre de 2023,Sin puntuación,Casdur,Excepcional,"La ubicación. El apartamento muy completo, con todo lo necesario. Nos encantó.",
Vitoria,Escrito en 10 de diciembre de 2023,Sin puntuación,Begoña,Excepcional,Todo muy limpio.,Nada
Vitoria,Escrito en 10 de diciembre de 2023,Sin puntuación,Juani,Excepcional,"El apartamento muy cómodo, limpio y bien equipado",
Vitoria,Escrito en 9 de diciembre de 2023,Sin puntuación,Raúl,Muy bien,Estaba bien localizado,"No había nadie y todo el trato era online o por teléfono, por lo que varios días, al haber problemas para entrar al aparcamiento, tenías que resolverlo por teléfono, tardando mucho más."
Vitoria,Escrito en 8 de diciembre de 2023,Sin puntuación,Rocio,“Okk”,La limpieza y que era nuevo,Q no habia personal
Vitoria,Escrito en 8 de diciembre de 2023,Sin puntuación,Julio,Bien,La ubicación,La segunda habitación la cama es muy pequeña y el sofá cama es malo y ruidoso
Vitoria,Escrito en 8 de diciembre de 2023,Sin puntuación,M,Fantástico,Ubicación,"Sin recepción física. 
Falta de tv en habitación."
Vitoria,Escrito en 7 de diciembre de 2023,Sin puntuación,Mar2728,"“Muy recomendable, todo genial.”","Buena zona. Todo nuevo. Muy amables. Lavadora con secadora (Vitoria es una ciudad muy húmeda, la secadora viene genial). Admite mascotas. Todo perfecto. Muy recomendable",No hubo nada que no me gustara.
Vitoria,Escrito en 7 de diciembre de 2023,Sin puntuación,Cristina,“Bien pero problemas con el agua caliente”,"El alojamiento es como en las fotos, muy nuevo y limpio.","Hubo problemas con el agua caliente sábado y domingo. Habíamos alargado la hora del check out hasta las 14h pero no nos pudimos duchar. Llamamos y no lo solucionaron, tampoco nos descontaron lo que habíamos pagado de más siendo que los servicios del apartamento no iban bien."
Vitoria,Escrito en 16 de octubre de 2023,Sin puntuación,Amaia,“Aparthotel nuevo y céntrico pero tranquilo”,"La ubicación muy buena, muy cerquita de todo. El aparthotel es muy silencioso, se duerme tranquilamente.Alrededor había bares y sitios para desayunar. Tiene parking privado de fácil acceso.","Para el que no esté acostumbrado con las tecnologías, resulta un poco lioso hacer los check, pero luego hay un numero de teléfono donde atienden muy amablemente cualquier duda, y ayudan a resolverla."
Vitoria,Escrito en 16 de octubre de 2023,Sin puntuación,Anna,“Muy bien todo menos el sofá cama.”,"EL menaje apartamento era todo nuevo, muy bien electrodomésticos, el baño . todo nuevoLa ubicación muy bien, hay un supermercado al lado, bares, restaurantes y panaderías. La cama muy cómoda",EL sofá cama muy ruidoso y poco cómodo.  Lo único malo del apartamento
Vitoria,Escrito en 15 de octubre de 2023,Sin puntuación,Nuria,Excepcional,"Las instalaciones buenísimas: camada muy cómoda, baño completo y cocina con todo detalle. Muy cerca del centro para poder ir andando a todas partes.","Todo demasiado automatizado, al principio me falló el parking y menos mal que vino alguien que también tenía que entrar al parking porque la ayuda por parte del hotel no llegaba."
Vitoria,Escrito en 14 de octubre de 2023,Sin puntuación,Desiree,Excepcional,La decoración y la limpieza,"Creo que siendo todo tan tecnológico, debería haber una toma de contacto con el cliente vía tlf para ver si tiene alguna duda de cómo acceder al apartamento, parking o check out"
Vitoria,Escrito en 14 de octubre de 2023,Sin puntuación,Gabriel,“Bien”,Amplio,Sofa cama
Vitoria,Escrito en 12 de octubre de 2023,Sin puntuación,Jose,"“Muy buena experiencia  , para repetir”",Todo en general,"Que no tenia recepción , solo coincidimos con una persona en la recepción que estaba un par de horas . Y que el desayuno estaba fuera de las instalaciones ."
Vitoria,Escrito en 11 de octubre de 2023,Sin puntuación,Ana,Fantástico,"Amplitud maravillosa, todo al detalle, precioso, comodo, me ha encantado 😍",
Vitoria,Escrito en 11 de octubre de 2023,Sin puntuación,Andy,Fantástico,EXCELENTE,
Vitoria,Escrito en 10 de octubre de 2023,Sin puntuación,Almudena,“No hay recepción y resulta muy incómodo.”,Apartamento amplio y con todas las comodidades. Buena ubicación.,La falta de recepción y no poder contactar con nadie en persona. Tampoco el check out tan temprano. Difícil abrir el sofá cama.
Vitoria,Escrito en 10 de octubre de 2023,Sin puntuación,Montserrat,Excepcional,La ubicación y la facilidad de acceder,El sofá cama un poco incómodo y con algo de movilidad. Pero cálidad precio super bien
Vitoria,Escrito en 10 de octubre de 2023,Sin puntuación,Andrea,“Muy bueno y bien ubicado.”,La habitación estaba super nueva y muy limpio.,Nada
Vitoria,Escrito en 9 de octubre de 2023,Sin puntuación,Paula,Muy bien,Localizacion-limpieza- organizacion,"El sofa cama era un poco incomodo
Nos toco un apartamento que daba a un patio interior y no pudimos abrir las ventanas"
Vitoria,Escrito en 9 de octubre de 2023,Sin puntuación,Maria,Fantástico,"La tranquilidad
La limpieza
Ubicación",Era más pequeño de lo que parecía en las fotos
Vitoria,Escrito en 9 de octubre de 2023,Sin puntuación,Eva,“Estancia en Vitoria”,"El apartamento está nuevo, muy bien equipado y céntrico.","No te dejan entran hasta las 15 h y a pesar de solicitar entrada temprana que había que pagar, no me lo solucionaron. Tampoco tiene sitio para guardar las maletas"
Vitoria,Escrito en 8 de octubre de 2023,Sin puntuación,Maria,"“Buen apartamento, céntrico, con detalles a mejorar”","La ubicación, las instalaciones, la comodidad de la cama.","El Chromecast del televisor no funcionaba correctamente (se cortaba la trasmisión todo el rato). El baño era para minusválidos, lo que resultó incómodo porque cada vez que nos duchábamos se quedaba todo mojado. Tambien nos hubiese gustado que nos indicaran antes la planta del apartamento (nos tocó en la 6)."
Vitoria,Escrito en 7 de octubre de 2023,Sin puntuación,Maria,Fantástico,La ubicación,Nada
Vitoria,Escrito en 7 de octubre de 2023,Sin puntuación,Janire,“Excelente apartamento en el centro de Gasteiz”,La seguridad y facilidad para hacer el check in y check out. La limpieza y buen estado de las instalaciones.,"Check out a las 11:00 horas, demasiado rápido."
Vitoria,Escrito en 7 de octubre de 2023,Sin puntuación,Maria,Excepcional,Muy equipado,
Vitoria,Escrito en 6 de octubre de 2023,Sin puntuación,Sara,“genial”,"en general muy bien, muy espacioso y cómodo",se escuchaba mucho a los de las habitaciones cercanas
Vitoria,Escrito en 4 de octubre de 2023,Sin puntuación,Oscar,Fantástico,La amplitud y servicios del hotel. La ubicación. La relación calidad/precio. La ciudad (Vitoria) muy verde.,
Vitoria,Escrito en 4 de octubre de 2023,Sin puntuación,Esther,Muy bien,La comodidad y ubicación del apartamento.,No funcionaba el aire acondicionado y uno de los días hizo mucho calor.
Vitoria,Escrito en 4 de octubre de 2023,Sin puntuación,Alberto,Muy bien,Las instalaciones,El sofá cama no era cómodo
Vitoria,Escrito en 3 de octubre de 2023,Sin puntuación,Maria,Bien,,No tener recepción y no estar claro la forma de entrar a los apartamentos. Perdiendo tiempo en conseguirlo.
Vitoria,Escrito en 3 de octubre de 2023,Sin puntuación,Amalia,“Buena experiencia”,Bien equipado con menaje de cocina y muy limpio,El sofá cama era incómodo
Vitoria,Escrito en 2 de octubre de 2023,Sin puntuación,Javier,Fantástico,"Ubicación, limpieza","No nos termino de encajar el tema de los accesos mediante llave digital y código, ya que a veces no funcinaba"
Vitoria,Escrito en 1 de septiembre de 2023,Sin puntuación,Ana,"“Moderno sistema, todo excelente”","La experiencia ha sido muy positiva, lo único que tú te tienes que hacer todo el trámite al ser on line el checking, asi como los extras que desees, pero vamos todas las preguntas que hice se respondieron rápido. Excelente limpieza.",Para gente mayor pueden sentirse un poco desamparados al no haber ninguna persona física.
Vitoria,Escrito en 1 de septiembre de 2023,Sin puntuación,Alicia,Fantástico,"Apartamento nuevo y limpio, con una situación muy cercana al centro, y facilidad de aparcamiento. Además el kit de limpieza nos resultó comodísimo, todo un detalle.","El sofá-cama, nos costó un poco abrirlo y no era excesivamente cómodo"
Vitoria,Escrito en 1 de septiembre de 2023,Sin puntuación,Sonia,Fantástico,Limpio y comodo,No hay aparcamiento gratuito
Vitoria,Escrito en 31 de agosto de 2023,Sin puntuación,Marisa,"“Volvería a repetir la elección de hotel, muy bien ubicado, limpio, y bien de precio”","Relación calidad precio,la ubicación",El sofá cama puede mejorar
Vitoria,Escrito en 31 de agosto de 2023,Sin puntuación,Andrea,Muy bien,La ubicación y las instalaciones,Algo más de almacenaje
Vitoria,Escrito en 31 de agosto de 2023,Sin puntuación,Meritxell,“Estancia agradable”,"Me encantó el baño y las camas, muy comodas. Muchos enchufes.",Por decir algo. Habia algún enchufe que estaba salido. Nada importante.
Vitoria,Escrito en 31 de agosto de 2023,Sin puntuación,Silvia,Excepcional,"Ubicación, limpieza del apartamento , que admitan mascotas y las acojan como uno más con su camita y comedero/bebedero",Que no hubiera una persona presencial en recepción
Vitoria,Escrito en 31 de agosto de 2023,Sin puntuación,Juan,“Noche en tránsito.”,"La habitación es espectacular, amplia y dotada con todo (lavavajillas, cocina, frigo y congelador...).
La ubicación no puede ser mejor. Alrededores con bares, pizzerías, supermercados y la catedral.","Excesiva digitalización para mi gusto. Aunque todo fue bien, escanear DNIs en una aplicaciòn no es lo mejor en un mundo con tanto ciberataque.
Es cierto que ofrece opción a que a la llegada haya un empleado."
Vitoria,Escrito en 30 de agosto de 2023,Sin puntuación,Ana,“Apartamento cómodo y bien equipado”,"Cómodo, céntrico, bien equipado y moderno.",El parking es pequeño para furgoneta
Vitoria,Escrito en 30 de agosto de 2023,Sin puntuación,Marta,Bien,"Buena relación calidad-precio. Céntrico. Da a una avenida grande y pasan bastantes coches, si es verano por la noche mejor ventana cerrada (hay aire acondicionado si se quiere).","El sofá-cama, el colchón era ridículo, muy incómodo. Las camas bien."
Vitoria,Escrito en 30 de agosto de 2023,Sin puntuación,Inma,"“En general, bien”","Está súper bien ubicado, limpio y moderno. Tuvimos un percance con la cama y tanto la recepcionista como el chico que subió nos atendieron genial.",El sofá cama es horriblemente incómodo y es bastante difícil de montar. Deberían poner unas instrucciones.
Vitoria,Escrito en 29 de agosto de 2023,Sin puntuación,Josep,Muy bien,,2 ascensores para un  edificio de 9 plantas y un poco lentos
Vitoria,Escrito en 29 de agosto de 2023,Sin puntuación,Ascensión,“Apartamento acogedor y cómodo”,Nos gustó mucho la ubicación. Está a un paseo del centro. El apartamento es muy acogedor y cómodo. Lástima que sólo estuviésemos una noche.,Me cuesta un poco hacerme a la tecnología... Me resulta más cómodo que haya recepcionista presencial.
Vitoria,Escrito en 28 de agosto de 2023,Sin puntuación,Inmaculada,"“Fantástica ubicación, precioso diseño interior, confortable, práctico...”","El diseño del interior, las instalaciones, la limpieza...",Nada.
Vitoria,Escrito en 28 de agosto de 2023,Sin puntuación,Raul,Muy bien,La cama de matrimonio era muy cómoda. Estaba limpio,"La taza del inodoro estaba un poco desajustada.
El sofá cama era un poco incómodo"
Vitoria,Escrito en 27 de agosto de 2023,Sin puntuación,Eliyah,“Vitoria”,Todo excelente organización.  Muy pulcro y ordenado.  La tecnología se impone y al principio un poco perdida pero vas comprendiendo y siempre hay alguien en el tlf que te orienta en todo.,Todo ha estado muy bien . Ubicación Excelente! Pulcritud
Vitoria,Escrito en 27 de agosto de 2023,Sin puntuación,Judit,"“Apartamento limpio, cómodo y con muy buena ubicación.”","Buena ubicación y alojamiento limpio y cómodo.
La alfombrilla con comedero y bebedero para perros.",Reservamos cama doble y nos dieron apartamento con dos camas individuales juntas.
Vitoria,Escrito en 27 de agosto de 2023,Sin puntuación,Rosinag,“Buena ubicación y modernos”,"Apartamentos totalmente automatizados, sin recepción, entras con código. Son modernos y están muy limpios. En concreto nuestro estudio era un poco pequeño porque viajábamos con perro grande y se nos quedó justo, pero para los pocos días que estuvimos, bien. Baño amplio y cocina con todo el menaje. Ubicación muy buena en una avenida tranquila pero a escasos 7min andando del centro.","Nos faltó que hubiera algo básico para cocinar como aceite,  lavavajillas o incluso cápsulas de café ya que había cafetera. Si para dos días tengo que comprarlo todo no resulta cómodo ni práctico."
Vitoria,Escrito en 27 de agosto de 2023,Sin puntuación,Natalia,“Recomendable para pasar unos dias.”,Me ha gustado la disposición del apartamento y el buen gusto con el que esta decorado.,"El sofa cama del comedor no es muy comodo ni confortable como cama, si que lo es como sofà."
Vitoria,Escrito en 27 de agosto de 2023,Sin puntuación,Rolán,Excepcional,La ubicación y la amplitud de la estancia. Además de ser virtual atendieron rápidamente cada vez que lo necesitamos.,"El colchón de la habitación era de muelles,algo quizás anticuado y por debajo de la calidad del apartamento."
Vitoria,Escrito en 26 de agosto de 2023,Sin puntuación,Nadia,"“Muy bien ubicado y todo limpio y nuevo, pero el servicio  limpieza sólo a partir de días de estancia”",Ubicación y es un apartamento muy práctico.,No es un apartahotel. El servicio de limpieza es a partir de una semana de estancia.
Vitoria,Escrito en 26 de agosto de 2023,Sin puntuación,Ester,Excepcional,Limpieza,Faltaban productos de limpieza como jabón platos lavadora
Vitoria,Escrito en 26 de agosto de 2023,Sin puntuación,Maria,“Precioso y bien ubicado”,"Diseño, espacio, ubicación",El precio
Vitoria,Escrito en 26 de agosto de 2023,Sin puntuación,Joan,"“Hemos estado muy bien, para repetir!”","El apartamento se ve nuevo y en muy buenas condiciones. Bastante amplio para cuatro personas (dos adultos y dos niños).
Todo muy limpio y camas muy confortables.
Baño muy amplio y cocina completa y moderna.
A 5 minutos del centro histórico.",No hay parquing gratuito.
Vitoria,Escrito en 26 de agosto de 2023,Sin puntuación,Jose,“Un nuevo nivel. Perfecto”,"Estaba impecable! Limpísimo, moderno, muy buen decorado, completamente equipado incluso con secadora, dejaban hasta kit de limpieza, el parking muy amplio y cómodo. 
La ubicación, excelente en todos los aspectos",
Vitoria,Escrito en 9 de agosto de 2023,Sin puntuación,Jaime,Fantástico,Estaba todo bien,
Vitoria,Escrito en 9 de agosto de 2023,Sin puntuación,Jose,Excepcional,,la ducha
Vitoria,Escrito en 9 de agosto de 2023,Sin puntuación,María,Muy bien,,Almohadas muy altas para el sofá cama y no había opción de cambiarlas
Vitoria,Escrito en 9 de agosto de 2023,Sin puntuación,Andrea,Excepcional,,"No tenia terraza, ni para tender la ropa."
Vitoria,Escrito en 9 de agosto de 2023,Sin puntuación,Noistika,“Noistika”,"Que acepta mascotas y está al detalle ,gracias por la bienvenida así nadie se quiere marchar de allí.Acogedor, bien la distribución ,el detalle de tener de todo un poco ,que no falte nada.",Es complicado quedarse o no sé yo como hacerlo .Me gustaría que me explique alguien como hacer porque está complicado...
Vitoria,Escrito en 8 de agosto de 2023,Sin puntuación,Isabel,Muy bien,Ubicación perfecta cerca del centro,No dispone de consigna para equipajes
Vitoria,Escrito en 8 de agosto de 2023,Sin puntuación,Ylenia,“Si volviera a vitoria seguramente seria muy buena opciok para repetir”,"Esta muy bien localizado, hay zona de aparcamiento gratuito por los alrededores. Es muy nuevo, esta muy bien equipado y las camas son muy comodas.","Lo unico que almenos en el que estuve yo la costernq iba muy dura, tenias que hacer mucha fuerza para tirar de ella"
Vitoria,Escrito en 7 de agosto de 2023,Sin puntuación,Maria,Excepcional,La situación y la cama,El holor a humedad del baño
Vitoria,Escrito en 7 de agosto de 2023,Sin puntuación,Esperanza,“En el centro de Vitoria”,"La ubicación, la comodidad de las camas y la limpieza",Me pareció muy práctico.No encontramos ninguna cosa mejorable
Vitoria,Escrito en 7 de agosto de 2023,Sin puntuación,Cristina,Bien,Que tengan un kit de bienvenida con el pago de la tarifa de mascota. Hay una máquina con cosas que puedes necesitar en la recepción pero hay supermercado  cerca. La ubicación es muy buena,Qué las fotos confunden y parece que haces una reserva con habitación con terraza y luego no es así y la habitación no tenía ninguna vista. No me gusta que no haya recepción es muy impersonal.  Cuando hice la reserva no ponía que había que pagar por la mascota
Vitoria,Escrito en 7 de agosto de 2023,Sin puntuación,Maria,“Buena”,Apartamento muy cuidado,"Que no haya nadie en recepción, tendría q haber alguien al menos de 3 a 5. Aunque nosotros no tuvimos problema para entrar"
Vitoria,Escrito en 6 de agosto de 2023,Sin puntuación,Raúl,Fantástico,"Ubicación excepcional, edificio moderno y apartamento limpio y equipado",Espacio un poco justo para 4 adultos y cama del sofá cama un poco incómoda
Vitoria,Escrito en 6 de agosto de 2023,Sin puntuación,Marta,“Cómodo y céntrico”,"El apartamento está muy bien ubicado, zona bastante céntrica. Está limpio y bien decorado. Tiene el menaje necesario y en muy buen estado. Las camas son cómodas.","La ducha no funcionaba correctamente. Muy difícil regular la temperatura y la presión. A parte tenía una zona rota, y salpicaba de manera continua al techo y al suelo."
Vitoria,Escrito en 6 de agosto de 2023,Sin puntuación,Manuel,“Céntrico y cómodo para visitar Vitoria-Gasteiz”,"La ubicación es muy céntrica, ideal para moverse por la ciudad. Buena zona para comer. Las habitaciones amplias.","El desayuno es un pack que dejan en el apartamento. Contiene un batiburrillo de cosas, algunas con poco sentido: colines que no se pueden acompañar con nada; mermelada sin mantequilla para el bollo; cápsula de café y leche, sin otra alternativa de bebida caliente. No creo que se pueda considerar que tiene el desayuno incluido. Es solo para resolver un apuro."
Vitoria,Escrito en 6 de agosto de 2023,Sin puntuación,Laura,“Relación calidad -precio un poco caro”,"Que está todo muy limpio. Hay lavadora -secadora, cafetera de cápsulas y es muy amplio.","Que no haya nadie en recepción y tengas que llamar a un número en el que te sale primero un contestador y al cabo de unos minutos te ponen con una centralita a la que le expones lo q te pasa/falta/dudas etc. Éramos tres y nos pusieron un juego de toallas y hasta que nos subieron los otros dos juegos tardaron muchisimo, tanto q decidimos salir a ver Vitoria sin ducharnos dos. Pero lo entiendo, pq la única chica q había, tenía una lista de quehaceres interminable. 
Poca comunicación con la centralita y el complejo:
Ejemplos: 
1-hicimos late check out y a las 11:04 ya vinieron a hacer la habitación y en esta situacion la trabajadora se tuvo q creer q aún no salíamos, pero a ella no la habían avisado.
2-  ídem al salir del parquing. No pudimos abrir la puerta pq no constaba q habíamos hecho late check out. Con lo cual, tienes q llamar al contestador y cruzar los dedos para q te lo cojan pronto...
El desayuno no vale la pena. Si te entra en la tarifa, perfecto pero si no, es mejor no añadirlo."
Vitoria,Escrito en 5 de agosto de 2023,Sin puntuación,Roser,“Estupendo y acogedor”,"El apartamento era muy chulo! Muy acogedor, y bien equipado. Estuvimos muy cómodos!","El edredón que se ponía en el sofá cama estaba algo sucio y un poco roto, pero como tampoco hacía mucho frío no hizo falta ponerlo... lo demás todo bien!"
Vitoria,Escrito en 5 de agosto de 2023,Sin puntuación,Constanza,“Recomendable”,Instalaciones geniales. Tiene amplia terraza. Muy práctico hacer check-in/out online. Información detallada por mail. Se llega en 10-15’ caminando tranquilamente al centro histórico. Ideal para familias.,
Vitoria,Escrito en 5 de agosto de 2023,Sin puntuación,Luis,“Bien ubicado y fácil de aparcar gratis y cerca”,Buena ubicación y apartamento cómodo,Sólo hay camas para 3 personas en un apartamento para 4
Vitoria,Escrito en 5 de agosto de 2023,Sin puntuación,Beatriz,“Estupendo para ir en familia”,Espacioso y con buen menaje para la cocina,
Vitoria,Escrito en 4 de agosto de 2023,Sin puntuación,Xian,“Excelente”,"Buena ubicación, andando se llega al centro y encontrarás bares y tiendas, y el precio asequible, es un hotel que no tiene recepción, todo está controlado por códigos, las puertas se abren con códigos, pero cualquier duda o necesidad les puedes escribir o llamar y te lo solucionan, tuvimos un inconveniente con el lavabo del baño, mi marido lo soluciono pero les avisé del problema y enseguida me hicieron un descuento por la inconveniencia, fueron muy responsable y eso se valora, el piso muy bien, estábamos en el piso 8, y no se oía ruidos... tenías todo lo necesario, gel de ducha, toallas, neceser de cocina.. Tostadora, cafetera, lavavajillas, lavadora. Había parking público cerca, si tienes suerte pillaras uno... ofrecen parking y desayunos de pago, hay un supermercado abajo del edificio.",Nada
Vitoria,Escrito en 4 de agosto de 2023,Sin puntuación,Mjuncia,“Buena ubicación para visitar el centro”,"La ubicación, pues está al lado del casco histórico para poder visitarlo sin tener que desplazarse. Pudimos aparcar por la zona sin problemas. Hicimos uso de la recepción online porque nos faltaban dos almohadas y nos atendieron muy rápido. El checking y checkout fueron muy sencillos de hacer. El apartamento está muy bien equipado.","El apartamento olía mucho a tabaco, imaginamos que porque había sido ocupado previamente por fumadores y las cortinas y el sofá estaban impregnados del olor. Quizás sería bueno distinguir entre fumadores y no fumadores a la hora de seleccionar el apartamento. Le hace falta un repaso de pintura a las paredes. Había muebles en la cocina y el salón que tenían manchas de manos, seria bueno repasar la limpieza en ese sentido."
Vitoria,Escrito en 3 de agosto de 2023,Sin puntuación,María,“Magnífico”,"Todo: bonito, buena ubicación, cómodo…",Nada. Todo bien
Vitoria,Escrito en 2 de agosto de 2023,Sin puntuación,Maria,"“Todo tipo de detalles,  muy limpio y muy bien comunicado”","El apartamento estaba genial,  todo tipo de detalles,  todo muy limpio y encima aparcamos el coche en la misma puerta del hotel y no tuvimos que cogerlo durante la estancia.",Nada
Vitoria,Escrito en 2 de agosto de 2023,Sin puntuación,Nuria,Excepcional,"Muy espacioso. La cocina muy bien equipada. Muy limpio. Cerca del centro.
Aparcamos sin problemas en los alrededores.
Todo online, fácil y cómodo.",
Vitoria,Escrito en 2 de agosto de 2023,Sin puntuación,Zulia,“Muy bueno!!”,Todo.,
Vitoria,Escrito en 3 de julio de 2023,Sin puntuación,Silvia,“Excelente experiencia”,Buena ubicación. Limpio. Completo. Muy práctico y moderno. Aire acondicionado. Con todo tipo de utensilios  y Enseres.,"El sofá cama muy incómodo. Se vencía.El personal de soporte tuve que contactar una vez y bastante regular"
Vitoria,Escrito en 3 de julio de 2023,Sin puntuación,Lacalle,Muy bien,,"Aún haciendo todo lo posible para un checkout de 3 horas más,no nos lo permitió la aplicación y el aviso fue 15 min antes de la salida"
Vitoria,Escrito en 3 de julio de 2023,Sin puntuación,Jose,“para repetir”,muy completo,Olor a tabaco y el difusor de la ducha no funcionaba
Vitoria,Escrito en 3 de julio de 2023,Sin puntuación,Maria,"“Estuvimos bien, por eso se echan de menos unos pocos dedales que lo harían perfecto.”","Solo le faltan detalles. Algunos hay que valorarlos bien según el caso. 
Valoro la limpieza y lo nuevo que está.
El apartamento está muy bien en general.
Pedí una fregona para mantener la limpieza y me la dejaron.","Sofá cama incómodo, mis hijos durmieron más o menos pero dos adultos lo dudo, lavabo traga mal, no hay reposición de toallas (estuve cuatro días), no hay tostador."
Vitoria,Escrito en 1 de julio de 2023,Sin puntuación,Luis,Excepcional,La ubicación y comodidad,Todo estuvo bien
Vitoria,Escrito en 30 de junio de 2023,Sin puntuación,Raúl,Bien,Si,"Sin personal al que dirigirte y se complica si no has ido antes a un apartamento con códigos pin.
El desayuno que te ponen no merece el precio."
Vitoria,Escrito en 28 de junio de 2023,Sin puntuación,Julio,Bien,"La ubicación, cerca del centro, supermercados bares y restaurantes","Estaba sucio el baño y los pisos, no hay personal. Es más un apartamento que un Hotel, uno tiene q sacar su basura y hacer limpieza en la habitación"
Vitoria,Escrito en 28 de junio de 2023,Sin puntuación,María,Fantástico,"La ubicación es excelente, a un paso del centro histórico pero sin estar en medio del bullicio, lo que permite un buen  descanso. El apartamento en conjunto resulta muy agradable,   la cocina está muy bien equipada.  El parking en el mismo edificio es muy cómodo.",Los edredones tenían manchas que hacian pensar que no estaban limpios. Me puse en contacto via e-mail con la recepción on line (eran las 23:00 +/-) y en 10/15' trajeron a la habitación las sábanas que pedí.
Vitoria,Escrito en 28 de junio de 2023,Sin puntuación,Bárbara,Fantástico,Muy confortable,
Vitoria,Escrito en 27 de junio de 2023,Sin puntuación,Guadalupe,Muy bien,la ubicación y la amplitud y confort del apartamento,"los códigos de las puertas no funcionaban siempre. Me parece un poco complicado el hacerlo todo online.el sofá cama estaba un poco estropeado"
Vitoria,Escrito en 27 de junio de 2023,Sin puntuación,Maria,Excepcional,Esta muy bien situado y es tranquilo y cómodo.,
Vitoria,Escrito en 25 de junio de 2023,Sin puntuación,Mireia,Muy bien,Su ubicación,"El sofá cama no era nada cómodo,estaba abombado completamente y era imposible dormir en él"
Vitoria,Escrito en 25 de junio de 2023,Sin puntuación,José,"“Buen hotel, y bien situado”","Tenía mis dudas por lo del carácter online de todo, tanto el check in como el checkout, como la contratación de extras, todo a través de la app. Pero todo está muy bien organizado y cuando lo necesite por un problema, me atendieron estupendamente en el teléfono indicado en la APP. Todo limpio, bien dotado el apartamento y la ubicación excelente.",Nada. Todo bien
Vitoria,Escrito en 22 de junio de 2023,Sin puntuación,Julitog3,“Bonito apartamento”,"La ubicación, cerca del centro.
Era bonito, cómodo y limpio","No tenía horno a pesar de que en algunas fotos si que venía.
Tampoco tenía tostador de pan.
No tenía ningún rollo de papel de cocina o servilletas en su defecto"
Vitoria,Escrito en 22 de junio de 2023,Sin puntuación,Leire,“Como en casa”,Todo muy limpio y practico.,
Vitoria,Escrito en 21 de junio de 2023,Sin puntuación,Jessica,Excepcional,"La ubicación es excelente, muy cerca del centro de la ciudad","Nada, todo excelente"
Vitoria,Escrito en 18 de junio de 2023,Sin puntuación,Marta,Muy bien,"Muy bien ubicado, amplio y limpio.","El sofá cama no se desplegaba bien del todo y no era muy cómodo. El horario de salida cada vez más temprano, a las 11 fuera (salvo que pagues más claro)."
Vitoria,Escrito en 17 de junio de 2023,Sin puntuación,Sergio,“Buna estancia pero con algún pero”,La localización y la limpieza,"Se oía mucho el ruido del pasillo aunque no impedía dormir. También he echado en falta algo de complementos alimenticios, por ejemplo, algo de azúcar, café y aceite"
Vitoria,Escrito en 17 de junio de 2023,Sin puntuación,Natpao,“Práctico y céntrico”,"La ubicación es excelente para movilizarse andando por la ciudad, cerca de comercio y restauración.El edificio y departamento nuevo y limpio.Muy bien equipado,con todo lo necesario.Dos baños exactos amplios y cómodos.Las camas eran muy confortables.","El sofá cama era súper incómodo para dormir y no tenia almohadas para él,hubiese sido mejor poner una cama nido en la habitación individual o un sofá más confortable.
La llave digital no iba bien,costaba mucho que abriera la puerta..Hemos tenido que utilizar los códigos porque solo funcionaba en un móvil."
Vitoria,Escrito en 16 de junio de 2023,Sin puntuación,Christophe,Fantástico,bastante acogedor,
Vitoria,Escrito en 15 de junio de 2023,Sin puntuación,Soledad,“Íbamos un poco a la expectativa por el hecho de no haber personal por la noche pero todo fue muy bie”,,"por dejar un comentario, el tema de las máquinas expendedoras, debería de haber más variedad, llegamos tarde y ya no había nada abierto."
Vitoria,Escrito en 14 de junio de 2023,Sin puntuación,C,“Un apartamento confortable.”,"El apartamento es céntrico. Es cómodo y con todo lo necesario en cuanto a utensilios de cocina y accesorios básicos. Completo en cuanto a electrodomésticos.
Tuvimos un problema con la tv el primer día y nos cambiaron de habitación.
El personal a través del tlf funciona bien y rápido.
No habíamos estado en un apartamento de este tipo con el checking online, pero nos resultó sencillo.
Nos gustó mucho el apartamento y estuvimos 4 días en Vitoria muy bien.
Recomendable calidad/precio.",
Vitoria,Escrito en 14 de junio de 2023,Sin puntuación,Miguel,Bien,Ubicacion y precio,Demasiada tecnologia
Vitoria,Escrito en 12 de junio de 2023,Sin puntuación,Rosa,Fantástico,ubicación y comodidad,el enchufe que hay en la zona de la cocina està mal situado
Vitoria,Escrito en 12 de junio de 2023,Sin puntuación,Josefa,Excepcional,La ubicación y la habitación excelente.,El cierre de seguridad de las ventanas.
Vitoria,Escrito en 9 de mayo de 2023,Sin puntuación,John,Excepcional,La ubicación y lo completo que es,
Vitoria,Escrito en 9 de mayo de 2023,Sin puntuación,Samanta,Fantástico,"Bonito, moderno, limpio, amplio, todos los servicios",La ducha no tenia mampara y acabó todo el baño como una piscina.
Vitoria,Escrito en 9 de mayo de 2023,Sin puntuación,Rasmi,Bien,El personal por teléfono la verdad muy amable atento más que estuve hablando con Daniel súper amable y el apartamento muy limpio,Era muy difícil de activar la llave y lo más importante que el baño de la habitación matrimonial estaba atascado como la bañera como el lavaba no nos podíamos utilizarlo
Vitoria,Escrito en 8 de mayo de 2023,Sin puntuación,Nagore,Excepcional,La ubicación y todas las prestaciones que tiene. Muy buena calidad - precio. Además se podía aparcar en las inmediaciones sin pagar.,Nos gustó todo
Vitoria,Escrito en 7 de mayo de 2023,Sin puntuación,Sonia,“Para repetir”,"Nos gustó todo del Apartahotel, muy amplio, todo lo necesario para cocinar, el baño estaba súper bien y grande, y todo muy limpio. Está situado perfectamente tanto para llegar del aeropuerto con el autobús como para ir a ver Vitoria. La chica que nos atendió fue un encantó y nos ayudó con todo! Recomiendo sí o sí.",
Vitoria,Escrito en 5 de mayo de 2023,Sin puntuación,Gloria,Fantástico,"Limpio, completo, cómodo y funcional",El tema digital es mucho para mí 😛. Pero si llamas por teléfono te resuelven enseguida. Eso está muy bien
Vitoria,Escrito en 5 de mayo de 2023,Sin puntuación,Belén,Excepcional,Ubicación,Sofá cama
Vitoria,Escrito en 5 de mayo de 2023,Sin puntuación,Laura,“100% recomendable”,"Tuve un problema con el apartamento y me lo solucionaron super rápido.Està muy bien ubicado sin estar en pleno centro, con lo que se puede aparcar gratis en la calle con facilidad.",Todo genial
Vitoria,Escrito en 4 de mayo de 2023,Sin puntuación,Leire,“muy guay”,ubicación,las vistas
Vitoria,Escrito en 4 de mayo de 2023,Sin puntuación,Olga,Muy bien,"Apartamento espacioso y muy cerca del centro, con utensilios de cocina y baño muy grande",El sofá cama no es muy cómodo
Vitoria,Escrito en 4 de mayo de 2023,Sin puntuación,Francisco,“APARTHOTEL CÓMODO Y ESPACIOSO”,El apartamento fue muy cómodo y la atención telefónica muy efeciente,Que no hubiera nadie en recepción y todo fuera online
Vitoria,Escrito en 3 de mayo de 2023,Sin puntuación,Cristina,“Muy bien”,"Ubicación, facilidad de parking en las inmediaciones y la facilidad del check in.La habitacion esta totalmente equipada para un par de dias en la ciudad.",Las vistas desde la ventana daban a un patio trasero.
Vitoria,Escrito en 3 de mayo de 2023,Sin puntuación,Silvia,"“Todo lo que necesitabamos para disfrutar de la ciudad, ubicacion y comodidad”",ubicacion,lo de entran con codigos me causo cierto nerviosismo porque no llegabamos a recibir el mail con el numero de apartamento. Hubiera preferido poder ser atendido personalmente por alguien
Vitoria,Escrito en 2 de mayo de 2023,Sin puntuación,Saray,Excepcional,todo,"poco menaje, teniendo en cuenta q hay lavavajillas…"
Vitoria,Escrito en 2 de mayo de 2023,Sin puntuación,Lorena,“Bonito hotel muy centrico”,"La ubicación genial, a 6 min caminando del casco viejo. En plena calle principal de Vitoria. Apartahotel muy limpio, cómodo y nuevo. En la cocina variedad de utensilios, lavavajillas, lavadora… En el baño hay secador. 
El chek in es sencillo y en el momento que consigues el codigo de la llave es sencillo acceder.","Hay parking, pero son 14€/dia. Nosotras hemos aparcado en los alrededores, hay bastante “zona blanca”.
El desayuno que ofrecen podría ser mucho mejor y completo.
Éramos 3 personas y solamente teniamos 2 toallas, no hay personal en el hotel, es todo por internet, he intentado ponerme en contacto para solucionar el problema, pero hablar con un robot es un poco difícil…😵‍💫"
Vitoria,Escrito en 30 de abril de 2023,Sin puntuación,Ana,"“Nos gustó, pero a mejorar el mantenimiento.”",La habitación cómoda y amplia.,"El mantenimiento de la habitación, las cortinas estaban rotas y no se podían cerrar para tener intimidad, la cisterna del baño no tenía suficiente potencia y la escobilla se rompía."
Vitoria,Escrito en 25 de abril de 2023,Sin puntuación,Zurineka,Excepcional,La ubicación y la limpieza.,"Tener q hacer todo on line y la incertidumbre de claves y horarios. 
Pero todo salió perfecto para la primera vez q reservábamos con este sistema y no ser expertos en las nuevas formas de hotel sin personal."
Vitoria,Escrito en 19 de abril de 2023,Sin puntuación,María,“Excelente”,Buena porque para nuestros asuntos de maravilla,
Vitoria,Escrito en 19 de abril de 2023,Sin puntuación,Baltasar,Muy bien,Las instalaciones,El check-in on line es el peor que he visto. No llega a escanear el DNI por lo que hay que cumplimentar todos los datos de los viajeros en el hall. Cuando reservas te cargan 1 euro que no te devuelven y que no figura en el precio de la habitación
Vitoria,Escrito en 18 de abril de 2023,Sin puntuación,Raquel,Bien,Ubicación y sentir que había lo necesario,El horario. Quizas la salida mejor a las 12:00. Y el horario del parking que se pueda usar más tiempo
Vitoria,Escrito en 18 de abril de 2023,Sin puntuación,Japaspe,Bien,,Todo por internet. Muy impersonal. No puedes hablar con nadie si tienes problemas
Vitoria,Escrito en 18 de abril de 2023,Sin puntuación,Jaime,“Perfecto”,"Apartahotel impecable en todos los aspectos, limpieza, modernidad, servicios. Una maravilla de alojamiento",
Vitoria,Escrito en 17 de abril de 2023,Sin puntuación,Itsaso,Bien,"Ubicación perfecta. Ático con terraza espacioso luminoso y cómodo. La limpieza correcta aunque se podría mejorar. 
Ningún problema de acceso.
Todo correcto.","Quizá la limpieza de zonas comunes. Aún así, nada grave."
Vitoria,Escrito en 17 de abril de 2023,Sin puntuación,Soledad,Excepcional,Son apartamentos grandes limpios y muy silenciosos.,
Vitoria,Escrito en 17 de abril de 2023,Sin puntuación,Alberto,“Buen alojamiento céntrico en Vitoria”,"La ubicación es muy buena, cerca del casco histórico. Buena insonorización de las habitaciones.","El colchón del sofá cama, es muy mejorable."
Vitoria,Escrito en 28 de marzo de 2023,Sin puntuación,Ma(h)ou,Muy bien,"Ubicación y comodidad. El apartamento, muy completo.","Que no haya personal. No tuvimos ningún problema importante, ""la llave"" abría la puerta de la calle pero no la de la habitación, nada que no pudiéramos arreglar con el código que proporcionaban, pero que no haya nadie en recepción, sobre todo, no nos terminó de gustar. Cualquiera aprovechaba para entrar cuando abrías el portal, no sabías si eran miembros del ""personal invisible"", otros huéspedes o quién."
Vitoria,Escrito en 28 de marzo de 2023,Sin puntuación,Ana,“Precio calidad un 10”,"El apartamento es perfecto. Muy amplio, la cocina muy completa, el salón y la habitación enormes. El baño muy amplio, hemos podido descansar perfectamente. Un supermercado debajo de los apartamentos y parking propio, pero sin problemas para aparcar en las calles de alrededor.","El sofá cama, mejor para niños, el cochon es muy finito."
Vitoria,Escrito en 28 de marzo de 2023,Sin puntuación,Ana,“Céntrico y bonito”,Apartamentos muy modernos y céntricos para moverte a pie por la ciudad.  Tuvimos un pequeño problema con una de las habitaciones que reservamos pero lo solucionaron al momento.,
Vitoria,Escrito en 28 de marzo de 2023,Sin puntuación,Maria,“Me encantó el alojamiento.”,"El servicio telefónico estuvo disponible en todo momento y fueron muy amables. La cocina y su equipamiento en perfecto estado de conservación y funcionamiento. El apartamento en general muy bonito. Con una gran televisión y conexiones muy buenas. Está ubicado en una zona céntrica y tiene cerca servicios de todo tipo.","Aparcar por los alrededores es muy difícil pero bueno, el hotel tiene aparcamiento de pago que es muy cómodo de utilizar."
Vitoria,Escrito en 27 de marzo de 2023,Sin puntuación,Maria,"“Apartamento muy bien, gestión demasiado virtual.”","El apartaments está muy bien, però pagamos un poco más por una habitación más, y gener vistas, y Mas ventanas daban a un patio de manzana són ningún atractivo, adjunto foto.","El proceso de check-in, y la abertura de puertas, en la calle y en el piso del apartamento depende de tu móvil, y eso no lo veo bien, no se puedes depender del móvil para poder entrar. Esto no lo sabes, hasta que no has pagado la reserva. Debería avisar antes, durante el proceso de reserva."
Vitoria,Escrito en 27 de marzo de 2023,Sin puntuación,Mercodes,“Días de trabajo y descanso en Vitoria Gasteiz”,"Ubicación, servicios,",Todo correcto
Vitoria,Escrito en 25 de marzo de 2023,Sin puntuación,Olga,“Recomendable”,"Ubicación excelente. Apartamento amplio, cómodo y son nada de ruido. Con lo necesario para, en nuestro caso, una estancia corta.",Quizá pienso que con dos ascensores se queda corto para la cantidad de apartamentos que hay
Vitoria,Escrito en 24 de marzo de 2023,Sin puntuación,Alvaro,Fantástico,"Zona blanca alrededor para aparcar, apartamento amplio, limpio, comodo y bien equipado. Aunque no veas a nadie de personal al llamar al telefonillo de la puerta en seguida me ayudaron.",Me faltó un kit de cocina al menos con un estropajo y una balleta.
Vitoria,Escrito en 21 de marzo de 2023,Sin puntuación,Cristina,“súper recomendable”,todo,nada
Vitoria,Escrito en 21 de marzo de 2023,Sin puntuación,José,“Hasta pronto.”,"Todo en general sobre todo el personal de portería. Que me ayudó  mucho con la informática,  muchas gracias.","No hay nada que no megustara, muchas gracias."
Vitoria,Escrito en 20 de marzo de 2023,Sin puntuación,Maria,“agradable y bien ubicado. buen precio. perfecto para una escapda en vitoria”,ubicación y comodidad del apartamento,la limpieza un poco mejorable aunque no es que estuviera muy sucio
Vitoria,Escrito en 20 de marzo de 2023,Sin puntuación,David,Bien,limpio y bien ubicado,"ajustar el precio en un establecimiento sin atención en personacuidar pequeños detalles"
Vitoria,Escrito en 20 de marzo de 2023,Sin puntuación,Montserrat,“todo maravilloso”,"muy acogedor y todo muy bien detallado (cocina, secador, toallas…)",
Vitoria,Escrito en 19 de marzo de 2023,Sin puntuación,Tesbos,Fantástico,"La ubicación, limpieza y silencio","Faltaban servilletas de papel y un trapo de cocina, por ponerle alguna pega"
Vitoria,Escrito en 19 de marzo de 2023,Sin puntuación,Gaizka,Fantástico,La instalación es muy cómoda,Faltaba un poco de limpieza
Vitoria,Escrito en 16 de marzo de 2023,Sin puntuación,Idoiai,Fantástico,"La ubicación
La limpieza",
Vitoria,Escrito en 16 de marzo de 2023,Sin puntuación,Pilar,Muy bien,"Apartamento muy amplio, cómodo, bien ubicado.",
Vitoria,Escrito en 13 de marzo de 2023,Sin puntuación,Nerea,“Increíble”,Agradable y buena ubicación,La hora de salida del apartamento
Vitoria,Escrito en 12 de marzo de 2023,Sin puntuación,Carlos,“Muy bien”,Apartamentos modernos y prácticos. Buena ubicación.,"Al no haber recepción física, llegamos 5 minutos antes de las 15h y no es posible entrar en la habitación hasta que sea la hora exacta independientemente de que la habitación esté lista. Es lo que tienen máquinas..."
Vitoria,Escrito en 12 de marzo de 2023,Sin puntuación,Mikel,“Hotel agradable en buena ubicación”,La ubicación es muy buena. El entorno es tranquilo. La habitación dispone de todas las facilidades. El baño es muy amplio y la cama muy cómoda,"La ducha no tiene plato, ni está separada del propio baño por mampara. No tragaba bien el agua y todo el baño se llenaba de agua, aunque entiendo que es un problema puntual en nuestra habitación, del que dimos parte al servicio para que lo reparen"
Vitoria,Escrito en 9 de marzo de 2023,Sin puntuación,Isra,“acogedor”,"moderno, bastante limpio",no había papel de wc y aun poniendo el termostato a 15 grados hizo mucha calor toda la noche.
Vitoria,Escrito en 8 de marzo de 2023,Sin puntuación,Pamela,“Volvería a Líbere!”,"La ubicación super cerca al casco antiguo, de las tiendas y a 20 min andando a la estación central de Vitoria  y la limpieza de apartamento en general. Tenia todo lo necesario para cocinar y comer.","El colchón del sofá cama. Tenía moho la parte de abajo y era un poco incómodo. Pero lo demás de lo lujo.
La forma del check-in es todo online o por app.
Recomiendo apuntar en un papel el número para abrir las puertas, porque si te quedas sin batería no podrás abrir, pero no obstante hay un telefonillo para que puedan ayudar."
Vitoria,Escrito en 7 de marzo de 2023,Sin puntuación,Gómez,Fantástico,"Ubicación, limpieza","No hay personal, es todo virtual. No esperes que haya sal o aceite en la cocina"
Vitoria,Escrito en 7 de marzo de 2023,Sin puntuación,Vanesa,“perfecto”,todo,
Vitoria,Escrito en 6 de marzo de 2023,Sin puntuación,Naya,Muy bien,Muy cómodo y tranquilo. Muy bien ubicado y muy limpio.,"Es muy impersonal, pero tampoco es que sea negativo. Nosotros no tuvimos ningún problema para entrar o registrarnos."
Vitoria,Escrito en 26 de noviembre de 2025,Sin puntuación,Lopez,“Normal.”,El personal y la Ubicacion,Es un poco cutre para el precio que tiene.
Vitoria,Escrito en 16 de noviembre de 2025,Sin puntuación,Rober,Agradable,"La ubicación perfecta, lugar tranquilo y perfectamente situado.","Las camas y el sofá cama es indigno para un alojamiento de 190€ la noche. La habitación huele a perro, puesto que esta permitido el acceso de mascotas y el olor no desaparece si no se limpia a conciencia."
Vitoria,Escrito en 5 de noviembre de 2025,Sin puntuación,Nuria,Muy mal,"No puedo valorar la reserva, cuando Booking me cancelo la reserva el mismo dia por la mañana. Sin ningun tipo de explicacionTenia pagado el alojamienot desde hacia 2 dias, y habia hecho el ckeking el dia antes, recibiendo el codigo para poder entrar.Hice el viaje a Vitoria, en vano. No habia disponibilidad de habitaciones en Vitoria.Booking realmente mal.",
Vitoria,Escrito en 14 de septiembre de 2025,Sin puntuación,Eva,“Perfecto para dos.”,"La localización, no muy lejos del centro pero tampoco en medio de la fiesta.
Las toallas, eran grandes y maravillosas.","Muy caro para lo pequeño que es, dormí en el sofá cama y se hundía, estaba muy trillado y no me podía mover por el ruido que hacía. Solo dos butacas para comer cuando me lo vendes como un apartamento para tres?"
Vitoria,Escrito en 24 de agosto de 2025,Sin puntuación,Marina,"“Buena ubicación, pero poca limpieza.”","Ubicación, zona con mucho aparcamiento y a 15 minutos andando del centro. 
Bien aislado de ruidos.","El apartamento estaba bien pero algo sucio. 
Las fundas del edredón y de las almohadas del sofá cama parecía  que estaban sin lavar y algunas toallas de la ducha tenian un color amarillento.  El resto de sábanas estaban bien. 
En el suelo habia manchas también. 
La tostadora no funcionaba y el sofá cama estaba un poco deteriorado, pero pudimos usarlo.
Únicamente pasamos una noche y no intentamos solucionarlo, así que no puedo valorar el servicio de recepción."
Vitoria,Escrito en 22 de agosto de 2025,Sin puntuación,Aplaca2,Decepcionante,El apartamento era bonito y está en una buena zona,"No entendemos como no hay un mantenimiento de la habitación diario o cada 2 dias. Solo ofrecen uno gratuito cada 8 días de estancia. Siendo así, no entendemos tampoco que no dejen un kit de limpieza básico. La estancia no incluye nada de eso, todo es a base de pagar extras. Limpieza un extra, kit de limpieza otro extra, entrada al hotel antes de las 3 otro extra y así con todo. 
Por otro lado el sofá cama está totalmente destrozado, es como un acordeón que se hunde por todos lados. Así como las almohadas, no pueden ser más incómodas, dónde apoyas la cabeza se queda sin relleno y se va para los lados."
Vitoria,Escrito en 19 de agosto de 2025,Sin puntuación,Geno,“Calidad y precio normal”,Las vista,"Salía poca presión del grifo de la ducha del lavabo ,"
Vitoria,Escrito en 11 de agosto de 2025,Sin puntuación,Jose,Mal,Situación,El acceso a la puerta de la habitación dejó de funcionar al día siguiente de entrar. El sofá cama es muy incómodo. Nos Dan información incorrecta con el horario de desayuno.
Vitoria,Escrito en 6 de agosto de 2025,Sin puntuación,Roberto,Agradable,Ubicación e instalaciones,La cama sofá estaba rota e incómoda
Vitoria,Escrito en 21 de julio de 2025,Sin puntuación,Cristina,“Ubicación excelente.”,"La ubicación excelente, pero en el apartamento había cosas mal, como el sofá muy incómodo y los grifos del baño no iban bien.",La presión del agua en la ducha.
Vitoria,Escrito en 19 de julio de 2025,Sin puntuación,Crespo,Muy mal,,"Muy descontenta. Contraté servicio de Parking por 14 euros a mayores y no había plazas libres.
El coche lo tuvimos que dejar en la calle.
Por favor que se ponga alguna persona en contacto conmigo para la devolución del importe del parking. Sino pondré una hoja de reclamación."
Vitoria,Escrito en 15 de julio de 2025,Sin puntuación,Susana,“Servicio escaso a precio caro”,"La ubicación lo mejor. El apartamento estaba bastante nuevo.","Poco servicio de cocina y baño (no había trapos ni bayetas, ni secador, etc.)No había productos de limpieza (no había fregona, ni escoba)"
Vitoria,Escrito en 11 de julio de 2025,Sin puntuación,Julian,"“Rigidez extrema, incapacidad de adaptación a las necesidades, por mera falta de voluntad.”",,"Personal extremadamente poco cooperativo. Necesitaba un apartamento más grande, que estaba disponible para el mismo día, y se negaron categóricamente a cambiarlo, ni siquiera pagando la diferencia. Obligándome en todo caso a tomar otro apartamento entero. Una suerte de chantaje, ya que el cambio era posible. Horas de llamadas, ningún resultado."
Vitoria,Escrito en 6 de julio de 2025,Sin puntuación,Moran,“Un día en Vitoria”,La ubicación,Que no hubiera nada para limpiar los cubiertos platos y demás
Vitoria,Escrito en 5 de julio de 2025,Sin puntuación,Héctor,“Estancia familiar sin poder dormir cómodamente”,La ubicación y el apto completo,"Las camas horribles. El sofá cama nada cómodo, el colchón es de risa. Y la cama principal incómodo y colchón deforme difícil de dormir. Y la falta de atención por parte del personal de recepción, solicitamos que subieran a solucionar que no podíamos cerrar la ventana del comedor, el sistema de cierre se había quedado atascado, y pasaron olímpicamente"
Vitoria,Escrito en 3 de julio de 2025,Sin puntuación,Miguel,“Buen apartahotel pero mejorable”,"El apartahotel tiene todo lo necesario para 3 personas,nosotros éramos 2,y muy bien,limpio y muy buena zona","Había un grifo cocina roto,y recepción  vimos a una chica muy poco tiempo,esta hecho este sitio para no molestar a nadie y hacer la entrada y salida por tu cuenta.Una cosa que no me gustó  es que si quieres parking en el hotel tienes que esperar hasta las 3 de la tarde para coincidir con el chek-in de entrada no lo puedes aparcar antes.Y es lo que pasa  en casi todos los hoteles y apartamentos,que tienes que entrar a las 3 de la tarde y salir antes de la 11 de la mañana,osea que se paga por dormir no por día de estancia de 24 horas.."
Vitoria,Escrito en 3 de julio de 2025,Sin puntuación,Emma,“Chapuceros”,Está cerca del centro y tiene buena relación calidad precio.,"Me encontré el apartamento sucio, con basura del anterior huésped, la cocina por barrer, cubiertos por fregar, elementos de limpieza por la cocina...Lo comento en recepción y tengo que bajar una segunda vez, una hora más tarde, porque no nos han dado solución.Al final, decidimos ir a visitar Vitoria. La recepcionista nos asegura que cuando volvamos los códigos de acceso al edificio y a la habitación funcionarán. Mientras, nos van a buscar una solución de reubicación.Al llegar después de visitar Vitoria, no funcionan los códigos, llamamos por teléfono y nos dicen que van a resolverlo, pero seguimos tirados a la entrada del edificio sin solución. Por fin, al cabo de 30' aparece la recepcionista, nos ayuda a recoger nuestras cosas y a marchar a otro alojamiento.Justificación: la chica de la limpieza era nueva, pero con un checkin a las 15.00, pienso que da tiempo a revisar que todo esté listo, ¿No? Nos piden mil disculpas pero nos vamos desilusionados. Son problemas evitables y mareos innecesarios para el cliente..."
Vitoria,Escrito en 24 de junio de 2025,Sin puntuación,Yohannes,Agradable,Las instalaciones parecia nuevas y muy limpias,"El aire no funcionaba, demasiado calor en la habitación"
Vitoria,Escrito en 20 de junio de 2025,Sin puntuación,Carlos,“Cuidado con las pulgas!!!”,,"Tuve dos problemas importantes:- el primero q no conseguí poner el aire acondicionado en marcha. Aparentemente en la pantalla todo estaba bien, pero no enfriaba y con 30° C fuera…- el segundo es q aparecí a la mañana todo lleno de picaduras de chinches o pulgas (adjunto foto). Entiendo q esto es debido a la humanización de los perros y a la falta de limpieza o desinfección. A mi no me vuelven a pillar…"
Vitoria,Escrito en 15 de junio de 2025,Sin puntuación,Evitadinamita,Agradable,La ubicación,Elegimos habitación a patio para evitar ruidos pero el sofá cama estaba roto y nos cambiaron a una que daba a la calle. Entonces había algo más de ruido. Y no salía jabón de la jabonera. Por lo demás todo bien.
Vitoria,Escrito en 14 de junio de 2025,Sin puntuación,David,Muy mal,,Como indican otros usuarios la calefacción estaba altisima y el regulador no permitía la regulación y las ventanas solo se podian abatir siendo imposible refrescar en condiciones el apartamento. Muy mala experiencia. Y es una pena porque el apartamento en si estaba muy bien pero evidentemente no pagas para estar incomodo por esa temperatura descontrolada.
Vitoria,Escrito en 14 de junio de 2025,Sin puntuación,Ruben,Aceptable,,El precio por las mascotas me parece un abuso
Vitoria,Escrito en 10 de junio de 2025,Sin puntuación,Carolina,“Muy buena localización pero la estancia tuvo deficiencias”,La ubicación y terraza,"Toda la gestión es online. Ante una avería que hubo de antena no pudimos ver la televisión. Lo comunicamos por WhatsApp, desde donde se nos comunicó la incidencia, pero en ningún momento hubo solución.
Tampoco hay herramientas para mantener un mínimo de limpieza del apartamento, cosas que viajando con un perrere es muy necesario. Puedo entender que se pague por querer que te cambien toallas y sábanas todos los días, pero una limpieza básica para los que vamos con mascotas, es importante.
El hecho de no haber ningún tipo de personal no nos gustó"
Vitoria,Escrito en 10 de junio de 2025,Sin puntuación,Iaski,“Buen apartamento aunque se nota que la empresa quiere reducir los gastos al máximo”,"El apartamento en sí está bien, tiene de todo. Está cerca del centro.","Todo se hace online, no hay recepción. Incluso intentan que hagas el check-in con el móvil y saques un selfie tuyo y una foto de tu DNI (se puede hacer en una tablet a la entrada, sin selfie ni escanear nada). Las ventanas dan a la calle y no están bien aisladas con lo que se oye todo el ruido de la discoteca que hay justo debajo, el camión que aparca en la calle, etc. Tampoco hay cortinillas, con lo que o se cierra la cortina gruesa para dormir (y entonces está todo oscuro) o abres y tanto desde la calle como los vecinos de enfrente ven el interior del apartamento.Tampoco hay llave, todo es con código, con lo que tienes que aprenderte un código de 6 cifras cada vez que entras al edificio, habitación o garaje. Incómodo y al mismo precio que otros apartamentos."
Vitoria,Escrito en 7 de junio de 2025,Sin puntuación,Celsa,"“LÍBERE, CERO FLEXIBILIDAD, CERO INTENCIÓN, CERO EMPATÍA”",,"LÍBERE, CERO FLEXIBILIDAD  y CERO INTENCION de complacer. En el mismo momento de ejecutar la reserva no reembolsable llamé al establecimiento para solicitar la anulación. No aceptaron. Normal, hasta aquí, todo normal. PERO ...Seguidamente solicité, pagando la diferencia, cambiar a un modelo diferente de apartamento que tenía una cama más. No lo aceptaron. Insistí, y demostraba con capturas de pantalla los precios del cambio que solicitaba y que estaba dispuesta a pagar, y NO aceptaron. Solicité que lo escalaran, ya que no todos tienen autorización para hacer ciertos cambios. Se mantuvieron, NO aceptaron el cambio. Solicité una mesa adicional para facilitar el estudio de las 5 personas que se iban a hospedar para hacer la selectividad, y también obtuve la negativa, NO hubo mesa adicional. Y, cuando llegan los huéspedes de regreso a casa, me confirman que no había ni tan siquiera el escritorio que describe la reserva, ni la plancha. . Resumiendo, no vuelvo a un sitio en el que en ningún momento empatizan con el cliente. EVITARÉ siempre que pueda este grupo de hoteles LIBERE"
Vitoria,Escrito en 5 de julio de 2024,Sin puntuación,Camilo,“Correcto pero sin más”,La ubicación y lo nuevo que se veía.,"La falta de limpieza, era muy superficial, daba asco. El aire acondicionado estaba roto, el olor de habitación 311 era insoportable, el ascensor se estropeaba, no habían sábanas de más por si te daba frío y la atención de los trabajadores fue buena, eran muy simpáticos pero que fuese todo digital y telemático era complicado y mis familiares mayores no sabían usarlo con facilidad faltaba alguien en recepción a quien poder ir a consultar físicamente las cosas."
Vitoria,Escrito en 2 de julio de 2024,Sin puntuación,Ramon,Agradable,La habitacion,Que no haya nada de personal
Vitoria,Escrito en 30 de junio de 2024,Sin puntuación,Elizabeth,Aceptable,La ubicación y el parking.,No funcionaba el aire acondicionado y el sofa-cama era muy incomodo.
Vitoria,Escrito en 23 de junio de 2024,Sin puntuación,Raisa,“Bastante timo”,Muy céntrico.,"Los cristales estaban sucios, una de las mesillas de noche estaba rota y tan inclinada que no se podía usar porque se caía cualquier cosa que posarás en ella. El servicio de habitaciones y el personal directamente no existen. Nos alojamos allí durante el Azkena, fecha en la que inflan los precios."
Vitoria,Escrito en 17 de junio de 2024,Sin puntuación,Kike,Agradable,La habitación y era amplio,Pedi habitación 2 camas. Y obtuve 1 cama y sofá. No me pudieron adaptar. A pesar de que lo comunique a booking.com.
Vitoria,Escrito en 9 de junio de 2024,Sin puntuación,Marta,“Alojamiento de 10/10 servicio de atención malo”,La ubicación y la distribución. Muy bien equipado para comer allí si querías pero también cerca de todos los lugares para poder hacer turismo de calidad. Con parking muy cómodo,El lavavajillas se estropeó. Sospecho que estaba estropeado desde el principio. Pero fuimos a ponerlo el último día (ya que no hicimos muchas comidas allí). Avisamos y nos dijeron que irian mientras estabamos en la habitación. Nos tuvimos que ir y no había venido nadie. Volvimos y el lavavajillas siguió sin funcionar. Luego nos ofrecieron una devolución del 30% de los días afectados (según ellos el último cuando la realidad es que  no lo usamos en ningun momento). De todas formas dicha ddevolución nunca llegó.
Vitoria,Escrito en 2 de junio de 2024,Sin puntuación,Raquel,“Mejorable”,"La ubicación.Es bonito pero poco práctico.","No hay nadie en recepción, si tienes un problema tienes que llamar por teléfono.El sofá cama es muy incómodo, dormimos fatal. Hacía mucho calor a pesar del aire acondicionado (no funciona correctamente).La iluminación es escasa en todo el apartamento. Hace falta alguna balda en el cuarto de baño,.Por último, tienes que dejar la habitación a las 11 horas y no tienen ningún lugar donde guardarte el equipaje."
Vitoria,Escrito en 5 de mayo de 2024,Sin puntuación,Raquel,“Sin sabores”,Se llega fácilmente y está limpio,No tenía agua caliente y nos dieron un apartamento adaptado que se encharcaba el baño completamente…. Tuvimos que quejarnos y nos cambiaron…. Pero no me parece que te den una habitación adaptada para maximizar beneficios….tampoco pudimos hacer el check out más tarde aunque lo ofrecían…. No nos ha gustado… no volveremos a alojarnos en ningún lugar más de esta cadena
Vitoria,Escrito en 2 de mayo de 2024,Sin puntuación,Carloseduardorfaria,Muy mal,,"ME HAN COBRADO 150 EUROS DE MAS CUANDO SOY CLIENTE HABITUAL, PERO YA HE PUESTO LA RECLAMACION CON BOOKING"
Vitoria,Escrito en 29 de abril de 2024,Sin puntuación,Zoraida,“Estancia en Líbere Vitoria”,La ubicación,Nos tocó en un bajo con las ventanas muy sucias
Vitoria,Escrito en 23 de abril de 2024,Sin puntuación,Nacho,“Aceptable”,"La ubicaciónatenciones con mi perro","No tiene Aire acondicionadoNo hay personal físico y el que está online tarda en responder"
Vitoria,Escrito en 22 de abril de 2024,Sin puntuación,Daniele2205,"“Bien en general, aunque con matices”","La limpieza y la atención online del personal, la ubicación del apartamento y la tranquilidad de la zona.","Reservamos una cuna de bebé para dos noches con bastantes días de antelación. Al llegar allí no había cuna disponible, y la primera noche la pasamos sin cuna. La segunda ya sí. Tampoco habían tronas de bebé. Es la primera vez que nos pasa esto y no me parece normal."
Vitoria,Escrito en 19 de abril de 2024,Sin puntuación,Dmytro,Muy mal,Good location.,"Colchones muy incómodos, es imposible dormir en ellos. El personal no respondió a nuestra petición de traer mantas para los niños. Nos arruinaron la noche."
Vitoria,Escrito en 16 de abril de 2024,Sin puntuación,Javier,“Alojamiento a evitar.”,"Totalmente decepcionado, servicio pésimo.",Muy mala atención por parte del personal.
Vitoria,Escrito en 31 de marzo de 2024,Sin puntuación,Carlos,Agradable,"La habitación en general, destacando su comodidad","Tuvimos un problema con el código de la habitación, en una ocasión no podíamos acceder a ella, contactamos con un agente por teléfono y después de hacer él varias pruebas y decirnos otro código para poder entrar, la puerta seguía sin abrirse (a él le aparecía que la cerradura estaba abierta), y aquí es cuando llega mi mosqueo cuando te hablan como si fueras tonto (en tu ordenador te puede aparecer lo que sea, pero si te están diciendo que la puerta está cerrada, es que está cerrada)"
Vitoria,Escrito en 24 de marzo de 2024,Sin puntuación,Andrea,Aceptable,Todo limpio. Igual que en las fotos,"Teníamos el garaje reservado, al entrar con la clave no se abría la puerta. No hay personal físico por lo que había que comunicarse por teléfono con atención al cliente/recepción, tardaron más de 40min en cogernos el teléfono y poder entrar…"
Vitoria,Escrito en 17 de marzo de 2024,Sin puntuación,Omolina,"“Lamentable que no entreguen una factura, si eres profesional no es tu alogamiento.”","Los apartamentos están muy bien equipados, todo esta limpio y son confortables.La ubicación es ideal y muy cerca del centro.","Lo que es verdaderamente increíble es que la empresa que los gestiona es un verdadero desastre, no emiten facturas oficiales, o al menos a mi no me la quieren dar. llevo mas de 1 semana reclamando que me hagan una factura y llevo 4 llamadas y varios emails para que me emitan la factura correspondiente de curso legal y no la he recibido. Para las personas que necesiten tener su factura, sin duda no es un buen alogamiento, ya que aunque en un futuro me la envíen, creo sinceramente que es lamentable tener que perder tiempo en solicitar y pelear por algo que por ley estan obligados a darte de forma inmediata. Sin duda no volveré."
Vitoria,Escrito en 1 de marzo de 2024,Sin puntuación,Helena,“Inútil apartamento de dos dormitorios”,"Baños, equipamiento cocina","Un apartamento de dos dormitorios, para cuatro personas, ofrece un dormitorio doble y una pequeña habitación con una cama individual. Es absurdo pagar por dos dormitorios para acabar durmiendo en un sofá cama de salón."
Vitoria,Escrito en 24 de febrero de 2024,Sin puntuación,Marta,Aceptable,La ubicación,"El sofá cama no paraba estendido, teníamos que apollarlo en una silla porque no funcionaba, bastante incómodo, no había lo esencial de una cocina como sería un poco de aceite, sal etc y se agradecería ya que hay café un par de cápsulas"
Vitoria,Escrito en 19 de febrero de 2024,Sin puntuación,Juan,“Bien”,Muy cerca del centro,"El apartamento en teoría está preparado para 5 personas, pero el sofá cama es peor que dormir en el suelo, es inestable, no queda recto y se clava todo en la espalda, en resumen dormir ahí 1 noche te rompe la espalda…
Cuando llegamos faltaba ropa de cama y toallas, mala organización por su parte"
Vitoria,Escrito en 11 de febrero de 2024,Sin puntuación,Unai,Mal,,Nos pusieron dos camas individuales en lugar de una cama doble .
Vitoria,Escrito en 7 de febrero de 2024,Sin puntuación,Xavier,“Mucho potencial pero no lo recomiendo”,"La ubicación es muy buena, el cuarto bien y el personal muy amable.","En primer lugar, estuvimos sin agua unas horas, cosa que entiendo por un mantenimiento, pero durante las 24 horas que estuvimos en el hotel no hubo agua caliente en ningún momento (a pesar que nos dijeron que ya estaba solucionado), la nevera hacía ruidos durante toda la noche sin ningún motivo. Luego la ducha no tenía ningún tipo de cortina y se manchaba todo el suelo del baño de agua. Tenía potencial para ser un buen alojamiento pero le doy un 2 siendo generoso. No me puedo creer que pagues +50€ por una noche y ni siquiera tengas agua caliente, vergonzoso..."
Vitoria,Escrito en 22 de enero de 2024,Sin puntuación,Marina,“Correcto”,Nada destacable,Que no hubiese personal y que la ducha no tuviese cristal o cortina
Vitoria,Escrito en 22 de enero de 2024,Sin puntuación,Susana,“No ofrece buen descanso para las cuatro personas que estabamos alojadas.”,Buena ubicación. Con todo tipo de menaje y alojamientos para la cocina. El baño estaba muy limpio al igual que la cocina. La ropa de cama así como las toallas estupendas también.,El sofá cama era malísimo. Mis hijas durmieron fatal las dos noches que estuvimos alojadas. Faltaban también almohadas. los electrodomésticos estaban dentro de muebles con enchufes pero no se podía maniobrar con ellos en dichos mjebles. Fuera de los muebles no había casi enchufes.
Vitoria,Escrito en 16 de enero de 2024,Sin puntuación,Yamirka,“Calidad - precio mejorable”,La ubicación y la limpieza estaban muy bien y el pack de bienvenida se agradece.,El sofá cama podría ser mejor. Dormimos muy incómodos porque en la mitad se hunde. También hay luces en las habitaciones que no dejan de parpadear toda la noche y no descansas bien. Calidad - precio mejorable.
Vitoria,Escrito en 31 de julio de 2023,Sin puntuación,Marta,Agradable,La situación,Muy incómodo el sofá cama
Vitoria,Escrito en 22 de julio de 2023,Sin puntuación,María,Aceptable,Ubicación,"La cama y el acceso, no funcionaba el móvil"
Vitoria,Escrito en 17 de julio de 2023,Sin puntuación,Maria,Aceptable,"La limpieza, la ubicación y estéticamente era bonito y moderno.","El sofá cama no era cómodo del todo se movía mucho, la ventana de la habitación no se abría entera y la del salón no se podía cerrar. La televisión no iba, no se podía conectar a internet y no había hueco para poder conectar la antena. Una de las puertas del armario de debajo de la TV no cerraba. Al no cerrarse bien la ventana del salón el aire acondicionado no iba. Había cubo para fregona pero no fregona y había escoba pero no recogedor. Éramos 4 personas y había justo 4 piezas de cada tipo de vajilla lo que hacía que estuviéramos continuamente fregando y había poco detergente y una sola pastilla de lavavajillas. La lámpara del salón no tenía bombilla. Tiene lavadora pero no tendedero.
Es todo muy moderno pero creo que añadiría a una persona física a la que poder acudir en caso de alguna incidencia como la nuestra con la ventana."
Vitoria,Escrito en 13 de julio de 2023,Sin puntuación,Luis,"“El concepto es bueno, pero necesita mejorar”","La ubicación es muy buena, cerca del centro pero en una venida muy ancha y con sitio para aparcar alrededor.Los apartamentos son aceptables. Lo malo es que todo es bastante sencillo, podrían haber empleado materiales de mayor calidad.","El desayuno es muy decepcionante. Ponen muchas cosas pero malas, sería mejor poner menos variedad pero de más calidad.El segundo día no me trajeron el desayuno, aunque lo reclamé el día anterior al ver que no me lo traían por la tarde...Al final estuve alojado sólo y no me devolvieron el dinero del desayuno de las otras 2 personas que no lo utilizaron..."
Vitoria,Escrito en 9 de julio de 2023,Sin puntuación,Aitor,Mal,"nosotros reservamos por una cama de matrimonio, y al llegar nos encontramos con dos individuales, si marcamos esa opcion en booking y luego nos dan otra totalmente distinta…para que pagamos por esa opcion entonces?",No reservamos lo que nos dieron.
Vitoria,Escrito en 5 de julio de 2023,Sin puntuación,Erika,Decepcionante,La ubicación y la limpieza.,"No había personal para atender, todo era online y la verdad que no resultó nada fácil. Te envían muchos e-mails y todo eso, pero a la hora de activar la llave me costó varios intentos (lo mismo le ocurrió a otra huésped con la que coincidí y se ofreció a ayudarme). Si llego a saber que el método es este (mea culpa que no me fijé) no hubiera reservado. Donde esté un buen trato humano y de proximidad, que se quiten las máquinas!!!!!"
Vitoria,Escrito en 1 de julio de 2023,Sin puntuación,Torres,Agradable,La ubicación,"El sofá cama del salón
Bastante incómodo
Bastante caro para no incluir desayuno , ni limpieza diaria
Cualquier hotel hubiera sido mas economico y hubiera tenido la posibilidad de cancelación
Me rompí un brazo una semana antes y no hubo posibilidad de retrasarlo"
Vitoria,Escrito en 24 de junio de 2023,Sin puntuación,María,"“Muy buena ubicación, muy limpio y con buen servicio”",La ubicación,Q el aire acondicionado no funcionaba
Vitoria,Escrito en 20 de junio de 2023,Sin puntuación,Natuzii,Aceptable,La ubicación. Personal bastante efectivo. Cocina bastante cómoda.,"Colchón de cama incomodísimo de muelles. El colchón de cuna tan blando que fue imposible usarla para el bebé, que tuvo que dormir en cama. Ducha muy incómoda sin mampara, mojabas todo el suelo del baño escandalosamente  no había visillos, solo cortina oscura. Desayuno pésimo."
Vitoria,Escrito en 15 de mayo de 2023,Sin puntuación,Matilde,Decepcionante,"Tuvimos un problema  con un sofá y no fueron capaces de solucionarlo en el momento  no hay personal cualificado para resolver  ningún problema, la limpiez mal no está muy limpio faltaba manta para el sofá y almohada etc",Q tenga q ser todo onlay todo es muy incómodo para mi y se tarda mucho en solucionar cualquier anomalia
Vitoria,Escrito en 13 de mayo de 2023,Sin puntuación,Didier,Muy mal,Limpio y bien situado,"No hay personas que te atiendan, viajo de trabajo e hicieron la factura al huésped en lugar de a la empresa cuando se había solicitado claramente, la factura de corrección la hicieron mal y no permitía contabilizar el gasto."
Vitoria,Escrito en 10 de mayo de 2023,Sin puntuación,Cristiam,“Bonito pero atención decepcionante”,"El apartamento es espectacular, todo como nuevo y muy bien limpiado. Me gusto el detalle del pack de limpieza que te incluía una pastilla para el lavavajillas, una para la lavadora y un par de cosas más gratis.","Cuando fui pague el suplemento por mascota para dos días, en él se supone que te incluye una cama, comedero, bebedero y un snack para tu mascota, al llegar no tenía nada de eso y contacté con ellos, me dijeron que a lo largo de la tarde se pasaría alguien a llevármelo , estuve dos días y ningún día apareció nadie con dicho pack."
Vitoria,Escrito en 5 de mayo de 2023,Sin puntuación,Fernando,Agradable,"El apartamento es moderno, esta bien equipado, insonorizado y cerca del centro.",El sofá cama es pésimo. Es imposible dormir así.
Vitoria,Escrito en 4 de mayo de 2023,Sin puntuación,Ignacio,Muy mal,Limpieza,No merece la pena.  Muy frio. No se duerme
Vitoria,Escrito en 3 de mayo de 2023,Sin puntuación,Sandra,“No funciona el aire acondicionado”,las instalaciones estuvieron muy cómodas,"siendo 1 de mayo cuando ya está haciendo calor , tienen termostato en la habitación y lo tienen activado en modo invierno. solicite lo enciendan a frio porque estando en la habitación donde baja el sol , toda la habitación estaba a 28 grados con un calor terrible y el personal en el chat solo me dijo abre las ventanas; y las ventanas son batientes que solo permiten abrir por arriba ; lo cual no entra nada de aire. tuve que optar por salir a la calle a caminar hasta que baje el sol y la habitación se enfríe . Ha sido la peor experiencia."
Vitoria,Escrito en 30 de abril de 2023,Sin puntuación,Milagros,“Pesa mas lo negativo q lo positivo una lastima”,"Que era amplio
La ubicacion","El check-inn on line muchos requesitos para q luego a las 15.00h tuviese q llamar por no haber recibido  la clave para entrar
El check-out igual tras informarme q previo pago podia retrasarlo pues no disponian de sitio para dejar las maletas se lo he tenido q recordar q lo habia contratado
En el kit de limpieza faltaba un estropajo y un trapo para secar"
Vitoria,Escrito en 25 de abril de 2023,Sin puntuación,M,Aceptable,La ubicación.,El exceso de digitalización y la dificultad de comunicación cuando surgieron problemas.
Vitoria,Escrito en 21 de abril de 2023,Sin puntuación,Marta,Muy mal,su ubicación,la mala gestión y atención al cliente
Vitoria,Escrito en 15 de abril de 2023,Sin puntuación,Judit,“falta personal”,"muy moderno, amplio y bonito. limpieza muy correcta.
ubicación bastante bien",el check in a las 15h es muy mala hora con niños pequeños. La falta personal.
Vitoria,Escrito en 13 de abril de 2023,Sin puntuación,Regina,“PÉSIMO”,Nada,"Horrible, tras un largo viaje en coche llegamos a la habitación (104, interior) y nos encontramos:- un rollo de papel higiénico para 4 personas- dispensadores de jabón vacíos- cama de matrimonio con SÁBANA BAJERA SUCIA Y ARRUGADA, Y CUBRECAMAS CON MANCHAS IMPRESENTABLES (se aprecia en fotos adjuntas ampliadas)- sofá cama con SÁBANA SIN CAMBIAR Y COLCHÓN SUCIO (foto de cómo lo encontramos nada más abrir)Tras una odisea para contactar con alguien, conseguimos dormir tres personas en una cama matrimonial y la cuarta en la individual que fue la única que estaba en condiciones (sin mirar cubre ni colchón).Por la mañana nos llamó alguien del hotel para intentar convencernos con argumentos absurdos y ficticios de que la situación no era tan pésima, y que según él al haber solucionado el incidente, nos compensaba las molestias abonándonos 10'79 euros de un total pagado de 108'95 por una noche.Adjunto también foto de la suciedad vieja en los cristales. Añadir que el mantenimiento en general (grifos, puertas, etc.) brilla por su ausencia y que la sensación es de dejadez y abandono hasta que las instalaciones revienten.Sólo agregar que reservamos muchas veces con booking, tanto hotel como alquiler de coche, y que siempre ha estado todo bien salvo en este alojamiento, Líbere Vitoria que ha sido para olvidar y no repetir sin duda."
Vitoria,Escrito en 12 de abril de 2023,Sin puntuación,Raquel,“Check in y check out desesperante.”,"La ubicación,el espacio,el trato del personal y la limpieza de 10.","La falta de personal en la recepción junto con un sistema de check in nada intuitivo y  sin opciones visibles donde llamar para que acuda alguien en tu auxilio... Estuvimos media hora de reloj intentando registrarnos sin éxito,cansados de un viaje y con la batería del móvil en mínimos,intentando que no se gastara porque era la única opción de acceder a una llave y a la más de media docena de mensajes que me llegaron como instrucciones para poder acceder a la habitación,para utilizar mi móvil como llave etc. Un despropósito. Finalmente,cuando estaba a punto de perder los papeles, descubrí en alguna de las pantallas de mi móvil un botón que parecía ser una llamada de ayuda.Una chica amabilísima apareció al rato dándome las instrucciones.El trato personal fue lo único que salvó la situación que hasta ahora había sido desesperante,frustrante...
El check out,por supuesto fue en la misma línea.No estaba por la labor de perder otra media hora intentando adivinar cómo poder salir adecuadamente del edificio...en ese momento,un chico tan amable como la chica que me atendió el primer día me dijo que lo haría por mí sin problema. Líbere puede dar gracias a que la plantilla multitarea que pulula por las estancias salvan las situaciones y le dan calidez  porque mal vamos si pretendemos que un móvil (que se pierde,se rompe,se extravía o se queda sin batería) solucione la múltiples adversidades de las personas que se alojan allí.
Una cosa más: un alojamiento para 3 debe tener cama y/o sofá con sábanas y nórdicos para 3,no para 2. Lo mismo con las toallas."
Vitoria,Escrito en 11 de abril de 2023,Sin puntuación,Mireia,“Regular”,El personal presente en el hotel feu muy amable,"El personal que atiende por telèfono poco atento, poco preciso en avisar al personal de los inconvenientes del apartamento.Muchísima calor, la calefacción parecia estar estropeada y era imposible estar a una buena temperatura."
Vitoria,Escrito en 11 de abril de 2023,Sin puntuación,Jon,Muy mal,la ubicación,"el trato recibido en la solicitud de cancelacion, me teñí que desplazar por una cuestión médica , finalmente dieron el alta al paciente y no han considerado anular el cargo, poco moral"
Vitoria,Escrito en 10 de abril de 2023,Sin puntuación,Ivan,Agradable,"La ubicacion, un apartamento a 10 min. Del casco antiguo.","El sofa cama muy incomodo, cogimos el apartamento para 4 y faltaban cubiertos, platos, toallas... estaba preparado para 2 no para 4.
Calidad precio, bastante elevado el precio para lo que era."
Vitoria,Escrito en 7 de abril de 2023,Sin puntuación,Christian,Muy mal,"la nevera olía fatal
sin jabón en la ducha",
Vitoria,Escrito en 29 de noviembre de 2025,Sin puntuación,Lander,Excepcional,,
Vitoria,Escrito en 29 de noviembre de 2025,Sin puntuación,Ione,Muy bien,,
Vitoria,Escrito en 21 de noviembre de 2025,Sin puntuación,Juan,Excepcional,,
Vitoria,Escrito en 20 de noviembre de 2025,Sin puntuación,Santiago,Excepcional,,
Vitoria,Escrito en 17 de noviembre de 2025,Sin puntuación,Legendario,Fantástico,,
Vitoria,Escrito en 11 de noviembre de 2025,Sin puntuación,Lara,Excepcional,,
Vitoria,Escrito en 10 de noviembre de 2025,Sin puntuación,Mcarmen,Excepcional,,
Vitoria,Escrito en 8 de noviembre de 2025,Sin puntuación,Daniel,Fantástico,,
Vitoria,Escrito en 3 de noviembre de 2025,Sin puntuación,Irune,Fantástico,,
Vitoria,Escrito en 3 de noviembre de 2025,Sin puntuación,Javier,Excepcional,,
Vitoria,Escrito en 31 de octubre de 2025,Sin puntuación,Elisabet,Excepcional,,
Vitoria,Escrito en 27 de octubre de 2025,Sin puntuación,Jone,Excepcional,,
Vitoria,Escrito en 26 de octubre de 2025,Sin puntuación,Alia,Muy bien,,
Vitoria,Escrito en 26 de octubre de 2025,Sin puntuación,Rafael,Muy bien,,
Vitoria,Escrito en 26 de octubre de 2025,Sin puntuación,Yolanda,Excepcional,,
Vitoria,Escrito en 26 de octubre de 2025,Sin puntuación,Inma,Fantástico,,
Vitoria,Escrito en 24 de octubre de 2025,Sin puntuación,Laura,Excepcional,,
Vitoria,Escrito en 20 de octubre de 2025,Sin puntuación,Inmaculada,Muy bien,,
Vitoria,Escrito en 19 de octubre de 2025,Sin puntuación,Laura,Excepcional,,
Vitoria,Escrito en 16 de octubre de 2025,Sin puntuación,Álvaro,Muy bien,,
Vitoria,Escrito en 14 de octubre de 2025,Sin puntuación,Granda,Muy bien,,
Vitoria,Escrito en 9 de octubre de 2025,Sin puntuación,Manuel,Fantástico,,
Vitoria,Escrito en 8 de octubre de 2025,Sin puntuación,Adolfo,Excepcional,,
Vitoria,Escrito en 7 de octubre de 2025,Sin puntuación,Corera,Fantástico,,
Vitoria,Escrito en 6 de octubre de 2025,Sin puntuación,Ramos,Fantástico,,
Vitoria,Escrito en 10 de agosto de 2025,Sin puntuación,Isabel,Muy bien,,
Vitoria,Escrito en 10 de agosto de 2025,Sin puntuación,Josep,Muy bien,,
Vitoria,Escrito en 8 de agosto de 2025,Sin puntuación,Beatriz,Fantástico,,
Vitoria,Escrito en 6 de agosto de 2025,Sin puntuación,Maria,Muy bien,,
Vitoria,Escrito en 5 de agosto de 2025,Sin puntuación,Maria,Excepcional,,
Vitoria,Escrito en 4 de agosto de 2025,Sin puntuación,Paco,Fantástico,,
Vitoria,Escrito en 31 de julio de 2025,Sin puntuación,Myriam,Fantástico,,
Vitoria,Escrito en 31 de julio de 2025,Sin puntuación,Antonio,Excepcional,,
Vitoria,Escrito en 28 de julio de 2025,Sin puntuación,Grigore,Muy bien,,
Vitoria,Escrito en 28 de julio de 2025,Sin puntuación,Ana,Excepcional,,
Vitoria,Escrito en 27 de julio de 2025,Sin puntuación,Miguel,Excepcional,,
Vitoria,Escrito en 26 de julio de 2025,Sin puntuación,Angel,Fantástico,,
Vitoria,Escrito en 26 de julio de 2025,Sin puntuación,Laura,Excepcional,,
Vitoria,Escrito en 26 de julio de 2025,Sin puntuación,Castrillo,Muy bien,,
Vitoria,Escrito en 25 de julio de 2025,Sin puntuación,Eduardo,Muy bien,,
Vitoria,Escrito en 25 de julio de 2025,Sin puntuación,Álvaro,Excepcional,,
Vitoria,Escrito en 24 de julio de 2025,Sin puntuación,Gutiérrez,Fantástico,,
Vitoria,Escrito en 24 de julio de 2025,Sin puntuación,Jose,Fantástico,,
Vitoria,Escrito en 24 de julio de 2025,Sin puntuación,Isabel,Muy bien,,
Vitoria,Escrito en 20 de julio de 2025,Sin puntuación,Manuel,Muy bien,,
Vitoria,Escrito en 20 de julio de 2025,Sin puntuación,Mª,Excepcional,,
Vitoria,Escrito en 20 de julio de 2025,Sin puntuación,Xose,Fantástico,,
Vitoria,Escrito en 18 de julio de 2025,Sin puntuación,Maria,Muy bien,,
Vitoria,Escrito en 18 de julio de 2025,Sin puntuación,Mayte,Bien,,
Vitoria,Escrito en 16 de julio de 2025,Sin puntuación,Javier,Muy bien,,
Vitoria,Escrito en 27 de mayo de 2025,Sin puntuación,Maria,Excepcional,,
Vitoria,Escrito en 20 de mayo de 2025,Sin puntuación,Mercedes,Fantástico,,
Vitoria,Escrito en 19 de mayo de 2025,Sin puntuación,Paula,Bien,,
Vitoria,Escrito en 19 de mayo de 2025,Sin puntuación,Jonathan,Excepcional,,
Vitoria,Escrito en 19 de mayo de 2025,Sin puntuación,Jorge,Fantástico,,
Vitoria,Escrito en 18 de mayo de 2025,Sin puntuación,Raquel,Excepcional,,
Vitoria,Escrito en 17 de mayo de 2025,Sin puntuación,Rivas,Muy bien,,
Vitoria,Escrito en 11 de mayo de 2025,Sin puntuación,Endika,Fantástico,,
Vitoria,Escrito en 9 de mayo de 2025,Sin puntuación,María,Muy bien,,
Vitoria,Escrito en 4 de mayo de 2025,Sin puntuación,Maria,Fantástico,,
Vitoria,Escrito en 1 de mayo de 2025,Sin puntuación,Ana,Muy bien,,
Vitoria,Escrito en 1 de mayo de 2025,Sin puntuación,Héctor,Muy bien,,
Vitoria,Escrito en 30 de abril de 2025,Sin puntuación,Ana,Excepcional,,
Vitoria,Escrito en 30 de abril de 2025,Sin puntuación,Belen,Fantástico,,
Vitoria,Escrito en 30 de abril de 2025,Sin puntuación,Elena,Excepcional,,
Vitoria,Escrito en 29 de abril de 2025,Sin puntuación,Jorge,Excepcional,,
Vitoria,Escrito en 29 de abril de 2025,Sin puntuación,Adrián,Fantástico,,
Vitoria,Escrito en 28 de abril de 2025,Sin puntuación,Andrea,Fantástico,,
Vitoria,Escrito en 27 de abril de 2025,Sin puntuación,Iñigo,Fantástico,,
Vitoria,Escrito en 25 de abril de 2025,Sin puntuación,Ricardo,Fantástico,,
Vitoria,Escrito en 24 de abril de 2025,Sin puntuación,Esperanza,Muy bien,,
Vitoria,Escrito en 22 de abril de 2025,Sin puntuación,Manuel,Fantástico,,
Vitoria,Escrito en 20 de abril de 2025,Sin puntuación,Esther,Excepcional,,
Vitoria,Escrito en 20 de abril de 2025,Sin puntuación,Melanie,Fantástico,,
Vitoria,Escrito en 16 de abril de 2025,Sin puntuación,Victor,Fantástico,,
Vitoria,Escrito en 26 de febrero de 2025,Sin puntuación,Oscar,Muy bien,,
Vitoria,Escrito en 25 de febrero de 2025,Sin puntuación,Zc88,Fantástico,,
Vitoria,Escrito en 24 de febrero de 2025,Sin puntuación,David,Fantástico,,
Vitoria,Escrito en 21 de febrero de 2025,Sin puntuación,Elena,Fantástico,,
Vitoria,Escrito en 19 de febrero de 2025,Sin puntuación,Manuel,Excepcional,,
Vitoria,Escrito en 17 de febrero de 2025,Sin puntuación,José,“Se duerme muy bien”,,
Vitoria,Escrito en 15 de febrero de 2025,Sin puntuación,Anne,Excepcional,,
Vitoria,Escrito en 13 de febrero de 2025,Sin puntuación,Fátima,Bien,,
Vitoria,Escrito en 13 de febrero de 2025,Sin puntuación,Gonzlez,Bien,,
Vitoria,Escrito en 13 de febrero de 2025,Sin puntuación,Mario,Fantástico,,
Vitoria,Escrito en 11 de febrero de 2025,Sin puntuación,Cristina,Excepcional,,
Vitoria,Escrito en 10 de febrero de 2025,Sin puntuación,Raquel,Fantástico,,
Vitoria,Escrito en 10 de febrero de 2025,Sin puntuación,Ibertrasa,Muy bien,,
Vitoria,Escrito en 9 de febrero de 2025,Sin puntuación,Irune,Muy bien,,
Vitoria,Escrito en 9 de febrero de 2025,Sin puntuación,Marta,Muy bien,,
Vitoria,Escrito en 9 de febrero de 2025,Sin puntuación,Leon,Fantástico,,
Vitoria,Escrito en 8 de febrero de 2025,Sin puntuación,Vanesa,Excepcional,,
Vitoria,Escrito en 8 de febrero de 2025,Sin puntuación,Ainara,Bien,,
Vitoria,Escrito en 8 de febrero de 2025,Sin puntuación,Pujana,Excepcional,,
Vitoria,Escrito en 7 de febrero de 2025,Sin puntuación,Débora,Excepcional,,
Vitoria,Escrito en 7 de febrero de 2025,Sin puntuación,Daouda,Fantástico,,
Vitoria,Escrito en 7 de febrero de 2025,Sin puntuación,Daouda,Fantástico,,
Vitoria,Escrito en 7 de febrero de 2025,Sin puntuación,Luis,Muy bien,,
Vitoria,Escrito en 6 de febrero de 2025,Sin puntuación,Laberit,Excepcional,,
Vitoria,Escrito en 6 de febrero de 2025,Sin puntuación,Laberit,Muy bien,,
Vitoria,Escrito en 20 de diciembre de 2024,Sin puntuación,Ada,Muy bien,,
Vitoria,Escrito en 19 de diciembre de 2024,Sin puntuación,Angela,Excepcional,,
Vitoria,Escrito en 19 de diciembre de 2024,Sin puntuación,Mª,Excepcional,,
Vitoria,Escrito en 18 de diciembre de 2024,Sin puntuación,Iratxe,Fantástico,,
Vitoria,Escrito en 17 de diciembre de 2024,Sin puntuación,Vavera,Excepcional,,
Vitoria,Escrito en 17 de diciembre de 2024,Sin puntuación,Almudena,Fantástico,,
Vitoria,Escrito en 17 de diciembre de 2024,Sin puntuación,Martina,Excepcional,,
Vitoria,Escrito en 16 de diciembre de 2024,Sin puntuación,Diana,Muy bien,,
Vitoria,Escrito en 16 de diciembre de 2024,Sin puntuación,Susana,Fantástico,,
Vitoria,Escrito en 15 de diciembre de 2024,Sin puntuación,Estibaliz,Fantástico,,
Vitoria,Escrito en 14 de diciembre de 2024,Sin puntuación,Maritorena,Muy bien,,
Vitoria,Escrito en 12 de diciembre de 2024,Sin puntuación,Miriam,Muy bien,,
Vitoria,Escrito en 9 de diciembre de 2024,Sin puntuación,Jose,Excepcional,,
Vitoria,Escrito en 9 de diciembre de 2024,Sin puntuación,María,Excepcional,,
Vitoria,Escrito en 9 de diciembre de 2024,Sin puntuación,Teresa,Muy bien,,
Vitoria,Escrito en 6 de diciembre de 2024,Sin puntuación,Natalia,Fantástico,,
Vitoria,Escrito en 2 de diciembre de 2024,Sin puntuación,Guillermo,Excepcional,,
Vitoria,Escrito en 1 de diciembre de 2024,Sin puntuación,Ivan,Muy bien,,
Vitoria,Escrito en 30 de noviembre de 2024,Sin puntuación,Abraham,Fantástico,,
Vitoria,Escrito en 28 de noviembre de 2024,Sin puntuación,Isabel,Fantástico,,
Vitoria,Escrito en 28 de noviembre de 2024,Sin puntuación,Usue,Muy bien,,
Vitoria,Escrito en 25 de noviembre de 2024,Sin puntuación,Yoko,Excepcional,,
Vitoria,Escrito en 25 de noviembre de 2024,Sin puntuación,Jon,Muy bien,,
Vitoria,Escrito en 25 de noviembre de 2024,Sin puntuación,Encinas,Excepcional,,
Vitoria,Escrito en 24 de noviembre de 2024,Sin puntuación,Mikel,Muy bien,,
Vitoria,Escrito en 8 de octubre de 2024,Sin puntuación,Lexuri,Muy bien,,
Vitoria,Escrito en 6 de octubre de 2024,Sin puntuación,Beatriz,Bien,,
Vitoria,Escrito en 5 de octubre de 2024,Sin puntuación,Josefa,Fantástico,,
Vitoria,Escrito en 5 de octubre de 2024,Sin puntuación,Maria,Excepcional,,
Vitoria,Escrito en 5 de octubre de 2024,Sin puntuación,Francisco,Muy bien,,
Vitoria,Escrito en 4 de octubre de 2024,Sin puntuación,Javier,Excepcional,,
Vitoria,Escrito en 3 de octubre de 2024,Sin puntuación,Ignacio,Fantástico,,
Vitoria,Escrito en 2 de octubre de 2024,Sin puntuación,Jon,Excepcional,,
Vitoria,Escrito en 2 de octubre de 2024,Sin puntuación,Raquel,Fantástico,,
Vitoria,Escrito en 1 de octubre de 2024,Sin puntuación,María,Fantástico,,
Vitoria,Escrito en 30 de septiembre de 2024,Sin puntuación,Bárbara,Bien,,
Vitoria,Escrito en 30 de septiembre de 2024,Sin puntuación,Maria,Excepcional,,
Vitoria,Escrito en 30 de septiembre de 2024,Sin puntuación,Kizkitza,Fantástico,,
Vitoria,Escrito en 29 de septiembre de 2024,Sin puntuación,Armando,Muy bien,,
Vitoria,Escrito en 29 de septiembre de 2024,Sin puntuación,Jennifer,Muy bien,,
Vitoria,Escrito en 27 de septiembre de 2024,Sin puntuación,Merchi,Fantástico,,
Vitoria,Escrito en 26 de septiembre de 2024,Sin puntuación,Teresa,Muy bien,,
Vitoria,Escrito en 25 de septiembre de 2024,Sin puntuación,Soler,Excepcional,,
Vitoria,Escrito en 25 de septiembre de 2024,Sin puntuación,Ricard,Excepcional,,
Vitoria,Escrito en 25 de septiembre de 2024,Sin puntuación,Sonsoles,Fantástico,,
Vitoria,Escrito en 23 de septiembre de 2024,Sin puntuación,Miriam,Excepcional,,
Vitoria,Escrito en 23 de septiembre de 2024,Sin puntuación,Alberto,Excepcional,,
Vitoria,Escrito en 23 de septiembre de 2024,Sin puntuación,Vivesfarre,Excepcional,,
Vitoria,Escrito en 22 de septiembre de 2024,Sin puntuación,Mota,Fantástico,,
Vitoria,Escrito en 22 de septiembre de 2024,Sin puntuación,Mariel,Excepcional,,
Vitoria,Escrito en 21 de agosto de 2024,Sin puntuación,Víctor,Fantástico,,
Vitoria,Escrito en 19 de agosto de 2024,Sin puntuación,Verónica,Fantástico,,
Vitoria,Escrito en 19 de agosto de 2024,Sin puntuación,África,Muy bien,,
Vitoria,Escrito en 19 de agosto de 2024,Sin puntuación,Sandra,Fantástico,,
Vitoria,Escrito en 19 de agosto de 2024,Sin puntuación,Marta,Fantástico,,
Vitoria,Escrito en 18 de agosto de 2024,Sin puntuación,David,Muy bien,,
Vitoria,Escrito en 17 de agosto de 2024,Sin puntuación,Daniela,Excepcional,,
Vitoria,Escrito en 16 de agosto de 2024,Sin puntuación,Inés,Fantástico,,
Vitoria,Escrito en 16 de agosto de 2024,Sin puntuación,Lorena,Muy bien,,
Vitoria,Escrito en 16 de agosto de 2024,Sin puntuación,Adrián,Fantástico,,
Vitoria,Escrito en 15 de agosto de 2024,Sin puntuación,Manuel,Muy bien,,
Vitoria,Escrito en 15 de agosto de 2024,Sin puntuación,Maria,Fantástico,,
Vitoria,Escrito en 14 de agosto de 2024,Sin puntuación,Daniel,Fantástico,,
Vitoria,Escrito en 14 de agosto de 2024,Sin puntuación,Ana,Muy bien,,
Vitoria,Escrito en 13 de agosto de 2024,Sin puntuación,Rosario,Muy bien,,
Vitoria,Escrito en 13 de agosto de 2024,Sin puntuación,María,Fantástico,,
Vitoria,Escrito en 13 de agosto de 2024,Sin puntuación,Ana,Excepcional,,
Vitoria,Escrito en 12 de agosto de 2024,Sin puntuación,Ramon,Excepcional,,
Vitoria,Escrito en 12 de agosto de 2024,Sin puntuación,Irene,Excepcional,,
Vitoria,Escrito en 12 de agosto de 2024,Sin puntuación,Alex,Excepcional,,
Vitoria,Escrito en 12 de agosto de 2024,Sin puntuación,Espejo,Fantástico,,
Vitoria,Escrito en 11 de agosto de 2024,Sin puntuación,Luis,Excepcional,,
Vitoria,Escrito en 11 de agosto de 2024,Sin puntuación,Ana,Excepcional,,
Vitoria,Escrito en 11 de agosto de 2024,Sin puntuación,Carla,Fantástico,,
Vitoria,Escrito en 10 de agosto de 2024,Sin puntuación,Dimas,Excepcional,,
Vitoria,Escrito en 30 de junio de 2024,Sin puntuación,Emilio,Excepcional,,
Vitoria,Escrito en 30 de junio de 2024,Sin puntuación,Marta,Excepcional,,
Vitoria,Escrito en 30 de junio de 2024,Sin puntuación,Maria,Bien,,
Vitoria,Escrito en 30 de junio de 2024,Sin puntuación,Albina,Muy bien,,
Vitoria,Escrito en 30 de junio de 2024,Sin puntuación,Cristian,Excepcional,,
Vitoria,Escrito en 30 de junio de 2024,Sin puntuación,Ángeles,Excepcional,,
Vitoria,Escrito en 27 de junio de 2024,Sin puntuación,Sofia_sss,Muy bien,,
Vitoria,Escrito en 27 de junio de 2024,Sin puntuación,Rosana,Excepcional,,
Vitoria,Escrito en 26 de junio de 2024,Sin puntuación,Juan,Muy bien,,
Vitoria,Escrito en 26 de junio de 2024,Sin puntuación,Maria,Bien,,
Vitoria,Escrito en 25 de junio de 2024,Sin puntuación,Cruz,Muy bien,,
Vitoria,Escrito en 24 de junio de 2024,Sin puntuación,Azuha,Excepcional,,
Vitoria,Escrito en 24 de junio de 2024,Sin puntuación,Susana,Excepcional,,
Vitoria,Escrito en 24 de junio de 2024,Sin puntuación,Daniel,Muy bien,,
Vitoria,Escrito en 23 de junio de 2024,Sin puntuación,Nidia,Muy bien,,
Vitoria,Escrito en 20 de junio de 2024,Sin puntuación,Maria,Excepcional,,
Vitoria,Escrito en 19 de junio de 2024,Sin puntuación,Heriberto,Muy bien,,
Vitoria,Escrito en 19 de junio de 2024,Sin puntuación,Leire,Bien,,
Vitoria,Escrito en 19 de junio de 2024,Sin puntuación,Angela,Excepcional,,
Vitoria,Escrito en 18 de junio de 2024,Sin puntuación,Gorka,Excepcional,,
Vitoria,Escrito en 18 de junio de 2024,Sin puntuación,Iker,Bien,,
Vitoria,Escrito en 18 de junio de 2024,Sin puntuación,Mendoza,Muy bien,,
Vitoria,Escrito en 17 de junio de 2024,Sin puntuación,Voinea,Excepcional,,
Vitoria,Escrito en 17 de junio de 2024,Sin puntuación,Ibañez,Excepcional,,
Vitoria,Escrito en 17 de junio de 2024,Sin puntuación,Nerea,Fantástico,,
Vitoria,Escrito en 30 de abril de 2024,Sin puntuación,Pablo,Fantástico,,
Vitoria,Escrito en 30 de abril de 2024,Sin puntuación,Javier,Muy bien,,
Vitoria,Escrito en 30 de abril de 2024,Sin puntuación,Begoña,Muy bien,,
Vitoria,Escrito en 28 de abril de 2024,Sin puntuación,David,Fantástico,,
Vitoria,Escrito en 27 de abril de 2024,Sin puntuación,Álvaro,Excepcional,,
Vitoria,Escrito en 25 de abril de 2024,Sin puntuación,Javier,“Estuvo bien.”,,
Vitoria,Escrito en 24 de abril de 2024,Sin puntuación,Andrea,Excepcional,,
Vitoria,Escrito en 23 de abril de 2024,Sin puntuación,Alba,Fantástico,,
Vitoria,Escrito en 23 de abril de 2024,Sin puntuación,Ines,Excepcional,,
Vitoria,Escrito en 22 de abril de 2024,Sin puntuación,Pablo,Muy bien,,
Vitoria,Escrito en 21 de abril de 2024,Sin puntuación,Laura,Excepcional,,
Vitoria,Escrito en 20 de abril de 2024,Sin puntuación,Marisol,Fantástico,,
Vitoria,Escrito en 19 de abril de 2024,Sin puntuación,Gabriel,Excepcional,,
Vitoria,Escrito en 18 de abril de 2024,Sin puntuación,Jesus,Fantástico,,
Vitoria,Escrito en 17 de abril de 2024,Sin puntuación,Ramos,Fantástico,,
Vitoria,Escrito en 15 de abril de 2024,Sin puntuación,Gheorghita,Excepcional,,
Vitoria,Escrito en 14 de abril de 2024,Sin puntuación,Paloma,Excepcional,,
Vitoria,Escrito en 8 de abril de 2024,Sin puntuación,Ruben,Excepcional,,
Vitoria,Escrito en 8 de abril de 2024,Sin puntuación,Berta,Fantástico,,
Vitoria,Escrito en 7 de abril de 2024,Sin puntuación,Rey,Muy bien,,
Vitoria,Escrito en 7 de abril de 2024,Sin puntuación,José,Excepcional,,
Vitoria,Escrito en 7 de abril de 2024,Sin puntuación,Borja,Muy bien,,
Vitoria,Escrito en 7 de abril de 2024,Sin puntuación,Jose,Excepcional,,
Vitoria,Escrito en 7 de abril de 2024,Sin puntuación,Santi,Fantástico,,
Vitoria,Escrito en 7 de abril de 2024,Sin puntuación,Silvia,Fantástico,,
Vitoria,Escrito en 29 de febrero de 2024,Sin puntuación,Dimitri,Excepcional,,
Vitoria,Escrito en 29 de febrero de 2024,Sin puntuación,Miguel,Fantástico,,
Vitoria,Escrito en 29 de febrero de 2024,Sin puntuación,Agurtzane,Fantástico,,
Vitoria,Escrito en 28 de febrero de 2024,Sin puntuación,Xandre,Excepcional,,
Vitoria,Escrito en 27 de febrero de 2024,Sin puntuación,Jimenez,Muy bien,,
Vitoria,Escrito en 27 de febrero de 2024,Sin puntuación,Joan,Excepcional,,
Vitoria,Escrito en 26 de febrero de 2024,Sin puntuación,Noelia,Fantástico,,
Vitoria,Escrito en 26 de febrero de 2024,Sin puntuación,Beatriz,Fantástico,,
Vitoria,Escrito en 25 de febrero de 2024,Sin puntuación,Virginia,Fantástico,,
Vitoria,Escrito en 24 de febrero de 2024,Sin puntuación,Aurora,Excepcional,,
Vitoria,Escrito en 23 de febrero de 2024,Sin puntuación,Alvaro,Excepcional,,
Vitoria,Escrito en 23 de febrero de 2024,Sin puntuación,Omar,Excepcional,,
Vitoria,Escrito en 23 de febrero de 2024,Sin puntuación,Castro,Muy bien,,
Vitoria,Escrito en 23 de febrero de 2024,Sin puntuación,Monica,Excepcional,,
Vitoria,Escrito en 23 de febrero de 2024,Sin puntuación,Luis,Fantástico,,
Vitoria,Escrito en 22 de febrero de 2024,Sin puntuación,Jone,Excepcional,,
Vitoria,Escrito en 21 de febrero de 2024,Sin puntuación,Sonia,Excepcional,,
Vitoria,Escrito en 20 de febrero de 2024,Sin puntuación,Jose,Fantástico,,
Vitoria,Escrito en 19 de febrero de 2024,Sin puntuación,Leticia,Fantástico,,
Vitoria,Escrito en 19 de febrero de 2024,Sin puntuación,Alvaro,Excepcional,,
Vitoria,Escrito en 19 de febrero de 2024,Sin puntuación,Nerea,Fantástico,,
Vitoria,Escrito en 18 de febrero de 2024,Sin puntuación,Jose,Excepcional,,
Vitoria,Escrito en 18 de febrero de 2024,Sin puntuación,Serna,Excepcional,,
Vitoria,Escrito en 18 de febrero de 2024,Sin puntuación,Amaiur,Excepcional,,
Vitoria,Escrito en 18 de febrero de 2024,Sin puntuación,Francisco,Muy bien,,
Vitoria,Escrito en 21 de enero de 2024,Sin puntuación,Isidro,Excepcional,,
Vitoria,Escrito en 21 de enero de 2024,Sin puntuación,Irati,Excepcional,,
Vitoria,Escrito en 20 de enero de 2024,Sin puntuación,Onintza,Fantástico,,
Vitoria,Escrito en 19 de enero de 2024,Sin puntuación,Xiana,Fantástico,,
Vitoria,Escrito en 18 de enero de 2024,Sin puntuación,Asier,Muy bien,,
Vitoria,Escrito en 18 de enero de 2024,Sin puntuación,Patricia,Fantástico,,
Vitoria,Escrito en 18 de enero de 2024,Sin puntuación,Iranzu,Excepcional,,
Vitoria,Escrito en 18 de enero de 2024,Sin puntuación,Villanueva,Excepcional,,
Vitoria,Escrito en 16 de enero de 2024,Sin puntuación,Joan,Excepcional,,
Vitoria,Escrito en 15 de enero de 2024,Sin puntuación,Yolanda,Excepcional,,
Vitoria,Escrito en 15 de enero de 2024,Sin puntuación,Álvaro,Excepcional,,
Vitoria,Escrito en 15 de enero de 2024,Sin puntuación,Maria,Excepcional,,
Vitoria,Escrito en 15 de enero de 2024,Sin puntuación,Ines,Excepcional,,
Vitoria,Escrito en 14 de enero de 2024,Sin puntuación,Marques,Excepcional,,
Vitoria,Escrito en 14 de enero de 2024,Sin puntuación,Eva,Fantástico,,
Vitoria,Escrito en 14 de enero de 2024,Sin puntuación,Sabino,Muy bien,,
Vitoria,Escrito en 12 de enero de 2024,Sin puntuación,Idoia,Excepcional,,
Vitoria,Escrito en 12 de enero de 2024,Sin puntuación,Noemí,Muy bien,,
Vitoria,Escrito en 10 de enero de 2024,Sin puntuación,Mónica,Excepcional,,
Vitoria,Escrito en 9 de enero de 2024,Sin puntuación,María,Fantástico,,
Vitoria,Escrito en 9 de enero de 2024,Sin puntuación,Luis,Excepcional,,
Vitoria,Escrito en 9 de enero de 2024,Sin puntuación,Alba,Muy bien,,
Vitoria,Escrito en 8 de enero de 2024,Sin puntuación,Maite,Fantástico,,
Vitoria,Escrito en 8 de enero de 2024,Sin puntuación,Ruben,Fantástico,,
Vitoria,Escrito en 7 de enero de 2024,Sin puntuación,Estefania,Fantástico,,
Vitoria,Escrito en 27 de noviembre de 2023,Sin puntuación,Luis,Fantástico,,
Vitoria,Escrito en 26 de noviembre de 2023,Sin puntuación,Teresa,Bien,,
Vitoria,Escrito en 23 de noviembre de 2023,Sin puntuación,May,Muy bien,,
Vitoria,Escrito en 22 de noviembre de 2023,Sin puntuación,David,Excepcional,,
Vitoria,Escrito en 21 de noviembre de 2023,Sin puntuación,Álvaro,Bien,,
Vitoria,Escrito en 20 de noviembre de 2023,Sin puntuación,Carlos,Fantástico,,
Vitoria,Escrito en 20 de noviembre de 2023,Sin puntuación,Álvaro,Excepcional,,
Vitoria,Escrito en 19 de noviembre de 2023,Sin puntuación,David,Fantástico,,
Vitoria,Escrito en 18 de noviembre de 2023,Sin puntuación,Carla,Excepcional,,
Vitoria,Escrito en 17 de noviembre de 2023,Sin puntuación,Aura,Fantástico,,
Vitoria,Escrito en 16 de noviembre de 2023,Sin puntuación,Ane,“genial”,,
Vitoria,Escrito en 16 de noviembre de 2023,Sin puntuación,Amigo,Muy bien,,
Vitoria,Escrito en 16 de noviembre de 2023,Sin puntuación,Vladyslav,Fantástico,,
Vitoria,Escrito en 15 de noviembre de 2023,Sin puntuación,Reformas,Excepcional,,
Vitoria,Escrito en 13 de noviembre de 2023,Sin puntuación,Carolina,Muy bien,,
Vitoria,Escrito en 13 de noviembre de 2023,Sin puntuación,Alvaro,Fantástico,,
Vitoria,Escrito en 12 de noviembre de 2023,Sin puntuación,Mª,“Perfecta”,,
Vitoria,Escrito en 12 de noviembre de 2023,Sin puntuación,Aura,Muy bien,,
Vitoria,Escrito en 10 de noviembre de 2023,Sin puntuación,Carla,Muy bien,,
Vitoria,Escrito en 6 de noviembre de 2023,Sin puntuación,Marina,Excepcional,,
Vitoria,Escrito en 5 de noviembre de 2023,Sin puntuación,Belén,Fantástico,,
Vitoria,Escrito en 3 de noviembre de 2023,Sin puntuación,Pablo,Excepcional,,
Vitoria,Escrito en 2 de noviembre de 2023,Sin puntuación,Pureza,Muy bien,,
Vitoria,Escrito en 31 de octubre de 2023,Sin puntuación,Angeles,Excepcional,,
Vitoria,Escrito en 30 de octubre de 2023,Sin puntuación,Crespo,Bien,,
Vitoria,Escrito en 12 de septiembre de 2023,Sin puntuación,Gema,Excepcional,,
Vitoria,Escrito en 12 de septiembre de 2023,Sin puntuación,Emilio,Fantástico,,
Vitoria,Escrito en 12 de septiembre de 2023,Sin puntuación,Veronica,Excepcional,,
Vitoria,Escrito en 12 de septiembre de 2023,Sin puntuación,Enrique,Fantástico,,
Vitoria,Escrito en 12 de septiembre de 2023,Sin puntuación,Enrique,Fantástico,,
Vitoria,Escrito en 12 de septiembre de 2023,Sin puntuación,Enrique,Fantástico,,
Vitoria,Escrito en 12 de septiembre de 2023,Sin puntuación,Lorena,Fantástico,,
Vitoria,Escrito en 10 de septiembre de 2023,Sin puntuación,Maria,Excepcional,,
Vitoria,Escrito en 9 de septiembre de 2023,Sin puntuación,Tomas,Muy bien,,
Vitoria,Escrito en 9 de septiembre de 2023,Sin puntuación,Isidro,Bien,,
Vitoria,Escrito en 9 de septiembre de 2023,Sin puntuación,Ibon,Bien,,
Vitoria,Escrito en 8 de septiembre de 2023,Sin puntuación,Katerin,Excepcional,,
Vitoria,Escrito en 8 de septiembre de 2023,Sin puntuación,Javier,Fantástico,,
Vitoria,Escrito en 8 de septiembre de 2023,Sin puntuación,Felipe,Excepcional,,
Vitoria,Escrito en 8 de septiembre de 2023,Sin puntuación,Jovi,Fantástico,,
Vitoria,Escrito en 8 de septiembre de 2023,Sin puntuación,Luis,Muy bien,,
Vitoria,Escrito en 8 de septiembre de 2023,Sin puntuación,Belen,Fantástico,,
Vitoria,Escrito en 7 de septiembre de 2023,Sin puntuación,María,Fantástico,,
Vitoria,Escrito en 6 de septiembre de 2023,Sin puntuación,Irene,Excepcional,,
Vitoria,Escrito en 6 de septiembre de 2023,Sin puntuación,Gustavo,Muy bien,,
Vitoria,Escrito en 6 de septiembre de 2023,Sin puntuación,Maite,Fantástico,,
Vitoria,Escrito en 6 de septiembre de 2023,Sin puntuación,Olgaberezh,Fantástico,,
Vitoria,Escrito en 5 de septiembre de 2023,Sin puntuación,Tomás,Muy bien,,
Vitoria,Escrito en 4 de septiembre de 2023,Sin puntuación,Caloca,Muy bien,,
Vitoria,Escrito en 4 de septiembre de 2023,Sin puntuación,Pablo,Muy bien,,
Vitoria,Escrito en 7 de agosto de 2023,Sin puntuación,Maria,Fantástico,,
Vitoria,Escrito en 7 de agosto de 2023,Sin puntuación,Raquel,Muy bien,,
Vitoria,Escrito en 7 de agosto de 2023,Sin puntuación,Martinez,Fantástico,,
Vitoria,Escrito en 6 de agosto de 2023,Sin puntuación,Jana,Excepcional,,
Vitoria,Escrito en 4 de agosto de 2023,Sin puntuación,Teresa,Excepcional,,
Vitoria,Escrito en 4 de agosto de 2023,Sin puntuación,Rebeca,Muy bien,,
Vitoria,Escrito en 2 de agosto de 2023,Sin puntuación,Maria,Bien,,
Vitoria,Escrito en 2 de agosto de 2023,Sin puntuación,Cristina,Muy bien,,
Vitoria,Escrito en 2 de agosto de 2023,Sin puntuación,Fernando,Fantástico,,
Vitoria,Escrito en 1 de agosto de 2023,Sin puntuación,Jose,Excepcional,,
Vitoria,Escrito en 1 de agosto de 2023,Sin puntuación,Carme,Fantástico,,
Vitoria,Escrito en 31 de julio de 2023,Sin puntuación,Iker,Fantástico,,
Vitoria,Escrito en 31 de julio de 2023,Sin puntuación,María,Fantástico,,
Vitoria,Escrito en 31 de julio de 2023,Sin puntuación,Shuangping,Muy bien,,
Vitoria,Escrito en 31 de julio de 2023,Sin puntuación,Maria,Fantástico,,
Vitoria,Escrito en 30 de julio de 2023,Sin puntuación,Angel,Fantástico,,
Vitoria,Escrito en 30 de julio de 2023,Sin puntuación,Carlos,Fantástico,,
Vitoria,Escrito en 30 de julio de 2023,Sin puntuación,Miguel,Excepcional,,
Vitoria,Escrito en 30 de julio de 2023,Sin puntuación,Sandra,Fantástico,,
Vitoria,Escrito en 30 de julio de 2023,Sin puntuación,Jesús,Muy bien,,
Vitoria,Escrito en 30 de julio de 2023,Sin puntuación,Ruiz,Fantástico,,
Vitoria,Escrito en 28 de julio de 2023,Sin puntuación,Andres,Excepcional,,
Vitoria,Escrito en 27 de julio de 2023,Sin puntuación,Almudena,Fantástico,,
Vitoria,Escrito en 27 de julio de 2023,Sin puntuación,Jose,Bien,,
Vitoria,Escrito en 25 de julio de 2023,Sin puntuación,Gabriel,Excepcional,,
Vitoria,Escrito en 9 de junio de 2023,Sin puntuación,David,Excepcional,,
Vitoria,Escrito en 6 de junio de 2023,Sin puntuación,Maria,Fantástico,,
Vitoria,Escrito en 6 de junio de 2023,Sin puntuación,Soraya,Fantástico,,
Vitoria,Escrito en 5 de junio de 2023,Sin puntuación,Jéssica,Muy bien,,
Vitoria,Escrito en 5 de junio de 2023,Sin puntuación,Magali,Fantástico,,
Vitoria,Escrito en 4 de junio de 2023,Sin puntuación,Marta,Fantástico,,
Vitoria,Escrito en 4 de junio de 2023,Sin puntuación,F,Excepcional,,
Vitoria,Escrito en 4 de junio de 2023,Sin puntuación,Juan,Bien,,
Vitoria,Escrito en 3 de junio de 2023,Sin puntuación,Galicia,Excepcional,,
Vitoria,Escrito en 31 de mayo de 2023,Sin puntuación,Trabel_er,Excepcional,,
Vitoria,Escrito en 26 de mayo de 2023,Sin puntuación,Óscar,Excepcional,,
Vitoria,Escrito en 26 de mayo de 2023,Sin puntuación,Andrea,Fantástico,,
Vitoria,Escrito en 24 de mayo de 2023,Sin puntuación,Marina,Muy bien,,
Vitoria,Escrito en 23 de mayo de 2023,Sin puntuación,Ana,Muy bien,,
Vitoria,Escrito en 22 de mayo de 2023,Sin puntuación,M,Excepcional,,
Vitoria,Escrito en 21 de mayo de 2023,Sin puntuación,Sandra,Muy bien,,
Vitoria,Escrito en 21 de mayo de 2023,Sin puntuación,Tamara,Excepcional,,
Vitoria,Escrito en 21 de mayo de 2023,Sin puntuación,Marta,Muy bien,,
Vitoria,Escrito en 19 de mayo de 2023,Sin puntuación,Miguel,Excepcional,,
Vitoria,Escrito en 19 de mayo de 2023,Sin puntuación,Sara,Muy bien,,
Vitoria,Escrito en 16 de mayo de 2023,Sin puntuación,Antonio,Fantástico,,
Vitoria,Escrito en 16 de mayo de 2023,Sin puntuación,Elena,Fantástico,,
Vitoria,Escrito en 16 de mayo de 2023,Sin puntuación,Saúl,Muy bien,,
Vitoria,Escrito en 16 de mayo de 2023,Sin puntuación,Maria,Bien,,
Vitoria,Escrito en 15 de mayo de 2023,Sin puntuación,Maria,Fantástico,,
Vitoria,Escrito en 13 de abril de 2023,Sin puntuación,Vicent,Bien,,
Vitoria,Escrito en 11 de abril de 2023,Sin puntuación,Daniel,Fantástico,,
Vitoria,Escrito en 11 de abril de 2023,Sin puntuación,Cvr,Excepcional,,
Vitoria,Escrito en 11 de abril de 2023,Sin puntuación,Felipedd,Excepcional,,
Vitoria,Escrito en 10 de abril de 2023,Sin puntuación,Manuel,Excepcional,,
Vitoria,Escrito en 10 de abril de 2023,Sin puntuación,Yeison,Excepcional,,
Vitoria,Escrito en 10 de abril de 2023,Sin puntuación,Justo,"“En general, todo bien”",,
Vitoria,Escrito en 10 de abril de 2023,Sin puntuación,Lea_91,Muy bien,,
Vitoria,Escrito en 10 de abril de 2023,Sin puntuación,Mikel,Excepcional,,
Vitoria,Escrito en 8 de abril de 2023,Sin puntuación,Sandra,Fantástico,,
Vitoria,Escrito en 7 de abril de 2023,Sin puntuación,Marta,Fantástico,,
Vitoria,Escrito en 7 de abril de 2023,Sin puntuación,Javier,Excepcional,,
Vitoria,Escrito en 6 de abril de 2023,Sin puntuación,Carlos,Fantástico,,
Vitoria,Escrito en 6 de abril de 2023,Sin puntuación,Nonomonono,Excepcional,,
Vitoria,Escrito en 6 de abril de 2023,Sin puntuación,Calderón,Excepcional,,
Vitoria,Escrito en 4 de abril de 2023,Sin puntuación,Alicia,Fantástico,,
Vitoria,Escrito en 4 de abril de 2023,Sin puntuación,Juan,Bien,,
Vitoria,Escrito en 4 de abril de 2023,Sin puntuación,Sara,Bien,,
Vitoria,Escrito en 3 de abril de 2023,Sin puntuación,Duran,Muy bien,,
Vitoria,Escrito en 3 de abril de 2023,Sin puntuación,Laura,Excepcional,,
Vitoria,Escrito en 2 de abril de 2023,Sin puntuación,Noelia,Muy bien,,
Vitoria,Escrito en 2 de abril de 2023,Sin puntuación,Manu,Excepcional,,
Vitoria,Escrito en 2 de abril de 2023,Sin puntuación,Maite,Fantástico,,
Vitoria,Escrito en 2 de abril de 2023,Sin puntuación,Jose,Excepcional,,
Vitoria,Escrito en 2 de abril de 2023,Sin puntuación,Cosgaya,Excepcional,,
Vitoria,Escrito en 6 de febrero de 2023,Sin puntuación,Miguel,Fantástico,,
Vitoria,Escrito en 5 de febrero de 2023,Sin puntuación,Cristina,Excepcional,,
Vitoria,Escrito en 4 de febrero de 2023,Sin puntuación,Leire,Excepcional,,
Vitoria,Escrito en 3 de febrero de 2023,Sin puntuación,Nazareth,Excepcional,,
Vitoria,Escrito en 3 de febrero de 2023,Sin puntuación,Roberto,Fantástico,,
Vitoria,Escrito en 3 de febrero de 2023,Sin puntuación,Itxaso,Muy bien,,
Vitoria,Escrito en 3 de febrero de 2023,Sin puntuación,Pablo,Muy bien,,
Vitoria,Escrito en 2 de febrero de 2023,Sin puntuación,Iñigo,Muy bien,,
Vitoria,Escrito en 1 de febrero de 2023,Sin puntuación,Pablo,Excepcional,,
Vitoria,Escrito en 1 de febrero de 2023,Sin puntuación,Fontdegloria,Excepcional,,
Vitoria,Escrito en 1 de febrero de 2023,Sin puntuación,Nuria,Fantástico,,
Vitoria,Escrito en 31 de enero de 2023,Sin puntuación,Jorge,Fantástico,,
Vitoria,Escrito en 30 de enero de 2023,Sin puntuación,Miren,Muy bien,,
Vitoria,Escrito en 30 de enero de 2023,Sin puntuación,Alejandro,Excepcional,,
Vitoria,Escrito en 29 de enero de 2023,Sin puntuación,Elixabet,Fantástico,,
Vitoria,Escrito en 29 de enero de 2023,Sin puntuación,Francis,Fantástico,,
Vitoria,Escrito en 28 de enero de 2023,Sin puntuación,Francisca,Excepcional,,
Vitoria,Escrito en 27 de enero de 2023,Sin puntuación,Pelayo,Muy bien,,
Vitoria,Escrito en 27 de enero de 2023,Sin puntuación,Silvana,Excepcional,,
Vitoria,Escrito en 26 de enero de 2023,Sin puntuación,Marian,Muy bien,,
Vitoria,Escrito en 26 de enero de 2023,Sin puntuación,Ana,Excepcional,,
Vitoria,Escrito en 25 de enero de 2023,Sin puntuación,Maria,Excepcional,,
Vitoria,Escrito en 24 de enero de 2023,Sin puntuación,Juan,Muy bien,,
Vitoria,Escrito en 23 de enero de 2023,Sin puntuación,María,Excepcional,,
Vitoria,Escrito en 23 de enero de 2023,Sin puntuación,Adrian,Fantástico,,
Vitoria,Escrito en 5 de abril de 2024,Sin puntuación,Maria,Agradable,,
Vitoria,Escrito en 24 de marzo de 2024,Sin puntuación,Andoni,Muy mal,,
Vitoria,Escrito en 5 de marzo de 2024,Sin puntuación,Aitor,Aceptable,,
Vitoria,Escrito en 22 de febrero de 2024,Sin puntuación,Belén,Agradable,,
Vitoria,Escrito en 13 de febrero de 2024,Sin puntuación,Aitana,Muy mal,,
Vitoria,Escrito en 4 de febrero de 2024,Sin puntuación,Aitor,Mal,,
Vitoria,Escrito en 4 de enero de 2024,Sin puntuación,Celia,Agradable,,
Vitoria,Escrito en 27 de diciembre de 2023,Sin puntuación,Valentín,Mal,,
Vitoria,Escrito en 28 de noviembre de 2023,Sin puntuación,Beatrix,Aceptable,,
Vitoria,Escrito en 25 de septiembre de 2023,Sin puntuación,Asunción,Agradable,,
Vitoria,Escrito en 21 de septiembre de 2023,Sin puntuación,Francisco,Agradable,,
Vitoria,Escrito en 6 de septiembre de 2023,Sin puntuación,Francisco,Agradable,,
Vitoria,Escrito en 26 de agosto de 2023,Sin puntuación,David,Aceptable,,
Vitoria,Escrito en 20 de agosto de 2023,Sin puntuación,Vanessa,Aceptable,,
Vitoria,Escrito en 20 de agosto de 2023,Sin puntuación,Carmen,Aceptable,,
Vitoria,Escrito en 4 de agosto de 2023,Sin puntuación,Maria,Muy mal,,
Vitoria,Escrito en 2 de agosto de 2023,Sin puntuación,Tenor,Aceptable,,
Vitoria,Escrito en 31 de julio de 2023,Sin puntuación,Francisco,Agradable,,
Vitoria,Escrito en 29 de julio de 2023,Sin puntuación,Alejandra,Agradable,,
Vitoria,Escrito en 30 de junio de 2023,Sin puntuación,Pérez,Decepcionante,,
Vitoria,Escrito en 27 de junio de 2023,Sin puntuación,Jose,Aceptable,,
Vitoria,Escrito en 24 de junio de 2023,Sin puntuación,Jesus,Muy mal,,
Vitoria,Escrito en 23 de junio de 2023,Sin puntuación,Fernando,Agradable,,
Vitoria,Escrito en 23 de junio de 2023,Sin puntuación,Martín,Agradable,,
Vitoria,Escrito en 18 de abril de 2023,Sin puntuación,Antonio,Agradable,,
Donosti,Escrito en 30 de diciembre de 2025,Sin puntuación,Elena,Muy bien,La situación,Las toallas no secan y el jabón de la ducha complicado para salir
Donosti,Escrito en 29 de diciembre de 2025,Sin puntuación,Marisa,“muy Buena estadia”,Buena ubicación y lindo desayuno. Pudimos estar todos juntos que eramos muchos,
Donosti,Escrito en 15 de diciembre de 2025,Sin puntuación,Jon,Muy bien,Comodidad de las camas,Poca presión en la ducha
Donosti,Escrito en 11 de diciembre de 2025,Sin puntuación,Sosuke,Muy bien,Bien ubicado y tranquilo,
Donosti,Escrito en 11 de diciembre de 2025,Sin puntuación,Agur,Muy bien,,"Que no te dejen entrar hasta las 15 horas y que si te dejan antes, a las 13 horas, hay que pagar 15 euros."
Donosti,Escrito en 30 de noviembre de 2025,Sin puntuación,Elena,Muy bien,En general todo bien.,Un poco lejos del centro.
Donosti,Escrito en 18 de noviembre de 2025,Sin puntuación,Alba,“Buen relación calidad precio”,"Fácil check in, buena localización a 20 min andando por el paseo de la concha al centro
Habitación grande cómoda y bien dividida, no se escuchaba mucho ruido y eso que estaba lleno
Buenas zonas comunes en la planta 1
Nuestra habitación tenía unas vistas chulisimas
Buen servicio de cafetería y buen ambiente","No es fácil encontrar aparcamiento si llevas coche y es zona verde (de pago, aunque la mañana de un sábado son solo 4 € mucho más económico que un parking)"
Donosti,Escrito en 9 de noviembre de 2025,Sin puntuación,Antonio,“Limpio y buena atención”,"Atención del personal
La limpieza",Quizás un poco lejos del centro para ir andando
Donosti,Escrito en 8 de noviembre de 2025,Sin puntuación,Richard,Bien,,"A las 05:00 han llegado un grupo haciendo ruido/ bebidos supuestamente. 
Ya no he vuelto a dormir"
Donosti,Escrito en 6 de noviembre de 2025,Sin puntuación,Ana,Muy bien,Fue simple y practica la reserva y el check in. Es un lugar ordenado y estructurado.,"Para todo aquel que este pensando reservar en este lugar debe saber que este hostal está ubicado encima de una colina y es cansado llegar y salir. Hay transporte urbano cerca pero igual toca subir o bajar la montaña. Pensé que iba a estar en el área comercial y no es así, alrededor hay apartamentos solamente. Al caminar un par de cuadras ya encuentras comercios pero no alrededor inmediato."
Donosti,Escrito en 4 de noviembre de 2025,Sin puntuación,Claudia,Bien,La relación calidad - precio. Ideal para pasar un par de días entre amigas. A 20 minutos del centro de san Sebastián en autobús. Cómodo y agradable con un desayuno muy bueno relación precio! Recomendable.,"La habitación de 6 era pequeña para dejar maletas, mochilas, etc. y un baño para 6 chicas puede quedarse escaso en ocasiones. El resto todo muy bien!"
Donosti,Escrito en 3 de noviembre de 2025,Sin puntuación,Aitor,“Buen hostal en Donostia”,"Habitacion bien, todo limpio y el personal majo.",Todo fue bien
Donosti,Escrito en 28 de octubre de 2025,Sin puntuación,Juan,Fantástico,Facilidades dadas por el personal,
Donosti,Escrito en 24 de octubre de 2025,Sin puntuación,Sánchez,Muy bien,El compartir con otros viajeros,
Donosti,Escrito en 22 de octubre de 2025,Sin puntuación,Camila,"“Personal amable, no tan cómodo”","El personal, muy amable",Mal olor de los desagües en los baños. Colchón de espuma se aplastaba hasta que terminadas durmiendo sobre la tabla de la cama
Donosti,Escrito en 20 de octubre de 2025,Sin puntuación,Carlos,“Buena ubicación.”,Estaba muy céntrico. La ubicación es buena aunque hay que subir una cuesta grande para llegar.,Camas incómodas y habitación justita.
Donosti,Escrito en 19 de octubre de 2025,Sin puntuación,Duron,“Bien!!”,"Ubicación, limpieza, camareros muy bien(Mojar)!!",
Donosti,Escrito en 17 de octubre de 2025,Sin puntuación,Ingold,Bien,Buena ubicación. Básicamente p gente joven. Muy amables todos los que trabajan,
Donosti,Escrito en 15 de octubre de 2025,Sin puntuación,Mariano,Muy bien,Hubicacion,
Donosti,Escrito en 12 de octubre de 2025,Sin puntuación,David,Fantástico,Todo,Nada
Donosti,Escrito en 12 de octubre de 2025,Sin puntuación,Ivan,“Limpio y bien ubicado”,Limpieza y buena ubicación. El personal muy amable,
Donosti,Escrito en 10 de octubre de 2025,Sin puntuación,Elena,Fantástico,,Me gustaría que la camas tuvieran cortinas para más intimidad
Donosti,Escrito en 10 de octubre de 2025,Sin puntuación,Luz,Fantástico,"La comodidad, el silencio y la vista",
Donosti,Escrito en 2 de octubre de 2025,Sin puntuación,Ruiz,Fantástico,La atención del personal a cargo... Profesionales responsables,La ubicación física algo lejana
Donosti,Escrito en 27 de abril de 2025,Sin puntuación,Ixone,Bien,Habitación funcional y muy limpia en Ondarreta,La cafetería no habría hasta las 8
Donosti,Escrito en 27 de abril de 2025,Sin puntuación,Maria,“Una buena ubicación”,"Nos gustó la ubicación, está cerca para ir caminando a conocer San Sebastián, la playa, restaurantes, y las vistas de la habitación",Quizás que es difícil de acaparar
Donosti,Escrito en 22 de abril de 2025,Sin puntuación,Wissam,Bien,La amabilidad del personal,"Había mucha gente, pero por el precio, está bastante bien"
Donosti,Escrito en 21 de abril de 2025,Sin puntuación,Nerina,Bien,,"Que tarden tanto tiempo en devolver la fianza, cuando ponen que se hace en 48 horas."
Donosti,Escrito en 19 de abril de 2025,Sin puntuación,Eva,Fantástico,El personal muy amable . Y la habitación familiar amplia .,Los vecinos un poco ruidosos pero a la noche se comportaron .
Donosti,Escrito en 16 de abril de 2025,Sin puntuación,Catalina,Bien,La habitación,El desayuno
Donosti,Escrito en 12 de abril de 2025,Sin puntuación,Alejandro,“Muy buena opción”,Higiene,Todo muy bien
Donosti,Escrito en 7 de abril de 2025,Sin puntuación,Antonio,Fantástico,Precio,Baño un poco sucio
Donosti,Escrito en 31 de marzo de 2025,Sin puntuación,Tatiana,“Camas no muy cómodas”,"La habitación era amplia y limpia. Ubicado en un barrio aparentemente seguro, pero la calle era bastante desierta por la noche. Hay bares y restaurantes cerca de 10 minutos caminando. Las camas no son cómodas. Fue el mejor precio aunque sea un poco caro para un hostel .",
Donosti,Escrito en 17 de marzo de 2025,Sin puntuación,Rafael,“Muy buena”,Buenos,Todo bien
Donosti,Escrito en 16 de marzo de 2025,Sin puntuación,Leila,“Buena opción para el barrio Antiguo”,"El acceso con código, muy cómodo. La habitación estaba bien y dormimos muy bien. La ubicación es ideal si se quiere estar en la zona de Antiguo, pero también es fácil llegar al centro en autobús.",Pasamos calor por la noche porque el aire estaba puesto (creemos que se encendía forma automática porque no encontramos ningún mando).
Donosti,Escrito en 7 de marzo de 2025,Sin puntuación,Maria,Fantástico,"Buena relación calidad precio, es un lugar con espacios compartidos.",
Donosti,Escrito en 4 de marzo de 2025,Sin puntuación,Gus,“Estubo Bien.”,La ubicación y la limpieza del lugar.,"Camarotes sin cortina y muy pequeños. Los codigos de acceso, con menos digitos seria mejor. Alguno del personal de limpieza de la noche quizas necesite mas motivación laboral y mejorar sus habilidades de comunicación."
Donosti,Escrito en 3 de marzo de 2025,Sin puntuación,Laura,“Relación calidad precio estupendo”,"Las habitaciones son amplias y los colchones cómodos. Las vistas desde la 4a planta eran muy bonitas 
El barrio aunque no es céntrico tiene de todo y es tranquilo",La calefacción la ajustan desde la recepción y el split hace algo de ruido que molesta para dormir
Donosti,Escrito en 3 de marzo de 2025,Sin puntuación,Alba,“Buena calidad precio”,Calidad precio buena,"Está un poco lejos, cerca de la playa Ondarreta pero subiendo una cuesta"
Donosti,Escrito en 27 de febrero de 2025,Sin puntuación,Pilar,Muy bien,Lo que más me gustó fueron los recepcionistas en especial Mohamed y una chica que no recuerdo el nombre.Muy amables y atentos en todo momento,Más que del alojamiento fueron algunas personas cenando más tarde de las 23h en la cocina hablando casi gritando…
Donosti,Escrito en 26 de febrero de 2025,Sin puntuación,Marlene,Fantástico,La limpieza,Cortinas para las camas individuales que permiten más privacidad.
Donosti,Escrito en 24 de febrero de 2025,Sin puntuación,Saez,Bien,La habitación para parejas con baño privado estaba muy bien con todo lo necesario.,"Sin haber hecho el check out, alguien nos abrió la puerta estando en la habitación."
Donosti,Escrito en 7 de febrero de 2025,Sin puntuación,Juan,Muy bien,Está bien y entre semana el precio era muy bueno siendo Sanse,"Mucho mensaje,"
Donosti,Escrito en 3 de febrero de 2025,Sin puntuación,Oga,“Muy recomendable para familias”,"Hemos estado genial! Habitación muy limpia, ubicación muy buena, en general calidad - precio excelente!",
Donosti,Escrito en 2 de febrero de 2025,Sin puntuación,Carlos,Fantástico,Sencillo la forma de trabajar y comodo de uso,Me falto parking
Donosti,Escrito en 28 de enero de 2025,Sin puntuación,Roberto,Muy bien,Todo,Nada
Donosti,Escrito en 27 de enero de 2025,Sin puntuación,Belen,Fantástico,Calidad precio,
Donosti,Escrito en 27 de enero de 2025,Sin puntuación,Juana,Muy bien,,"La habitación era muy pequeña,en las fotos parece más amplia"
Donosti,Escrito en 26 de enero de 2025,Sin puntuación,Martínez,Muy bien,"El lugar fue conveniente para nuestras necesidades, estaba limpio y el personal es amable","El personal no es muy eficiente para responder las consultas que se hacen a través de la plataforma, nunca respondieron"
Donosti,Escrito en 20 de agosto de 2024,Sin puntuación,Dumaris,Bien,La habitación estaba mejor qué la del día anterior y eso que está me costó menos y tenía baño privado.,
Donosti,Escrito en 19 de agosto de 2024,Sin puntuación,Sandra,“Bien koisi”,Las camas muy cómodas,Algo pequeñas las habitaciones para 6.personas
Donosti,Escrito en 19 de agosto de 2024,Sin puntuación,Alexia,Bien,,El espacio era muy pequeña para 4 personas y los colchones eran incómodos
Donosti,Escrito en 18 de agosto de 2024,Sin puntuación,Jose,"“Ubiacación muy buena, calidad/precio insuperable.”","Ubicación muy buena, se puede ir andanado a la Playa de la Concha.",
Donosti,Escrito en 18 de agosto de 2024,Sin puntuación,Paula,"“Agradable y buena localización, pero con algo de ausencia de limpieza”",compartimentos de las camas muy cómodos y el personal fue muy agradable.,"Los bolsillitos de mi cama donde se suele dejar el móvil, cargador etc, el equipo de limpieza no les había revisado y fue bastante desagradable encontrarme ahí varios plásticos y un tapón de oídos. No dan toallas y el servicio si las pides cuenta 3€."
Donosti,Escrito en 17 de agosto de 2024,Sin puntuación,Yedri,“Bien para una noche”,"La ubicación, a solo 8 min a pie del paseo de la concha.","Tener que esperar hasta las 15:00 para recibir la clave al mvl y poder entrar en la habitación, de normal si la habitación ya está limpia te dejan entrar. 
El hostel está ubicado en una cuesta y si haces caso a Google te manda por una calle empinada de escaleras."
Donosti,Escrito en 16 de agosto de 2024,Sin puntuación,Dvgf1988,“Dudo volver. No resultó lo que esperaba.”,"La ubicación y la atención de las dos argentinas en recepción. 
Candela fue la que me avisó que teníamos un área común con heladera y microondas, baños extras y lugar para colgar. De 5 días que me quedé, me entero el día 4, y solamente porque se lo pregunté. Me da la sensación de que no quieren explicar el funcionamiento del hostel. No sé por qué.","El desayuno no es continental como dice en la descripción al reservar. Son 4 opciones y hay que elegir una, me pareció bastante pobre.
En el baño, podrían agregar ganchos o estantes porque es imposible bañarse sin mojar todo lo que uno lleva.
No dan toallas y el espacio designado para colgar las propias no alcanza y están todas juntas, por lo tanto, no se airean y no se secan.
Quizás sería una buena idea no tener un código tan largo para ir accediendo a todos lados, es bastante incómodo y, en general, había que usarlo varias veces porque no funcionaba muy bien las cerraduras.
El ascensor siempre tuvo mal olor. No sé por qué.
Los lockers (al menos en la habitación que estuve yo) no tienen sentido: la cama 3 tenía el locker en El extremo de la habitación, al lado de la cama 7, por ejemplo... Habiendo lockers casi pegados a mi cama. 
Por último, estaría bueno aclarar reglas, ya que los hombres se paseaban y dormían siempre en ropa interior (cuando las mujeres no podés hacer eso, ya se sabe)."
Donosti,Escrito en 15 de agosto de 2024,Sin puntuación,Cristobal,"“San Sebastián, y su esplendor.”","Habitaciones impecables, baño privado, buen espacio para una familia numerosa, a minutos caminando de la playa. restaurantes, bares, etc. muy buen lugar en el primer piso muy buen ambiente con barra y desayuno disponible.",
Donosti,Escrito en 15 de agosto de 2024,Sin puntuación,Manuel,"“Personal simpático, muy limpio todo y colchones muy cómodos. Lo único que destacaría negativamente es que la habitación”",Colchones muy cómodos.,Muy estrecha la habitación para cuatro personas
Donosti,Escrito en 14 de agosto de 2024,Sin puntuación,Virginia,“Una amistad y un buen recuerdo de este hostal”,"Las instalaciones del hostal son nuevas y modernas.
Se respira un ambiente fresco y agradable en las zonas comunes, propicio para entablar una amistad tomando algo, charlando y/o jugando a las cartas. 
Muy recomendable la pizza para cenar, una opción rica y económica.","El hostal no está en el centro, pero se puede llegar fácilmente en bus.
Por ponerle un pero a las habitaciones: las barras de sujeción para subir a las literas superiores rechinaban y no resultaban demasiado cómodas para una persona de baja estatura como yo."
Donosti,Escrito en 14 de agosto de 2024,Sin puntuación,Claudia,Fantástico,"El hostel es muy pulcro y moderno, me gusta mucho que nos separen en chicos y chicas, todo el personal fue muy amable. Se encuentra muy cerca de la playa de Ondarreta y a unos 12 minutos del centro en autobús.
El desayuno fue espectacular, tenían fruta fresca todos los días.",
Donosti,Escrito en 12 de agosto de 2024,Sin puntuación,Josep,“Cómodo para dormir.”,Zona tranquila. Funcional.aire acondicionado. Buena insonorización. Espacios comunes amplios. Se puede aparcar en zona verde/azul a precio razonable.,Un poco justo para 4 adultos. Se cabe bien pero el espacio es solo para dormir. El centro está a un buen paseo.
Donosti,Escrito en 12 de agosto de 2024,Sin puntuación,Susana,Bien,El personal de recepción,"Lavabo y ducha juntos, puerta de la ducha no se podía cerrar"
Donosti,Escrito en 8 de agosto de 2024,Sin puntuación,Juan,Muy bien,Muy buena ubicación. El hostel está muy limpio y muy buena atención del personal.,La habitación me pareció muy pequeña. Apenas había espacio para las maletas.
Donosti,Escrito en 6 de agosto de 2024,Sin puntuación,Maria,Bien,"Estaba en una habitación compartida con 8 camas y el espacio muy bien, con las taquillasCerca de la playa de Ondarreta","El compartir un baño para 8 personas, me parece mucho"
Donosti,Escrito en 29 de julio de 2024,Sin puntuación,Camila,“Estuvo bien”,Descanso y silencio,El baño esta un poco descuidado durante el día.
Donosti,Escrito en 25 de julio de 2024,Sin puntuación,Carlos,Muy bien,Si.,Limpieza de los baños.
Donosti,Escrito en 24 de julio de 2024,Sin puntuación,Marina,Muy bien,"Atención  del personal de recepción 
Calidad precio, cercanía a la Concha",La habitación un poco justa para 8 chicas
Donosti,Escrito en 17 de julio de 2024,Sin puntuación,Candia,“Super guay”,La ubicación cerca de la playa,No tener parking interno
Donosti,Escrito en 8 de julio de 2024,Sin puntuación,Adriana,“Expectativas cumplidas”,Instalaciones limpias y modernas,Que no ofrezcan opciones de gastronomía ni siquiera por autoservicio
Donosti,Escrito en 4 de julio de 2024,Sin puntuación,Belen,“Muy comodo y limpio”,"La cama, la habitacion y el baño son confortables. La diatribucion de la habitación muy practica. Todo estaba muy limpio.",Esta bastante apartado del centro. No hay ambiente peregrino. No hay desayuno hasta las 8. Pero es muy facil retomar el Camino desde donde esta ubicado.
Donosti,Escrito en 2 de julio de 2024,Sin puntuación,Nati,“Genial”,"La ubicación perfecta, el desayuno un poco escaso (no había huevos), colchones buenos y buena limpieza.La play más cercana era Ondarreta y nos dimos el primer baño del año.",Un poco más de espacio. La habitación de 6 dejarla para 4
Donosti,Escrito en 1 de julio de 2024,Sin puntuación,Anartz,“Cómodo y barato”,"El hostal es limpio, está en un sitio tranquilo y está bien de precio.","No me gustó que la recepción fuera virtual. Puede que sea una opción moderna, pero se agradece que alguien te reciba al llegar para explicarte un poco el funcionamiento del hostal. De todas formas, el de la limpieza y la de la cafetería me atendieron muy bien."
Donosti,Escrito en 29 de junio de 2024,Sin puntuación,María,Bien,La ubicación estaba muy bien,"Cogí una habitación para mujeres y el baño estaba fuera, junto a una habitación para hombres. La chica que atendía en los desayunos no pudo hacerme el favor de darme el desayuno o siquiera tomarme el pedido 5 min antes de las 8. Al final me tuve que ir corriendo sin el desayuno por el que ya había pagado."
Donosti,Escrito en 24 de junio de 2024,Sin puntuación,Gines,Fantástico,La amabilidad y la flexibilidad.,Nada
Donosti,Escrito en 8 de enero de 2024,Sin puntuación,Ivan,“Muy buen hostal ubicado en una buena zona”,Desayuno estuvo muy bien. Sencillo y simple,El espacio de las habitaciones. Muy pequeño en especial para las familias.
Donosti,Escrito en 8 de enero de 2024,Sin puntuación,Eliza,“Calidad-precio bien!”,"La ubicacion era buena, el personal muy amable y muy buen precio teniendo en cuenta la temporada.",Las ventanas no podian abrirse en totalidad.
Donosti,Escrito en 11 de diciembre de 2023,Sin puntuación,Silvia,“Cómoda pero un poco alejada de la zona de turismo”,La comodidad de las camas,"La distribución del baño, estaba muy frío porque el aire acondicionado solo estaba en la habitación."
Donosti,Escrito en 10 de diciembre de 2023,Sin puntuación,Judith,Muy bien,"Las vistas, y lo agradable que era el cuidador con el turno nocturno","Antes de entrar nos dieron mal información, las almohadas y colchón muy usadas, suciedad en la habitación, como por ej una bolsa de burguer king, pelos entre los colchones y sangre en el suelo"
Donosti,Escrito en 5 de diciembre de 2023,Sin puntuación,Milla,“Un bueno hostel para encontrar otras personas.”,El ambiente,El desayuno bastante caro para un café y sándwich
Donosti,Escrito en 3 de diciembre de 2023,Sin puntuación,Carlos,Muy bien,Todo súper bien,
Donosti,Escrito en 28 de noviembre de 2023,Sin puntuación,Marta,“perfecta ubicación”,La ubicación,Habitación demasiado pequeña para 6 personas
Donosti,Escrito en 20 de noviembre de 2023,Sin puntuación,Andres,"“Un sitio muy bonito, repetiré seguramente”",Las vistas desde la habitación son impresionante,"Me perdí al llegar, pero se encuentra rápido"
Donosti,Escrito en 17 de noviembre de 2023,Sin puntuación,Dvallejom,“razonable para una ciudad muy cara en alojamientos”,"El desayuno es muy correcto. Las instalaciones limpias, personal en general amable, y las vistas son geniales desde la cuarta planta. Los baños son limpios y las zonas comunes también, sin queja ninguna.","Para llevar bebes, se queda todo algo estrecho/pequeño. Se nos recomendó dejar el coche en un parking a 10 minutos andando, cuando se puede aparcar en zona azul durante más de 3 días (si vas en fin de semana) sin problemas. Tuvimos algún problema con los códigos de acceso al hostel."
Donosti,Escrito en 16 de noviembre de 2023,Sin puntuación,Cristina,Bien,Había muchos espacios comunes amplios dónde poder estar tranquilamente,
Donosti,Escrito en 8 de noviembre de 2023,Sin puntuación,Maria,Muy bien,Habitaciones tranquilas,
Donosti,Escrito en 8 de noviembre de 2023,Sin puntuación,Gina,Bien,El desayuno es un muy buen servicio,Las camas son un poco incómodas a la hora de prepararlas y más si es de noche. Ya que no estaban armadas al llegar
Donosti,Escrito en 3 de noviembre de 2023,Sin puntuación,Yaocalli,Muy bien,"Lobby, área común.","Las habitaciones estan muy pequeñas para el número de camas/personas. Los colchones estan muy duros, no se podia descansar.Las escaleras de las literas no son practicas ni para alguien joven. Parar abrir hay que poner digitos, seria mas sencillo con tarjetas."
Donosti,Escrito en 31 de octubre de 2023,Sin puntuación,Lizeth,Muy bien,,La puerta del baño estaba dañada. No había mucho espacio.
Donosti,Escrito en 30 de octubre de 2023,Sin puntuación,Estefania,"“estancia cómoda, sencilla y agradable.”","El hotel se encuentra cerca de la playa de Ondarreta, si sigues el paseo llegas despues de unos 15/20 min caminando al centro, el paseo es muy bonito y muy cómodo, nos gustó mucho San Sebastián, el desayuno de Koisi estaba bien, el personal muy amable, estuvimos cuatro días.",que no entraron a limpiar nunca y las toallas no se cambiaban.
Donosti,Escrito en 25 de octubre de 2023,Sin puntuación,Laura,Bien,"El personal muy amable, hay cafetería en el propio alojamiento, estaba todo bastante limpio y la cama era comodísima.",La habitación para seis que nos tocó era algo reducida. No teníamos mucho espacio para movernos por ella.
Donosti,Escrito en 21 de octubre de 2023,Sin puntuación,Pdr,“Equilibrado alojamiento”,"La amabilidad de los trabajadores. Lo cómodo que es el check in.
La limpieza de las habitaciones y de las zonas comunes.",Que no tenga aparcamiento de vehículos
Donosti,Escrito en 10 de octubre de 2023,Sin puntuación,Silvia,“Caro”,"Lss instalaciones nuevas y la habitación muy limpia a la llegada
Zona muy tranquila y habitación insonorizada del exterior","Llegamos veinte minutos antes de la hora del check in y no nos dejaron acceder a la habitación hasta las 15h en punto
Y el precio...al final es un hostel.. pero pagamos como si fuera un hotel y no entraron ni un día a limpiar la habitación..."
Donosti,Escrito en 8 de octubre de 2023,Sin puntuación,Olena,"“Técnicamente perfecto, pero los detalles estropean la impresión”","El albergue está relativamente cerca de la playa, lo que es estupendo. En el interior hay todas las instalaciones técnicas para personas con discapacidad. Las habitaciones son lo suficientemente amplias con 8 camas. Lo suficientemente bueno para alojarse aquí por unas noches. Terrazas muy amplias en cada planta. No sé cómo funciona el aire acondicionado, estuvimos en octubre, todavía no hace mucho calor.","1. En la primera habitación que nos dieron hay dos fumadores. Había un terrible hedor a cigarrillo en la habitación y en el baño. Era imposible para una persona normal dormir en una habitación así. Pedimos ayuda al personal. Nos trasladaron a una habitación absolutamente similar, pero sin fumadores. ¿Y si no hubiera plazas libres (en temporada)? ¿Hubiera tenido que pasar la noche en la recepción? El personal no se preocupa mucho por las normas del alojamiento. En una habitación con varias camas hay personas que alquilan una cama para una larga temporada, trabajan, se han comprado un plasma enorme y juegan en él a juegos de ordenador de medianoche.
2. No hay perchas, la ropa sólo se puede colgar en ganchos. No hay dónde secar un bañador. Alguien soluciona este problema en las terrazas comunes.
3. Extraña situación ocurrió con el desayuno - en literas desayuno parece estar incluido, en la confirmación también se incluye, pero de hecho - no, sólo por una tarifa.
4. Sería posible poner un par de sillas en las habitaciones para 8 camas, pero no hay donde sentarse. Sobre todo porque el área de la habitación permite.
5. El moderno sistema de chek-in online es estupendo y cómodo, pero puede ser un gran obstáculo para las personas mayores. Una opción alternativa para pagar la reserva a la llegada con tarjeta (no sólo en línea) sólo mejoraría el servicio."
Donosti,Escrito en 29 de septiembre de 2023,Sin puntuación,Castro,“Vacaciones a gusto”,Buen trato y servicio,
Donosti,Escrito en 29 de septiembre de 2023,Sin puntuación,Nuria,“Recomendable”,La habitación con camas cómodas y baño incluido,"Me parecieron las taquillas un poco pequeñas,por lo demás bien"
Donosti,Escrito en 27 de septiembre de 2023,Sin puntuación,Tania,Fantástico,Simpatía de los trabajadores,Ser mixta
Donosti,Escrito en 27 de septiembre de 2023,Sin puntuación,Agustín,Fantástico,La limpieza y las acomodaciones,La ubicación es un poco lejos de la parte más turística de la ciudad
Donosti,Escrito en 22 de septiembre de 2023,Sin puntuación,Sánchez,"“Cómodo, limpio y bien situado”",,Poca amabilidad
Donosti,Escrito en 18 de septiembre de 2023,Sin puntuación,Anabella,“Excelente estadía”,"El personal muy amable y servicial , las habitaciones son amplias y  todo está muy limpio . El bar ofrece buena comidas y buen precio . La relación precio calidad me resultó muy bien !!!!",
Donosti,Escrito en 3 de junio de 2023,Sin puntuación,Carolina,Muy bien,Buen precio.,No sabíamos que la calle era tan empinada y larga. se nos hizo difícil llegar allí con los equipajes.
Donosti,Escrito en 2 de junio de 2023,Sin puntuación,Jessica,Fantástico,"Me encanto el sistema digital sin llaves  del hotel , cercanía, ambiente, desayuno , amabilidad de todos , y fue cómodo estar con otras chicas  extranjeras , fue una buena experiencia en habitación compartida buen baño muy limpio.. gracias volveré....","Una sugerencia  informar mas de como llegar al hotel con puntos referentes caminando,  todo queda cerca pero mi wase se perdia  y me costo llegar desde Chile a San Sebastian solo fue el día 1 luego todo expedito y por último poner una goma al salir de la ducha , queda muy resbaladizo... gracias"
Donosti,Escrito en 28 de mayo de 2023,Sin puntuación,Mailen,Muy bien,Es lindo.,"En los espacios comunes no hay vajilla,  no hay cocina, son pocas las duchas. Las habitaciones son pequeñas."
Donosti,Escrito en 27 de mayo de 2023,Sin puntuación,Rodrigo,Muy bien,,El espacio en la habitación y que las camas no tuvieran cortinas
Donosti,Escrito en 26 de mayo de 2023,Sin puntuación,Ijuan,Muy bien,El trato del personal de recepción y el desayuno,Excesivamente impersonal la contratación y el acceso
Donosti,Escrito en 25 de mayo de 2023,Sin puntuación,Bastidas,Muy bien,Instalación,Personal poco atento
Donosti,Escrito en 21 de mayo de 2023,Sin puntuación,Javier,“Recomendable”,La habitación estaba limpia y era tranquila. La ducha tenía una presión y temperatura optimas.,La ubicación está alejada del centro.
Donosti,Escrito en 16 de mayo de 2023,Sin puntuación,Paula,Bien,ME GUSTÓ MUCHO QUE EL DESAYUNO TUVIERAN EN CUENTA DIETA SIN GLUTEN.,ENCONTRAMOS UNA CUCARACHA VIVA EN LA HABITACIÓN NADA MAS LLEGAR... LA MATAMOS NOSOTROS. NO VIMOS MÁS.
Donosti,Escrito en 15 de mayo de 2023,Sin puntuación,Ghislaine,Fantástico,Ubicación cercana a una playa 8 min bajando la cuesta. Check in online es fácil ya que con un código entras a  tu habitación. Puedes guardar tu equipaje sin costo después del check in.,
Donosti,Escrito en 3 de mayo de 2023,Sin puntuación,Antonella,Bien,"La ubicación es genial, el sistema de apertura de la habitación electrónico es muy práctico. La terraza es preciosa y tranquila","Las camas muy incómodas. Llevé mi propio candado pero no se podía usar, solo comprando su sistema. No me parece honesto"
Donosti,Escrito en 30 de abril de 2023,Sin puntuación,Patricia,“muy buena”,ubicación muy buena . atención también.,muy tecnológico .
Donosti,Escrito en 29 de abril de 2023,Sin puntuación,M-carmen,“Genial”,Muy bien los dos,
Donosti,Escrito en 27 de abril de 2023,Sin puntuación,Marta,Muy bien,"La habitación para una estancia corta era suficiente, la relación calidad precio insuperable. Muy limpio.","Los colchones de las individuales se hundían un poco en el centro, no eran demasiado firmes pero por el precio del alojamiento no se puede pedir más."
Donosti,Escrito en 27 de abril de 2023,Sin puntuación,Alejandro,Fantástico,Limpieza,Un poco lioso el proceso de check in y demás
Donosti,Escrito en 24 de abril de 2023,Sin puntuación,Claudia,“Súper expectativas”,"El desayuno muy bien, Justo y preciso para la mañana, la ubicación un poco alejado de todo pero con locomoción cerca","Solo detalles, como que la puerta de el baño sonaba mucho, todo el resto Perfecto"
Donosti,Escrito en 16 de abril de 2023,Sin puntuación,Carolina,“Una noche en San Sebastián”,"Limpio, tranquilo y buena ubicación.",Las camas podrían haber estado hechas.
Donosti,Escrito en 15 de abril de 2023,Sin puntuación,Héctor,“Confort a buen precio”,"Mejora las expectativas, resulta muy cómodo y agradable. Aunque es un hostal/albergue, la comodidad es de hotel",
Donosti,Escrito en 14 de abril de 2023,Sin puntuación,Lauranobile,Bien,"Camas cómodas, buena presión de agua en la ducha. Las instalaciones son cómodas.","El personal no te habla. Tuvimos un problema con el código de acceso, y no tuvimos a quién recurrir denteo del hostel. Sólo llamando por teléfono al que figuraba en la reserva, pudimos resolverlo. 
El desayuno es muy pobre,  muy caro para lo que ofrecen.
Estuvimos en la habitación contigua a la puerta del pasillo. Esta puerta hace un ruido tremendo al cerrar. Nos despertábamos cada vez que alguien pasaba."
Donosti,Escrito en 12 de abril de 2023,Sin puntuación,Miguel,Muy bien,El personal y la comodidad.,"La limpieza de habitacion sobre todo los baños. 
La puerta de entrada al pasillo de la cuarta planta hace mucho ruido al cerrar."
Donosti,Escrito en 11 de abril de 2023,Sin puntuación,Gandia,“bueno”,un poco pequeño,
Donosti,Escrito en 10 de abril de 2023,Sin puntuación,Fernando,Bien,La atención del personal,La limpieza del baño era mi mayor preocupación y la ducha no se encontraba en las mejores condiciones
Donosti,Escrito en 3 de abril de 2023,Sin puntuación,Ilie,Bien,Todo me gusto.,La persoanas con las que comparti la habitación. Estuvieron todas las noches haciendo ruido y bebindo en la habitación alcol y no e podido descansar bien.
Donosti,Escrito en 31 de marzo de 2023,Sin puntuación,Ane,Fantástico,Ubicación y limpieza,
Donosti,Escrito en 22 de marzo de 2023,Sin puntuación,Veronica,“ESTANCIA COMODA RELACION CALIDAD PRECIO”,"Lo que más me gustó fue la cercanía a la playa y a las paradas a autobús. Aparcamos fácilmente en la misma calle del hotel y al ser en fin de semana no tuvimos que pagar, la comodidad de tener la llave digital y la tranquilidad del hotel. No se escuchaba ruido del exterior y las personas que ocupaban las otras habitaciones fueron respetuosas y no hicieron ruido. La ropa de cama limpia y los colchones cómodos. Me gustó también la estantería que hay en el espacio entre la cama y la pared para dejar las maletas ya que la habitación no es demasiado espaciosa.","En la zona común de la primera planta, sólo hay dos mesas para poder comer allí con tu propia comida, creo que son insuficientes ya que solo nosotros cuatro ya ocupamos una entera. Tampoco me gustó que en el baño hubiera algo de moho en las esquinas de las paredes de la ducha, pero el plato de ducha y el WC estaban limpios y todo correcto para ser usados."
Donosti,Escrito en 7 de marzo de 2023,Sin puntuación,Maria,Bien,un sitio muy moderno,Las camas eran un poco incómodas y los baños un poco sucios
Donosti,Escrito en 27 de agosto de 2025,Sin puntuación,Paula,Excepcional,Me gusto mucho que en las habitaciones hubieran literas,
Donosti,Escrito en 23 de agosto de 2025,Sin puntuación,Albert,“Todo perfecto”,Todo perfecto. Personal muy atento. Tuvimos un problema con la ventana y vinieron enseguida. Ya estuvimos anteriormente y volveremos a repetir seguro.,
Donosti,Escrito en 23 de agosto de 2025,Sin puntuación,Aguilar,“Un lugar muy cómodo para dormir y convivir”,"Si, muy amplio y limpio",Sin parking
Donosti,Escrito en 21 de agosto de 2025,Sin puntuación,Daniel,Excepcional,"El trato de las personas que están en la recepción es excelente, empatico y agradable.",
Donosti,Escrito en 16 de agosto de 2025,Sin puntuación,Jg19430,“alojados en familia cómodamente”,"muy buena ubicación, muy funcional, lo necesario en un alojamiento para pasar un par de días en una piblacion",se podría ajustar el precio ya que todo es muy funcional
Donosti,Escrito en 16 de agosto de 2025,Sin puntuación,Maximiliano,Excepcional,"Buena calidad ,excelente personal",
Donosti,Escrito en 14 de agosto de 2025,Sin puntuación,Alejandra,“Muy buena”,cama,no hay algo que no me haya gustado
Donosti,Escrito en 12 de agosto de 2025,Sin puntuación,Julia,“Limpio y moderno.”,"Grupo de 6 en habitación con baño privado, muy bien ubicado y ambiente joven, pero se puede descansar.
El mobiliario es super nuevo y todas las instalaciones muy limpias",
Donosti,Escrito en 12 de agosto de 2025,Sin puntuación,María,"“Regular, no volvería”",El personal,"Habitación excesivamente pequeña para 6 personas, una pica para 6, la puerta del baño rota.
Las toallas te las cobran 3€"
Donosti,Escrito en 12 de agosto de 2025,Sin puntuación,Federico,Excepcional,"Esta ubicado en el barrio Antiguo, a diez minutos de la playa. El hostel muy limpio. Volvería",nada para acotar
Donosti,Escrito en 11 de agosto de 2025,Sin puntuación,Ana,“Pesima”,Nadaaaa,Con una atención personalizada
Donosti,Escrito en 8 de agosto de 2025,Sin puntuación,Diego,“Sin duda para volver!!!”,"Nos sorprendió gratamente, la habitación es lo justo para dormir, pero muy bonita y en el primer piso hay una zona común muy bien equipada, para poder desayunar, comer o cenar, tiene nevera, microondas, tostadora...aparte de cubiertos, platos, y demás enseres.
El personal muy amable!!!",-
Donosti,Escrito en 1 de agosto de 2025,Sin puntuación,Llorca,“Un lugar muy cómodo y agradable.”,Una excelente localización. Habitaciones muy cómodas y limpias,El horario del bar debería ser un poco más amplio o poner máquinas dispensadoras de alimentos.
Donosti,Escrito en 30 de julio de 2025,Sin puntuación,Iñaki,“Muy recomendable.”,Todo impecable.,Todo estaba bien.
Donosti,Escrito en 21 de julio de 2025,Sin puntuación,Clara,“maravilloso”,muy limpio y nuevo,la cocina compartida estaba muy sucia
Donosti,Escrito en 19 de julio de 2025,Sin puntuación,Claudia,“Lugar agradable cómodo y moderno”,Es un Hostel chico pero muy moderno y cómodo cerca de la playa,
Donosti,Escrito en 17 de julio de 2025,Sin puntuación,C'est,“Camas incómodas el colchón no vale para nada”,Estaba limpio los colchones súper incómodos,Mal
Donosti,Escrito en 9 de julio de 2025,Sin puntuación,Villalobos,“El mejor hotel”,Todo,Nada
Donosti,Escrito en 4 de julio de 2025,Sin puntuación,Katherine,Excepcional,Es un lugar cómodo y limpio.,"Quiza que no tenga parking propio, pero no es totalmente necesario."
Donosti,Escrito en 2 de julio de 2025,Sin puntuación,Martinez,Excepcional,"El aseo , la organización. Y la atención",No preparaban almuerzos gracias
Donosti,Escrito en 2 de julio de 2025,Sin puntuación,Juan,Excepcional,Todo muy limpio y personal muy amable,
Donosti,Escrito en 1 de julio de 2025,Sin puntuación,Quintero,“Espectacular hostel en Donostia-San Sebastián”,"El ambiente que se vive en un hostel. Alojamiento bastante moderno, habitaciones limpias, cuarto de baño limpios.","Quizás la almohada no era muy dura pero es personal. Y no sé si había gel/champús para los huéspedes, pero sería recomendable proporcionarlos."
Donosti,Escrito en 29 de junio de 2025,Sin puntuación,Marta,“Para no volver”,La limpieza,"Habitación pequeña con literas hacinadas, poco personal, prácticamente un autoservicio caro porque tienes que realizar el registro digitalmente,  te dan con código de entrada también digitalmente, por lo que considero que es un servicio deshumanizado y muy caro para no invertir dinero en personal."
Donosti,Escrito en 27 de junio de 2025,Sin puntuación,Laura,Aceptable,Demasiado juntas las literas,Baño justo en la entrada de la habitacion y literas muy juntas
Donosti,Escrito en 27 de junio de 2025,Sin puntuación,Vega,Excepcional,Las instalaciones y la limpieza,Nada
Donosti,Escrito en 17 de octubre de 2024,Sin puntuación,Martin,“Visita a amigos”,"Habitacion amplia con lockers grandes en los que entra una mochila de 40L minimo.El desayuno no lo tome por ende, no lo piedo valorar.Baño compartido fuera de la habitacion, amplio y limpio.",Nada
Donosti,Escrito en 17 de octubre de 2024,Sin puntuación,Martin,“Viaje express a Donosti”,"El desayuno no lo use o sea no puedo hablar de el.El baño era compartido pero era muy amplio y limpio que es lo importante.La habitacion es espaciosa y grande con unos lockers grandes tb y entra una mochila de mas de 40L",No tengo nada que decir que no me haya gustado
Donosti,Escrito en 25 de septiembre de 2024,Sin puntuación,Jimena,“Familia de 4 integrantes tiene un espacio cómodo en un ambiente calmo.”,Excelente ubicación y habitación para 4 muy bien.,
Donosti,Escrito en 23 de septiembre de 2024,Sin puntuación,Arriagada,“Totalmente satisfecho”,"La habitacion con suficiente espacio, desayuno bueno y el baño impecable. Excelente precio calidad. El personal demasiado amable y siempre todo limpio.","La ubicacion quizas no era de mi agrado, el hecho de estar en un sitio empinado hacia un poco dificil la llegada si no tienes coche y vienes con mas de una maleta."
Donosti,Escrito en 23 de septiembre de 2024,Sin puntuación,Alicia,Agradable,Ambiente espacios compartidos y cafeteria. Ubicación.,"Acceso compartido, puerta acceso ruidosa, luces generales excesivas noche."
Donosti,Escrito en 14 de septiembre de 2024,Sin puntuación,Maria,“Muy mala”,El baño y la cama,La recepcionista que no me explico nada y no hay cocina
Donosti,Escrito en 11 de septiembre de 2024,Sin puntuación,Angie,“Estuvo bien pudo haber sido mejor”,,"Que no te enseñarán las instalaciones el día de llegada, hasta el último día me enteré que había comedor, nevera y microondas para quienes querían comprar su comida  y no me enteré por el personal, me tuvieron que decir otros huéspedes"
Donosti,Escrito en 11 de septiembre de 2024,Sin puntuación,Elena,“Justo lo que esperábamos”,"Lo que más nos gustó fue la atención del personal. La zona común es un plus, con microondas, sofá, frigorífico, y una mesa para comer, lo que resulta súper práctico. Además, contar con un bar abajo para desayunos y comidas es genial. La ubicación es excelente, perfecta tanto para explorar la ciudad como para salir con el coche. En general, es bastante cómodo y limpio, lo que hizo nuestra estancia aún más agradable. ¡Sin duda, una muy buena elección!","Lo que menos nos gustó fue que, aunque teníamos toallas y papel de baño, los dispensadores de jabón estaban vacíos. Fue un pequeño inconveniente que, sin embargo, podrían mejorar fácilmente para futuras estancias."
Donosti,Escrito en 7 de septiembre de 2024,Sin puntuación,Celia,“Muy caro para ser tan normalito y para no estar perfectamente limpio”,"Las instalaciones no estaban mal, la habitación y baño privado bien","Suciedad, me encontré las sábanas con manchurrones negros y marcas de zapatos (como si las hubiesen pisado) y en general la habitación no estaba muy limpia, había mucho polvo en las mesitas. Colchones malos."
Donosti,Escrito en 6 de septiembre de 2024,Sin puntuación,Aleix,“Para repetir”,"La ubicación es genial. Cerca del paseo de la Concha, hacia un lado llegas al funicular del monte Igueldo y al peine del viento y hacia el otro encontrarás el casco viejo. Ha sido el único hotel en todo nuestro viaje por Euskadi que al llegar nos tenía preparado un colchón y platos para el perro, los cuales no necesitábamos porque en nuestro caso ya vamos preparados, pero siempre es de agradecer que tengan en cuenta a nuestras mascotas.",El dispensador de jabón de la ducha estaba vacío.
Donosti,Escrito en 6 de septiembre de 2024,Sin puntuación,Suarez,Excepcional,Trato de los empleados buenísimo y el de rección muy amable,
Donosti,Escrito en 31 de agosto de 2024,Sin puntuación,Leyla,“Muy bien”,El ambiente en general está muy bien. El personal super amable y serviciales.,
Donosti,Escrito en 26 de agosto de 2024,Sin puntuación,Saida,Agradable,La ubicación,La cama no era cómoda
Donosti,Escrito en 25 de agosto de 2024,Sin puntuación,Pablo,"“Muy caro para lo que te ofrece, seguro que hay opciones más asequibles”",Tener  baño por habitación,Es bastante caro en calidad precio para ser un hostal/albergue pagando casi 50 euros por una cama podrían dar por lo menos toallas para usar en la ducha.
Donosti,Escrito en 20 de agosto de 2024,Sin puntuación,Dumaris,Agradable,,"La recepción al llegar fue nefasta, el chico no explica nada y parece que no le gusta su trabajo. La cocina no tenía ni un vaso."
Donosti,Escrito en 17 de agosto de 2024,Sin puntuación,Carlos,“Estancia breve pero agradable”,"Limpio, el personal agradable, muy seguro",
Donosti,Escrito en 17 de agosto de 2024,Sin puntuación,Ricardo,“Buenísimo lugar desde donde recorrer Sn Sebastián”,"Muy buen lugar, bien ubicado, personal muy amable y servicial",
Donosti,Escrito en 15 de agosto de 2024,Sin puntuación,Gonzalez,“Demasiado caro para lo que es”,Las habitaciones son muy originales y está muy bien que el wáter esté a parte de la ducha.,El agua de la ducha se sale y se va al pasillo. Creo que es un poco caro para las cosas que ofrece
Donosti,Escrito en 15 de agosto de 2024,Sin puntuación,Andrea,“Un hostal estupendo para conocer San Sebastián”,Si,Me gusto todo
Donosti,Escrito en 13 de agosto de 2024,Sin puntuación,María,“No me esperaba que mi estancia acabara con una fregona y un cubo”,"La limpieza y comodidad de las literas. La atención del personal, a pesar de los inconvenientes","El día de antes de yo llegar había habido una inundación por la tarde, por fuga en uno de los cuartos de baño. El día que llegué yo, pasó lo mismo. Se supone que debería haberse arreglado. El agua entraba hasta en las habitaciones. Tuvimos que ponernos los huéspedes a sacar cubos de agua mientras que llegaba la responsable. Sé que los accidentes existen, pero fue muy desagradable la estancia. Lo siento. No es un precio barato precisamente para terminar con la fregona y el cubo."
Donosti,Escrito en 12 de agosto de 2024,Sin puntuación,Gutierrez,Agradable,"El hostel es agradable, la recepción es amplia y agradable y el personal muy amable y amistoso.",Las camas no tienen cortinas en los cuartos lo cual resulta medio incómodo. El baño no estaba del todo limpio y prolijo
Donosti,Escrito en 11 de agosto de 2024,Sin puntuación,Sheila,"“Para una noche ideal,aunque no tienes mucha intimidad por ser un hostel pero en general bien. La chica de recepción, Eug”",Sitio amplio y con varias estancias,"La limpieza podria mejorar,habian sitios que podían estar más limpios"
Donosti,Escrito en 4 de agosto de 2024,Sin puntuación,Salva287,“No recomendable”,"Me gustó, sobre todo el trato del personal y quizá el desayuno","No me gustó en absoluto la habitación que era para tres donde si mides más de 1,80 no cabes en las camas literas, además el colchón sin somier es terrible, con lo cual me parece lamentable también por el precio relación calidad, no tener un baño incluido, en vez de lo que ofertan un baño público para toda la planta me parece lamentable el precio es desorbitado  para lo que ofrecen."
Donosti,Escrito en 2 de agosto de 2024,Sin puntuación,Andrea,“Buena ubicación”,La ubicación y lo sencillo que es para hacer el check in y check out,
Donosti,Escrito en 29 de julio de 2024,Sin puntuación,Mboup,Excepcional,Todo de verdad,
Donosti,Escrito en 7 de diciembre de 2023,Sin puntuación,Carolina,Excepcional,Muy buena atención y espacios limpios,
Donosti,Escrito en 14 de noviembre de 2023,Sin puntuación,Elvira,Excepcional,El trato del personal,Todo muy bien
Donosti,Escrito en 13 de noviembre de 2023,Sin puntuación,Carmen,“Moderno y tranquilo”,Tiene habitaciones cuádruples lo que nos permite dormir todos juntos. Es un barrio tranquilo y no se escuchan ruidos. El desayuno esta muy bien.,"Que no disponga de parking propio, es complicado encontrar sitio en la misma calle."
Donosti,Escrito en 1 de noviembre de 2023,Sin puntuación,Mercedes,Decepcionante,Nada en especial. Es un albergue normalito muy caro para lo que ofrece. Muhco ruido en las zonas comunes.,"Una cucaracha de paseo por el sofa de la zona común. Habitaciones estrechas y camas con poca intimidad. En albergues de este tipo lo habitual es una minima cortinita. Como todo está automatizado el poco personal del albergue hacía bastante poco caso. Tuve que llamar 3 veces por telefono y enviar varios whatsups solo para parar el aire acondicionado, exageradamente alto. Al final tuve que acabar buscando a alguien de personal para que lo apagara."
Donosti,Escrito en 31 de octubre de 2023,Sin puntuación,Del,“Muy buen lugar para alojarse !!”,"La verdad que todo excelente, nos atendieron bárbaro , muy atentos a todos nuestros pedidos.",
Donosti,Escrito en 28 de octubre de 2023,Sin puntuación,Carlos,Muy mal,,"El olor, brutalmente brutal."
Donosti,Escrito en 26 de octubre de 2023,Sin puntuación,De,Decepcionante,El trato del personal y lo cerca que estaba del centro,"Que no tuviese aseo en la habitación, para estudiantes está muy bien pero para ir con una familia como fue mi caso no"
Donosti,Escrito en 15 de octubre de 2023,Sin puntuación,Maria,“Poca educación en la atención al cliente.”,Estaba muy limpio y las instalaciones son bastante nuevas,El personal de recepción y que prepara los desayunos fue desagradable y poco amable. El conseguir el código para la habitación fue muy farragoso.
Donosti,Escrito en 15 de octubre de 2023,Sin puntuación,Ana,Agradable,El barrio pero está lejos!,"Cero atencion todo es virtual, la unica persona que está es ls del bar y su atencion debe mejorar : /. No lo recomiendo para nada 
Parecemos empleados.fel ligar tenes que hacer el check in pagar y luego te.manfan intimaciones por el check out. No lo recomiendo ademas esta lejos"
Donosti,Escrito en 15 de octubre de 2023,Sin puntuación,Mariana,“La seguridad deja muchísimo que desear”,"El costo por un hospedaje en el area es razonable, la ropa de cama está limpia y la habitación se limpia diariamente.","La seguridad es terrible y la atención de parte del personal fue nula. En un dormitorio de solo chicas hubo dos incidentes en un solo día. Un chico fue capaz de reservar y entrar a la habitación en el medio de la noche. La puerta de acceso a las habitaciones se dejo abierta abajo, un hombre ajeno al hotel entro al baño del dormitorio de chicas y se encerró en el baño a consumir drogras y fumar, reportamos esto a un agente telefonico y nadie dio respuesta, el hombre salió por sí mismo."
Donosti,Escrito en 15 de octubre de 2023,Sin puntuación,Skarleth,“No me gustó el desayuno”,,"No hay cortinas para más privacidad en las camas, el desayuno no me gustó, todo se tiene que reservar y pagar (hasta las toallas)"
Donosti,Escrito en 12 de octubre de 2023,Sin puntuación,Blanca,Excepcional,"Zonas comunes limpias y muy agradables al igual que los dormitorios. Los baños estaban muy bien. En general todo me pareció perfecto, sobretodo teniendo en cuenta el precio.",Lo único negativo podría ser la ubicación ya que si vuestro objetivo es visitar la ciudad y no os gusta andar el hostal está bastante apartado del casco y del centro de la ciudad. Aún que está más cerca de la playa y del monte igueldo.
Donosti,Escrito en 8 de octubre de 2023,Sin puntuación,Nelly,Excepcional,"La atención de Fernando y de Pedro, excelente servicio",El colchón no es cómodo
Donosti,Escrito en 4 de octubre de 2023,Sin puntuación,Carlos,Agradable,Estuvo bien,
Donosti,Escrito en 2 de octubre de 2023,Sin puntuación,Andrés,“Excelente”,"La ubicacion
La atención","No incluía sábanas ni colcha
Se siente incómodo dormir sin sabanas"
Donosti,Escrito en 29 de septiembre de 2023,Sin puntuación,Gabriella,Aceptable,,La limpieza del baño!
Donosti,Escrito en 29 de septiembre de 2023,Sin puntuación,P,“Amazing.”,"Todo estuvo increíble. Únicamente los casillero no tenían un candado de seguridad para dejar las cosas a buen recaudo. Sin embargo, encontré mis cosas tal cual las dejé. Es decir, el lugar es seguro.",All fine.
Donosti,Escrito en 25 de septiembre de 2023,Sin puntuación,Clobeach,“Incómodo y sensación de extrañeza”,Está limpio y parece moderno.,"Todo es online. Si quieres pedir una toalla, es a través del móvil, muy incómodo. Mi habitación tenía baño privado solo para las huéspedes de la habitación, pero lo cierto es que todo el mundo podía entrar a ese WC porque no estaba dentro de la habitación, sino que estaba fuera y sin clave. No volvería, súper incómodo todo y bastante lejos del centro."
Donosti,Escrito en 25 de septiembre de 2023,Sin puntuación,David,“Luces y sombras”,"Me gustó la conveniencia del espacio. Buena terraza, buena zona de bar abajo, servicios completos. Las instalaciones estaban limpias y reformadas.","El desayuno no lo pude disfrutar por no poderse hacer antes de las 8. Para ser un hostel internacional, con el Camino de Santiago y Zinemaldia, es extraño que no te dejen nada antes de las 8. Pedí tomarme un té antes y me dijeron que no era posible y tuve que perder el desayuno los dos días pese a tenerlo pagado. Por otro lado, la estructura de las camas hace que si miden más de 180 no quepas dentro de la cama. La estructura para subir y bajar de la litera es algo precaria."
Donosti,Escrito en 23 de septiembre de 2023,Sin puntuación,Neus,“Muy mejorable.”,"Personal de la cafetería y ""recepción"" amable. Desayuno bueno.","En las imágenes no aparecía la habitación completa, en ningún momento se veía que dentro de la habitación habían dos literas más. Las camas casi a ras de suelo, los colchones puestos encima de una madera que a la mínima que te movías un poco se iban. Cuando llegamos acababan de limpiar y estaba todo el suelo mojado, no se podía ni pisar. A mi parecer es una hotel para ir con amigos y dormir 6 en una habitación, no es para ir en pareja... La ubicación mejor no hablar, todas las calles colindantes son zona azul y para encontrar sitio puedes estar perfectamente media hora dando vueltas como nos pasó a nosotros."
Donosti,Escrito en 21 de septiembre de 2023,Sin puntuación,Ban,“Me han cancelado la reserva de la cama y no me ha devuelto el dinero...”,Me han cancelado la reserva de la cama y no me ha devuelto el dinero...,Me han cancelado la reserva de la cama y no me ha devuelto el dinero...
Donosti,Escrito en 11 de septiembre de 2023,Sin puntuación,Sonia,Agradable,Lugar habilitado para bicis,La joven d la recepción un poco estúpida.
Donosti,Escrito en 10 de septiembre de 2023,Sin puntuación,Caty,Agradable,Limpio,"Pedí una habitación privada, ya que viajo con mi madre y tu problemas de salud en el viaje,  me cambiaron de habitación,  asegurando ser muy probable q no entrara gente a la habitación y fue lo primero en suceder"
Donosti,Escrito en 9 de septiembre de 2023,Sin puntuación,Patricia,“Regular”,La ubicacion,"Las instalaciones, espacios muy pequeños, le falta onda. Hay una terraza divina totalmente olvidada, en desuso"
Donosti,Escrito en 7 de septiembre de 2023,Sin puntuación,Melissa,“Recepcionista virtual”,Lugar lindo,"No existe un recepcionista físico, solo un sistema virtual,  lo que dificulta la resolución eficiente de las solicitudes de los huéspedes. Además, las habitaciones y baños carecen de una adecuada ventilación, lo que provoca un olor a humedad desagradable."
Donosti,Escrito en 5 de abril de 2023,Sin puntuación,Esther,“mucho ruido de clientes y falta de control por parte del personal”,la cama y ropa de cama estaban limpias,"los baños siempre sucios y sin papel 
no hay control de los clientes, hay mucho ruido hasta las 1:30 de la madrugada"
Donosti,Escrito en 4 de abril de 2023,Sin puntuación,Gil,Mal,,"Su sistema automatizado digital no es nada intuitivo, demorado y largo. Es una pena porque el lugar es muy bonito."
Donosti,Escrito en 31 de marzo de 2023,Sin puntuación,Franco,Excepcional,Zonas comunes,Un poco lejos y en altura
Donosti,Escrito en 25 de marzo de 2023,Sin puntuación,Margaritamaría,“Un albergue estupendo”,Cómodo y muy limpio.  Cerca de zona con bares para tomar algo. No muy lejos de la playa y el paseo marítimo.,
Donosti,Escrito en 24 de marzo de 2023,Sin puntuación,Tatiana,Agradable,buena ubicación,los baños estaban sucios y en malas condiciones.
Donosti,Escrito en 24 de marzo de 2023,Sin puntuación,Daniel,Excepcional,Ambiente,Ubicación alejada
Donosti,Escrito en 23 de marzo de 2023,Sin puntuación,Beatriz,“lugar económico para visitar San Sebastián”,la habitación era grande y la gente que trabajaba allí era muy simpática y amable,que llegamos y en nuestra habitación no había sabanas y cubre almohada . llegamos a las 00:00 horas y hasta el día siguiente no pudimos pedirlo .  y cuánto llovió la habitación olía a humedad
Donosti,Escrito en 20 de marzo de 2023,Sin puntuación,Gloria,Mal,,"el ruido, los baños sucios, el cerrojo roto"
Donosti,Escrito en 20 de marzo de 2023,Sin puntuación,Daniel,“CUCARACHAS”,"Creo que no puedo destacar nada positivo, que tuvimos que llamar a recepción y el chico que nos atendió fue bastante amable, por lo único que no pongo la puntuación más baja.","Mucho polvo en las habitaciones. La ducha tenía dispensador de jabón, pero no jabón, y lo peor de todo, CUCARACHAS. nos encontramos dos cucarachas como un pulgar de grandes, y saben que donde hay una hay muchas más... Al ser un hostel va mucho turista muy ruidoso que te despierta a mitad de la madrugada, las casas de enfrente dan buena cuenta de ello. Demasiadas cosas negativas para un precio tan elevado."
Donosti,Escrito en 17 de marzo de 2023,Sin puntuación,Ilie,Excepcional,Me gustó todo. Es un sitio muy tranquilo limpio y el personal muy amable. Volveré siempre.,
Donosti,Escrito en 15 de marzo de 2023,Sin puntuación,Laura,Excepcional,"El hostel esta muy bien, muy cuidado y moderno. Las camas confortables, luz y enchufe en cada una es genial. Estuve tan a gusto q extendí mi estancia mas dias. La limpieza de espacios comunes y baños es fantástica. La terraza q tienen se ve genial para el verano. Los baños son espaciosos al igual q las duchas, gel y secador de cabello suman. La gente del bar muy amable y simpática, al igual q los de la oficina o recepción.","EL espacio de la habitación, cada vez q se abre la puerta hay q tener cuidado de no golpear a alguien. No queda muy claro el tema de la recepción. Supuestamente es virtual, pero claro hay una oficina en la entrada con alguien, q a veces puede o no resolverte los problemas, entonces eso crea confusión. Super recomendable el lugar."
Donosti,Escrito en 7 de marzo de 2023,Sin puntuación,Marta,Excepcional,"Nos sorprendió para bien relación calidad precio , cómodo y limpio",
Donosti,Escrito en 6 de marzo de 2023,Sin puntuación,Miguel,“calidad precio llave electrónica nefasta”,la ubicación y la calidad precio muy adecuada .,"el sistema de llave electrónica,no nos funcionó en ningún momento y cada vez que salíamos para poder entrar en la habitación teníamos que esperar media hora a que nos lo solucionaran."
Donosti,Escrito en 21 de febrero de 2023,Sin puntuación,Blasco,Excepcional,"Si vas a ir a san sebastian solo o con amigos, lo recomiendo 100%, el trato inmejorable, y te da muchas facilidades como zona de comer, cubiertos, etc… quizás no parezca mucho, pero hay que recordar el precio por noche que es ridiculo, de los mejores sitios en los que he estado, si eres joven y como digo vas a pasar unos días en san sebastian creo que es lo mejor que vas a encontrar sin duda! Y mira que nunca suelo hacer comentarios ni buenos ni malos de los sitios donde me estoy, pero este lo merece",
Donosti,Escrito en 19 de febrero de 2023,Sin puntuación,Ruben,“Bien.”,Las camas,"Que está bastante lejos del centro y muy en inclinación,nada comodo para llegar a pie,necesitas moverte con transporte .Algunas puertas como una de la ducha no tenia cerrojo y la de mi taquilla tampoco,tuve que usar unas de fuera de la habitación."
Donosti,Escrito en 13 de febrero de 2023,Sin puntuación,Jose,Agradable,Sea un hostel,Deberían mejorar en su rigidez: muy pocas facilidades que la hora de llegar al alojamiento para dejar la mochila
Donosti,Escrito en 9 de febrero de 2023,Sin puntuación,Blanco,Decepcionante,,Habitaciones muy pequeñas.
Donosti,Escrito en 5 de febrero de 2023,Sin puntuación,Santi,Muy mal,,Fatal sin calefacción la luz de los enchufes no funciona
Donosti,Escrito en 5 de febrero de 2023,Sin puntuación,Ruben,“buena”,el precio,las habitaciones demasiado pequeñas
Donosti,Escrito en 4 de febrero de 2023,Sin puntuación,Ferjpm,"“Bonito por fuera, ASQUEROSO por dentro. (Drogadicto, Desagüe atascado, personal desagradable...)”",Lo único que me gustó fue que estaba en Donosti,"Ha sido una de las PEORES EXPERIENCIAS que he tenido nunca en Hostels. Por la noche me tocó una persona que decidió DROGARSE en el establecimiento con porros y metanfetaminas según dijeron los de la ambulancia que tuvieron que venir a asistirlo. Lo peor es que allí NO APARECIÓ NADIE de la recepción ni del personal y ese hombre SE QUEDÓ en la habitación toda la noche haciendo ruido con un COMPORTAMIENTO IMPREDECIBLE y ERRÁTICO manteniéndonos a mí y al otro compañero totalmente preocupados Y SIN PEGAR OJO por la situación, teniendo que entrar al día siguiente temprano a trabajar.
Encima tras haberle hecho saber la situación y querer cancelar el hospedaje por esa situación acontecida, como la tarifa era no reembolsable NO han querido DEVOLVER el DINERO, y solo han puesto burdas explicaciones y nefastas excusas para decir que eso puede ocurrir en habitaciones compartidas y que lo sienten pero se van a quedar con mi dinero.
Mi total repulsión por este sitio y CERO RECOMENDACIÓN, sobre todo por el trato recibido del personal y la falta de empatía y de compresión para solucionar el asunto y llegar a un acuerdo.
Por otro lado, las instalaciones estaban totalmente sucias, el cuarto de baño apestaba a bajante, y los lavabos y desagües atascados... Puedes pillar mínimo hongos en los pies al ducharte.
Mi taquilla tenía para cerrar con candado, pero estaba roto con lo cual no servía para nada y en un sitio así como te vas a dejar algo valioso sin candado.
No te recibe nadie y aquello es medio laberíntico, lo cual es bastante complicado de ubicarte, y tuve que dar varias vueltas para encontrar mi zulo.
Podría seguir diciendo cosas, pero por suerte solo estuve una noche allí y ""nada más"" que ocurrió eso. 
Sin más,
Mi mayor compresión para los pobres que decidan quedarse en ese antro de mala muerte, que es bonito por fuera pero asqueroso por dentro."
Donosti,Escrito en 1 de febrero de 2023,Sin puntuación,Fernanda,Excepcional,"Lugar muy cómodo y limpio, con calefacción. Personal muy amable. Zona tranquila y con bonita vista.","Me gustaría que hubiera una cocineta o un espacio más amplio cerrado para zona común en la parte de arriba, el que está es cómodo pero algo frío en estas fechas."
Donosti,Escrito en 27 de enero de 2023,Sin puntuación,Francisco,Agradable,Moderno y limpio,"Falta una sala de estar donde poder trabajar con el ordenador, leer o charlar
En la habitación había una persona que no dejó de roncar en toda la noche. Esta gente debería ser más responsable y no coger una habitación compartida."
Donosti,Escrito en 24 de enero de 2023,Sin puntuación,Tamara,“Sin más”,El.baño,Que no nos dejaron entrar antes
Donosti,Escrito en 23 de enero de 2023,Sin puntuación,Andrea,“Genial”,"La verdad que me gustó mucho, además el señor que había en recepción por la noche fue muy amable y súper simpático.","Me pareció un poco difícil el check in online, no se si fue mi teléfono que en ese momento no funciona bien o que. 
Al final lo pude hacer, después de varios intentos."
Donosti,Escrito en 11 de enero de 2023,Sin puntuación,Nazareth,Excepcional,"Habitación de hotel justa para la familia, tiene todo lo que necesitas y por lo que estas pagando es justo lo que recibes, todo limpio en buen estado y funcionando como debería ser. El bar del hotel tienen desayunos a 5 euros y el parking es el mismo de la calle, zona verde que sale a menos de 4 euros el día, así que podéis dejar coche bien aparcado y a buen precio.","El hotel está cerca de todo, a 10 minutos andando en la playa, el único detalle es que si andas con el cochecito de los peques es un poco rollo porque son muchas cuestas, pero nada que no se pueda hacer. Realmente esta muy bien el hotel a bien precio y muy bien ubicado."
Donosti,Escrito en 4 de septiembre de 2025,Sin puntuación,Manuel,Muy bien,,
Donosti,Escrito en 3 de septiembre de 2025,Sin puntuación,Diez,Bien,,
Donosti,Escrito en 31 de agosto de 2025,Sin puntuación,Barahona,Bien,,
Donosti,Escrito en 24 de agosto de 2025,Sin puntuación,Clara,Muy bien,,
Donosti,Escrito en 22 de agosto de 2025,Sin puntuación,Lucía,Bien,,
Donosti,Escrito en 18 de agosto de 2025,Sin puntuación,Florez,Fantástico,,
Donosti,Escrito en 11 de agosto de 2025,Sin puntuación,Raquel,Muy bien,,
Donosti,Escrito en 8 de agosto de 2025,Sin puntuación,Lorena,Muy bien,,
Donosti,Escrito en 31 de julio de 2025,Sin puntuación,Enrique,Fantástico,,
Donosti,Escrito en 31 de julio de 2025,Sin puntuación,Rosa,Bien,,
Donosti,Escrito en 28 de julio de 2025,Sin puntuación,Ivet,Bien,,
Donosti,Escrito en 26 de julio de 2025,Sin puntuación,Xavier,Bien,,
Donosti,Escrito en 23 de julio de 2025,Sin puntuación,Elvira,Muy bien,,
Donosti,Escrito en 22 de julio de 2025,Sin puntuación,Cespedes,Muy bien,,
Donosti,Escrito en 22 de julio de 2025,Sin puntuación,Jorge,Muy bien,,
Donosti,Escrito en 18 de julio de 2025,Sin puntuación,Rosa,Bien,,
Donosti,Escrito en 14 de julio de 2025,Sin puntuación,Beatriz,Fantástico,,
Donosti,Escrito en 5 de julio de 2025,Sin puntuación,Henry,Fantástico,,
Donosti,Escrito en 3 de julio de 2025,Sin puntuación,Pablo,Fantástico,,
Donosti,Escrito en 2 de julio de 2025,Sin puntuación,María,Muy bien,,
Donosti,Escrito en 2 de julio de 2025,Sin puntuación,Vanessa,Muy bien,,
Donosti,Escrito en 30 de junio de 2025,Sin puntuación,Ra,Bien,,
Donosti,Escrito en 27 de junio de 2025,Sin puntuación,Antonio,Muy bien,,
Donosti,Escrito en 27 de junio de 2025,Sin puntuación,Arnau,Muy bien,,
Donosti,Escrito en 27 de junio de 2025,Sin puntuación,Emma,Muy bien,,
Donosti,Escrito en 24 de enero de 2025,Sin puntuación,Mara,Fantástico,,
Donosti,Escrito en 19 de enero de 2025,Sin puntuación,Iosu,Muy bien,,
Donosti,Escrito en 16 de enero de 2025,Sin puntuación,Ana,Bien,,
Donosti,Escrito en 11 de enero de 2025,Sin puntuación,El,Bien,,
Donosti,Escrito en 4 de enero de 2025,Sin puntuación,Bertrand,Fantástico,,
Donosti,Escrito en 3 de enero de 2025,Sin puntuación,Gizella,Fantástico,,
Donosti,Escrito en 3 de enero de 2025,Sin puntuación,Jose,Fantástico,,
Donosti,Escrito en 30 de diciembre de 2024,Sin puntuación,Ayari,Fantástico,,
Donosti,Escrito en 20 de diciembre de 2024,Sin puntuación,Vasquez,Bien,,
Donosti,Escrito en 12 de diciembre de 2024,Sin puntuación,Daniel,Fantástico,,
Donosti,Escrito en 9 de diciembre de 2024,Sin puntuación,Aguilar,Muy bien,,
Donosti,Escrito en 28 de noviembre de 2024,Sin puntuación,Jose,Muy bien,,
Donosti,Escrito en 26 de noviembre de 2024,Sin puntuación,Samanta,Bien,,
Donosti,Escrito en 16 de noviembre de 2024,Sin puntuación,Veronica,Fantástico,,
Donosti,Escrito en 14 de noviembre de 2024,Sin puntuación,Francisco,Fantástico,,
Donosti,Escrito en 11 de noviembre de 2024,Sin puntuación,Rubén,Fantástico,,
Donosti,Escrito en 7 de noviembre de 2024,Sin puntuación,Picon,Bien,,
Donosti,Escrito en 22 de octubre de 2024,Sin puntuación,Aurora,Bien,,
Donosti,Escrito en 17 de octubre de 2024,Sin puntuación,Susana,Bien,,
Donosti,Escrito en 12 de octubre de 2024,Sin puntuación,Cristina,Bien,,
Donosti,Escrito en 8 de octubre de 2024,Sin puntuación,Susana,Bien,,
Donosti,Escrito en 6 de octubre de 2024,Sin puntuación,Vania,Muy bien,,
Donosti,Escrito en 5 de octubre de 2024,Sin puntuación,Raquel,Muy bien,,
Donosti,Escrito en 25 de septiembre de 2024,Sin puntuación,Soria,Muy bien,,
Donosti,Escrito en 25 de septiembre de 2024,Sin puntuación,Pablo,Fantástico,,
Donosti,Escrito en 18 de junio de 2024,Sin puntuación,Roberto,Muy bien,,
Donosti,Escrito en 16 de junio de 2024,Sin puntuación,Eduard,Bien,,
Donosti,Escrito en 14 de junio de 2024,Sin puntuación,Adrian,Muy bien,,
Donosti,Escrito en 7 de junio de 2024,Sin puntuación,María,Bien,,
Donosti,Escrito en 7 de junio de 2024,Sin puntuación,Laura,Fantástico,,
Donosti,Escrito en 3 de junio de 2024,Sin puntuación,Helena,“Recomendable”,,
Donosti,Escrito en 2 de junio de 2024,Sin puntuación,Ana,Bien,,
Donosti,Escrito en 1 de junio de 2024,Sin puntuación,Eugui,Muy bien,,
Donosti,Escrito en 1 de junio de 2024,Sin puntuación,Verónica,Bien,,
Donosti,Escrito en 28 de mayo de 2024,Sin puntuación,Eduardo,Bien,,
Donosti,Escrito en 26 de mayo de 2024,Sin puntuación,Reyes,Fantástico,,
Donosti,Escrito en 21 de mayo de 2024,Sin puntuación,Roger,Bien,,
Donosti,Escrito en 20 de mayo de 2024,Sin puntuación,Marieta1973,Muy bien,,
Donosti,Escrito en 8 de mayo de 2024,Sin puntuación,Nadia,Muy bien,,
Donosti,Escrito en 8 de mayo de 2024,Sin puntuación,María,Muy bien,,
Donosti,Escrito en 6 de mayo de 2024,Sin puntuación,Rosa,Fantástico,,
Donosti,Escrito en 5 de mayo de 2024,Sin puntuación,Santiago,Muy bien,,
Donosti,Escrito en 27 de abril de 2024,Sin puntuación,Guzman,Fantástico,,
Donosti,Escrito en 27 de abril de 2024,Sin puntuación,Camen,Muy bien,,
Donosti,Escrito en 25 de abril de 2024,Sin puntuación,Maria,Muy bien,,
Donosti,Escrito en 24 de abril de 2024,Sin puntuación,Joseba,Bien,,
Donosti,Escrito en 23 de abril de 2024,Sin puntuación,Norma,Bien,,
Donosti,Escrito en 22 de abril de 2024,Sin puntuación,Soledad,Fantástico,,
Donosti,Escrito en 15 de abril de 2024,Sin puntuación,Melania,Fantástico,,
Donosti,Escrito en 15 de abril de 2024,Sin puntuación,Carmen,Bien,,
Donosti,Escrito en 6 de noviembre de 2023,Sin puntuación,Nicolas,Bien,,
Donosti,Escrito en 26 de octubre de 2023,Sin puntuación,Gema,Fantástico,,
Donosti,Escrito en 26 de octubre de 2023,Sin puntuación,Kikeloquillo,Fantástico,,
Donosti,Escrito en 20 de octubre de 2023,Sin puntuación,Silvana,Fantástico,,
Donosti,Escrito en 14 de octubre de 2023,Sin puntuación,Esther,Fantástico,,
Donosti,Escrito en 11 de octubre de 2023,Sin puntuación,Kikeloquillo,Muy bien,,
Donosti,Escrito en 8 de octubre de 2023,Sin puntuación,Guillermo,Muy bien,,
Donosti,Escrito en 8 de octubre de 2023,Sin puntuación,Jose,Muy bien,,
Donosti,Escrito en 8 de octubre de 2023,Sin puntuación,Naia,"“Sitio agradable, limpio y bien ubicado sobretodo para la gente que viaja para ir a la UPV”",,
Donosti,Escrito en 7 de octubre de 2023,Sin puntuación,Mariam,Muy bien,,
Donosti,Escrito en 5 de octubre de 2023,Sin puntuación,Mariano,Muy bien,,
Donosti,Escrito en 3 de octubre de 2023,Sin puntuación,Joshugil,Muy bien,,
Donosti,Escrito en 1 de octubre de 2023,Sin puntuación,Maria,Bien,,
Donosti,Escrito en 25 de septiembre de 2023,Sin puntuación,Pilar,Muy bien,,
Donosti,Escrito en 19 de septiembre de 2023,Sin puntuación,Ane,Bien,,
Donosti,Escrito en 19 de septiembre de 2023,Sin puntuación,Virginia,Bien,,
Donosti,Escrito en 18 de septiembre de 2023,Sin puntuación,Mayte,Muy bien,,
Donosti,Escrito en 16 de septiembre de 2023,Sin puntuación,Manuel,Fantástico,,
Donosti,Escrito en 15 de septiembre de 2023,Sin puntuación,Zarela,Bien,,
Donosti,Escrito en 14 de septiembre de 2023,Sin puntuación,Andrea22pao,Fantástico,,
Donosti,Escrito en 14 de septiembre de 2023,Sin puntuación,Rubén,Muy bien,,
Donosti,Escrito en 12 de septiembre de 2023,Sin puntuación,Santiago,Muy bien,,
Donosti,Escrito en 10 de septiembre de 2023,Sin puntuación,Yolanda,Muy bien,,
Donosti,Escrito en 4 de septiembre de 2023,Sin puntuación,Julia,Bien,,
Donosti,Escrito en 1 de septiembre de 2023,Sin puntuación,Carolina,Muy bien,,
Donosti,Escrito en 9 de abril de 2023,Sin puntuación,Alvaro,Muy bien,,
Donosti,Escrito en 7 de abril de 2023,Sin puntuación,Maria,Bien,,
Donosti,Escrito en 6 de abril de 2023,Sin puntuación,Lorenamac,Fantástico,,
Donosti,Escrito en 4 de abril de 2023,Sin puntuación,Carolina,Fantástico,,
Donosti,Escrito en 3 de abril de 2023,Sin puntuación,Miglena,Fantástico,,
Donosti,Escrito en 31 de marzo de 2023,Sin puntuación,Miguel,Muy bien,,
Donosti,Escrito en 25 de marzo de 2023,Sin puntuación,Carlos,Fantástico,,
Donosti,Escrito en 15 de marzo de 2023,Sin puntuación,Juan,Fantástico,,
Donosti,Escrito en 14 de marzo de 2023,Sin puntuación,Alfred,Muy bien,,
Donosti,Escrito en 13 de marzo de 2023,Sin puntuación,Carmen,Muy bien,,
Donosti,Escrito en 6 de marzo de 2023,Sin puntuación,Rivera,Muy bien,,
Donosti,Escrito en 5 de marzo de 2023,Sin puntuación,Rochelle,Fantástico,,
Donosti,Escrito en 3 de marzo de 2023,Sin puntuación,Carlos,Bien,,
Donosti,Escrito en 26 de febrero de 2023,Sin puntuación,Cayetano,Bien,,
Donosti,Escrito en 26 de febrero de 2023,Sin puntuación,Jonathan,Bien,,
Donosti,Escrito en 22 de febrero de 2023,Sin puntuación,Juan,Muy bien,,
Donosti,Escrito en 19 de febrero de 2023,Sin puntuación,Benito,Fantástico,,
Donosti,Escrito en 19 de febrero de 2023,Sin puntuación,Elena,Muy bien,,
Donosti,Escrito en 12 de febrero de 2023,Sin puntuación,Etxeberria,Bien,,
Donosti,Escrito en 6 de febrero de 2023,Sin puntuación,Cristian,Fantástico,,
Donosti,Escrito en 6 de febrero de 2023,Sin puntuación,Yáñez,Fantástico,,
Donosti,Escrito en 6 de febrero de 2023,Sin puntuación,Inma,Muy bien,,
Donosti,Escrito en 3 de febrero de 2023,Sin puntuación,Ane114,Muy bien,,
Donosti,Escrito en 29 de enero de 2023,Sin puntuación,Cesar,Bien,,
Donosti,Escrito en 27 de enero de 2023,Sin puntuación,Ane114,Muy bien,,
Donosti,Escrito en 3 de junio de 2025,Sin puntuación,Sergio,Aceptable,,
Donosti,Escrito en 3 de junio de 2025,Sin puntuación,Sergio,Aceptable,,
Donosti,Escrito en 31 de mayo de 2025,Sin puntuación,Miguel,Excepcional,,
Donosti,Escrito en 30 de mayo de 2025,Sin puntuación,Judith,Excepcional,,
Donosti,Escrito en 28 de mayo de 2025,Sin puntuación,Jotape,Excepcional,,
Donosti,Escrito en 24 de mayo de 2025,Sin puntuación,Lucía,Excepcional,,
Donosti,Escrito en 23 de mayo de 2025,Sin puntuación,Lucas,Excepcional,,
Donosti,Escrito en 22 de mayo de 2025,Sin puntuación,Jaime,Excepcional,,
Donosti,Escrito en 18 de mayo de 2025,Sin puntuación,Darabont,Excepcional,,
Donosti,Escrito en 10 de mayo de 2025,Sin puntuación,Iñigo,Agradable,,
Donosti,Escrito en 9 de mayo de 2025,Sin puntuación,Antonio,Excepcional,,
Donosti,Escrito en 5 de mayo de 2025,Sin puntuación,Ernesto,Agradable,,
Donosti,Escrito en 4 de mayo de 2025,Sin puntuación,Lorena,Aceptable,,
Donosti,Escrito en 1 de mayo de 2025,Sin puntuación,Fiona,Excepcional,,
Donosti,Escrito en 28 de abril de 2025,Sin puntuación,Francisco,Excepcional,,
Donosti,Escrito en 21 de abril de 2025,Sin puntuación,Rodrigo,Excepcional,,
Donosti,Escrito en 20 de abril de 2025,Sin puntuación,Sandra,Excepcional,,
Donosti,Escrito en 19 de abril de 2025,Sin puntuación,Alain,Muy mal,,
Donosti,Escrito en 19 de abril de 2025,Sin puntuación,Julio,Aceptable,,
Donosti,Escrito en 23 de marzo de 2025,Sin puntuación,García,Aceptable,,
Donosti,Escrito en 16 de marzo de 2025,Sin puntuación,Olatz,Excepcional,,
Donosti,Escrito en 16 de marzo de 2025,Sin puntuación,Kaley,Excepcional,,
Donosti,Escrito en 11 de marzo de 2025,Sin puntuación,Jose,Excepcional,,
Donosti,Escrito en 6 de marzo de 2025,Sin puntuación,Palacios,Excepcional,,
Donosti,Escrito en 25 de febrero de 2025,Sin puntuación,Daniel,Agradable,,
Donosti,Escrito en 28 de julio de 2024,Sin puntuación,Eduardo,Agradable,,
Donosti,Escrito en 23 de julio de 2024,Sin puntuación,Sandra,Muy mal,,
Donosti,Escrito en 19 de julio de 2024,Sin puntuación,Raquel,Excepcional,,
Donosti,Escrito en 18 de julio de 2024,Sin puntuación,Angel,Agradable,,
Donosti,Escrito en 12 de julio de 2024,Sin puntuación,Merche,Agradable,,
Donosti,Escrito en 11 de julio de 2024,Sin puntuación,Francysbell,Aceptable,,
Donosti,Escrito en 9 de julio de 2024,Sin puntuación,Karen,Excepcional,,
Donosti,Escrito en 7 de julio de 2024,Sin puntuación,Sara,Excepcional,,
Donosti,Escrito en 19 de junio de 2024,Sin puntuación,Alexa,Excepcional,,
Donosti,Escrito en 17 de junio de 2024,Sin puntuación,Emiliano,Agradable,,
Donosti,Escrito en 15 de junio de 2024,Sin puntuación,Pablo,Muy mal,,
Donosti,Escrito en 12 de junio de 2024,Sin puntuación,Natalia,Excepcional,,
Donosti,Escrito en 12 de junio de 2024,Sin puntuación,Javier,Muy mal,,
Donosti,Escrito en 30 de mayo de 2024,Sin puntuación,Ramón,Excepcional,,
Donosti,Escrito en 25 de mayo de 2024,Sin puntuación,Gaspar,Excepcional,,
Donosti,Escrito en 16 de mayo de 2024,Sin puntuación,Iñigo,Excepcional,,
Donosti,Escrito en 13 de mayo de 2024,Sin puntuación,David,Excepcional,,
Donosti,Escrito en 13 de mayo de 2024,Sin puntuación,Stanca,Excepcional,,
Donosti,Escrito en 6 de mayo de 2024,Sin puntuación,Claude,Agradable,,
Donosti,Escrito en 3 de mayo de 2024,Sin puntuación,Ana,Agradable,,
Donosti,Escrito en 3 de mayo de 2024,Sin puntuación,Jon,Mal,,
Donosti,Escrito en 30 de abril de 2024,Sin puntuación,Isabel,Agradable,,
Donosti,Escrito en 27 de abril de 2024,Sin puntuación,Mihaela,Excepcional,,
Donosti,Escrito en 23 de abril de 2024,Sin puntuación,Martisca,Excepcional,,
Donosti,Escrito en 23 de abril de 2024,Sin puntuación,David,Excepcional,,
Donosti,Escrito en 24 de junio de 2023,Sin puntuación,Mari,Aceptable,,
Donosti,Escrito en 18 de junio de 2023,Sin puntuación,P,Excepcional,,
Donosti,Escrito en 18 de junio de 2023,Sin puntuación,Elimaymm,Excepcional,,
Donosti,Escrito en 17 de junio de 2023,Sin puntuación,Víctor,Agradable,,
Donosti,Escrito en 14 de junio de 2023,Sin puntuación,Loretegi,Excepcional,,
Donosti,Escrito en 13 de junio de 2023,Sin puntuación,Tatiana,Excepcional,,
Donosti,Escrito en 15 de mayo de 2023,Sin puntuación,Vanessa,Excepcional,,
Donosti,Escrito en 25 de abril de 2023,Sin puntuación,Irene,Excepcional,,
Donosti,Escrito en 21 de abril de 2023,Sin puntuación,Javier,Agradable,,
Donosti,Escrito en 20 de abril de 2023,Sin puntuación,Soledad,Excepcional,,
Donosti,Escrito en 15 de abril de 2023,Sin puntuación,Aidajimenezz,Excepcional,,
Donosti,Escrito en 14 de abril de 2023,Sin puntuación,Puy,Excepcional,,
Donosti,Escrito en 10 de abril de 2023,Sin puntuación,Rodriguez,Excepcional,,
Donosti,Escrito en 9 de abril de 2023,Sin puntuación,Maria,Agradable,,
Donosti,Escrito en 8 de abril de 2023,Sin puntuación,Sara,Excepcional,,
Donosti,Escrito en 22 de marzo de 2023,Sin puntuación,Antonio,Muy mal,,
Donosti,Escrito en 19 de marzo de 2023,Sin puntuación,Norbeilyn,Agradable,,
Donosti,Escrito en 11 de marzo de 2023,Sin puntuación,Ignacio,Decepcionante,,
Donosti,Escrito en 8 de marzo de 2023,Sin puntuación,June,Excepcional,,
Donosti,Escrito en 4 de marzo de 2023,Sin puntuación,Rafael,Excepcional,,
Donosti,Escrito en 28 de febrero de 2023,Sin puntuación,Oscar,Agradable,,
Donosti,Escrito en 22 de febrero de 2023,Sin puntuación,Etxarte,Excepcional,,
Donosti,Escrito en 21 de febrero de 2023,Sin puntuación,Isaac,Excepcional,,
Donosti,Escrito en 20 de febrero de 2023,Sin puntuación,Georgina,Excepcional,,
Donosti,Escrito en 9 de febrero de 2023,Sin puntuación,Sabugal,Aceptable,,
BilbaoMuseo,Escrito en 15 de diciembre de 2025,Sin puntuación,Ma,Excepcional,"La ubicación,  muy céntrico",Poco espacio para 4 personas
BilbaoMuseo,Escrito en 14 de diciembre de 2025,Sin puntuación,Lopez,Excepcional,"La situación, limpieza y las instalaciones en general.","La única pega ha sido el sofá cama, un poco incomodo."
BilbaoMuseo,Escrito en 5 de diciembre de 2025,Sin puntuación,B,“Buena ubicación ; abstenerse personas con osmofobia y riesgo disrupción”,Ubicación,Terrible el extremo ambientador en la planta baja . Subes a la habitación mareado . Por demás. Acabé con osmofobia y cefalea .
BilbaoMuseo,Escrito en 16 de noviembre de 2025,Sin puntuación,Karlosmaiden,“Super”,"La ubicación es una pasada, lo fácil de llegar al párking y a 5 minutos el apartamento, la cerradura del portal se abre con el móvil, entrar y un olor super agradable, abrir la puerta del apartamento y una pasada de chulo, limpio, todo nuevo, aire acondicionado, lavadora, horno microondas, TV plano, todo super bien, mi hija de 12años y mi sobrina de 15 super contentas, 2 cajas de bienvenida con aguas patatas.... gracias por todo",Me gustó todo
BilbaoMuseo,Escrito en 10 de noviembre de 2025,Sin puntuación,Els,Bien,Diseño y emplazamiento.,"Sofa cama muy incómodo, hundido y con ruido de muelles con cada movimiento. Las habitaciones no tienen paredes, solo separación de ambiente con listones de madera en un espacio diáfano con el sala-cocina."
BilbaoMuseo,Escrito en 9 de noviembre de 2025,Sin puntuación,Martinez,Excepcional,Ubicación y comodidad de las instalaciones,Nada
BilbaoMuseo,Escrito en 28 de octubre de 2025,Sin puntuación,Alejandro,Excepcional,,Se escuchaba un goteo por la noche del piso de arriba y la luz roja de la alarma de incendios parpadea y molesta un poco por la noche
BilbaoMuseo,Escrito en 25 de octubre de 2025,Sin puntuación,Alvaro,Muy bien,La terraza,Q no tenía cama era sofá cama
BilbaoMuseo,Escrito en 19 de octubre de 2025,Sin puntuación,Her,Fantástico,"Super moderno, muy bien ubicado, en frente del museo. Amplio departamento, hermoso","La atención dejo mucho que desear, sobre todo porque no se le discute al huésped cuando no hay nada que discutir. Uno se puede equivocar, se piden disculpas y listo, pero echarle la culpa al huésped de la propia torpeza no va.  Pedí parking tres veces. Me lo cobraron y todo. Cuando llegue, me dijeron que ""creyeron que no lo quería"" porque un dia antes ""pedi indicaciones para el parking pero claramente nunca confirme que lo quería. O sea, pido parking, me lo cobran, pido indicaciones de como ir, en eso me piden que pase la placa que no llegue a leer, y como no la pase horas antes ""creyeron que no quería el parking y solo quería la dirección del mismo para ir a que...?"
BilbaoMuseo,Escrito en 14 de octubre de 2025,Sin puntuación,Sergio,Fantástico,Las vistas increíbles,
BilbaoMuseo,Escrito en 30 de septiembre de 2025,Sin puntuación,Iván,“Fantástico”,"Es increíble el lugar y la ubicación, muy recomendable",
BilbaoMuseo,Escrito en 28 de septiembre de 2025,Sin puntuación,Silvia,“Escapada en familia”,La ubicación. Justo enfrente del museo Guggenheim. Y un apartamento espectacular 😍. Muy moderno y muy completo.,Nada
BilbaoMuseo,Escrito en 9 de septiembre de 2025,Sin puntuación,Rocío,Fantástico,Ubicación,
BilbaoMuseo,Escrito en 5 de septiembre de 2025,Sin puntuación,Carmen,"“perfecto , detalles muy cuidados”","ubicación, limpieza y no faltaba un detalle",
BilbaoMuseo,Escrito en 31 de agosto de 2025,Sin puntuación,Pilar,Fantástico,"Ubicación excelente, muy cómodo... pudimos adelantar la entrada a las 12 por una suplemento...",
BilbaoMuseo,Escrito en 30 de agosto de 2025,Sin puntuación,Laura,“Excelente”,"Me gusto Todo, ubicacion, limpieza, decoracion, menaje, comodidad, bonito, situacion. Muy bien, nos gusto mucho. Original, practico, limpio, moderno. Muy bien situado, se puede ir andando a los principales sitios que hay que ver. Te dejan como detalle al entrar, agua, patatas y un folleto con recomendaciones de sitios para ver y comer.",El ascensor...que era lentiiiiiiisimo
BilbaoMuseo,Escrito en 28 de agosto de 2025,Sin puntuación,Eduardo,Fantástico,Ubicación y todo nuevo,
BilbaoMuseo,Escrito en 25 de agosto de 2025,Sin puntuación,Victorino,Excepcional,Todo general,Falta de intimidad en habitación.por poner alguna cosa
BilbaoMuseo,Escrito en 24 de agosto de 2025,Sin puntuación,Ana,Fantástico,Ubicación y limpieza,
BilbaoMuseo,Escrito en 1 de agosto de 2025,Sin puntuación,Seila,“Sin duda repetiría”,"Todo, pero la ubicación perfecta 🤩",Nada
BilbaoMuseo,Escrito en 28 de julio de 2025,Sin puntuación,Celia,“Todo muy bien”,"Esta muy bien ubicado, tiene buenas vistas, los apartamentos están muy nuevos y bien decorados, es todo muy práctico y tienen todo lo necesario",Todo estuvo muy bien
BilbaoMuseo,Escrito en 17 de mayo de 2025,Sin puntuación,Maria,Muy bien,"Muy buena ubicación, muy amplio y muy limpio","En general bien dotado pero: no había servilletas ni rollo de cocina, (y poco papel higiénico!).
La ducha y el lavabo no desaguan bien"
BilbaoMuseo,Escrito en 5 de mayo de 2025,Sin puntuación,Daniela,“Pequeño apartamento en fantástica ubicación”,"La ubicación es estupenda. Justo en frente del Guggenheim y a minutos de la zona del Río y de muchos restaurantes y cafés. Además, el apartamento es muy nuevo y con vistas al Guggenheim. El baño es amplio y muy cómodo.","Los colchones era muy incómodos y el apartamento habría sido perfecto de tamaño para dos, pero éramos dos adultos y dos niños pequeños y se nos ha hecho un poco pequeño. Tampoco nos ha parecido bien el hecho de abonar 15 euros por acceder al apartamento dos horas antes de la hora de check-in estando el apartamento disponible. Tampoco nos dieron facilidades para dejar las maletas."
BilbaoMuseo,Escrito en 29 de abril de 2025,Sin puntuación,Alberto,Bien,La ubicación estaba bien,La tostadora no funciona.  El lavavajillas no funciona. Falta mucho menaje de cocina. El sofá cama bastante incómodo.
BilbaoMuseo,Escrito en 1 de junio de 2024,Sin puntuación,Carla,Excepcional,"Muy bien ubicado, al lado del Guggenheim, habitación amplia para 4 personas y cómoda. Muy limpio. Desde nuestra habitación podías ver el museo.",Acceso
BilbaoMuseo,Escrito en 27 de mayo de 2024,Sin puntuación,Fabiola,Excepcional,"Todo excelente, la atención y el estudio.","Sólo por quejarme, el extractor del baño y la puerta de baño son muy ruidosos."
BilbaoMuseo,Escrito en 21 de mayo de 2024,Sin puntuación,Ana,Excepcional,"Perfecto, muy buena ubicación , limpio y cómodo.",
BilbaoMuseo,Escrito en 18 de mayo de 2024,Sin puntuación,Julia,“Ubicación privilegiada”,La ubicación,Había una toalla grande mojada usada en el baño.
BilbaoMuseo,Escrito en 9 de mayo de 2024,Sin puntuación,Carmen,“Excelente ubicación y estancia tranquila”,"Una muy buena ubicación , pero en unos apartamentos tranquilos cerca de todo.",
BilbaoMuseo,Escrito en 24 de abril de 2024,Sin puntuación,Judith,“Estupendo sitio para pasar unos días por bilbao”,La ubicación la tranquilidad y el buen acceso,Por poner una pega el ascensor demasiado lento agobiaba un poco
BilbaoMuseo,Escrito en 8 de abril de 2024,Sin puntuación,Sandra,“Ubicación”,"Ubicación, limpieza y confort","El laborioso check in.Debería haber un cartel con las normas y horario check out en el apartamento"
BilbaoMuseo,Escrito en 8 de abril de 2024,Sin puntuación,Maria,“TODO GENIAL”,Lo que más me gustó fue la ubicación del apartamento y sus vistas al museo.La  limpieza y muy coqueto el apartamento.,"Por decir algo, las almohadas eran muy bajitas, tenía poco relleno. Me hubiera gustado que hubiera alguna almohada un poco más compacta. Por lo demás genial todo."
BilbaoMuseo,Escrito en 5 de abril de 2024,Sin puntuación,Ana,“Ubicación excelente para ver la ciudad”,El  apartamento es ideal muy chulo y limpio. La ubicación excelente para ver la ciudad.,
BilbaoMuseo,Escrito en 30 de marzo de 2024,Sin puntuación,David,Excepcional,"Ubicación, limpieza y comodidad, perfecto para pasar unos días cerca del centro de bilbao pero alejado del bullicio. 
Destacar que hubo un problema con el lavavajillas y rápidamente un empleado se puso en contacto conmigo para subsanar el problema.",
BilbaoMuseo,Escrito en 27 de marzo de 2024,Sin puntuación,Paulacc,“Estancia de 10”,"La ubicación es inmejorable. El apartamento tiene todo lo indispensable para pasar unos días estupendos. Está bien equipado y con muchos detalles. La decoración es muy funcional y está puesto todo, con mucho gusto.","Por decir algo, mi hijo se quejó del colchón del sofá cama, cosa bastante habitual en este tipo de colchones que son más finos de lo normal."
BilbaoMuseo,Escrito en 9 de marzo de 2024,Sin puntuación,Melquiades,“Ideal visita zona centro Bilbao”,"Bien situado, agradable, decoración funcional y bonita, practico",Me gustó todo
BilbaoMuseo,Escrito en 5 de marzo de 2024,Sin puntuación,Alfonso,Fantástico,"Comodidad y la cocina completa. El detalle de bienvenida es un puntazo. Limpio, bien ubicado. Piso reformado con gusto.",Nada
BilbaoMuseo,Escrito en 3 de marzo de 2024,Sin puntuación,Mónica,“Finde 80  90”,La ubicación. El apartamento entero estaba genial,No había mesa para comer las 4 personas que éramos.No había platos algo muy extraño.Nos pusieron toallas solo para tres.
BilbaoMuseo,Escrito en 3 de marzo de 2024,Sin puntuación,Cristina,Excepcional,"Todo fenomenal, limpieza, ubicación, muy nuevo…","El check out era a las 11 de la mañana y a esa misma hora ya nos estaban picando la puerta para que saliéramos, no dieron ni unos minutos de cortesía…"
BilbaoMuseo,Escrito en 3 de marzo de 2024,Sin puntuación,Elizabeth,“Bilbao y Puppy .”,"La ubicación ,nuestro balcón daba al museo, íbamos con dos niños y lo primero que hacían por la mañana era ver a Puppy. 
 La limpieza genial 
El diseño del apartamento, moderno y cómodo","Eché en falta una escoba y fregona . 
El ruido exterior de los vecinos y la luz que se enciende automáticamente y se nota en la habitación . 
Tuve algunas dudas y tardaron en responderme , haciéndolo de forma automática con el mismo mensaje ."
BilbaoMuseo,Escrito en 18 de febrero de 2024,Sin puntuación,Alberto,“Buena opción para visitar Bilbao”,"Muy bien el apartamento, situación excelente, muy completo, con todos detalles,limpio, tranquilo...muy bien. Un detallazo la cama y comederos para la mascota.","El proceso de cheking no es complicado pero no me gusta que haya que morir al palo de todo por internet.  La activación de la llave, es decir, la entrada al apartamento ES MUY TARDE, a las 15 h."
BilbaoMuseo,Escrito en 13 de febrero de 2024,Sin puntuación,Jorge,“Excelente”,Ubicacion,Aislamiento acustico
BilbaoMuseo,Escrito en 9 de febrero de 2024,Sin puntuación,Ana,“Fantástico”,"La ubicación fantástica al lado del Museo Guggenheim y a 7 minutos de la parada de metro. El apartamento muy cuidado y con todo lo necesario para pasar unos días: utensilios cocina, lavadora..",Todo genial aunque la cama del sofá cama era un poco incómoda y creo que podrían ofrecer algunas almohadas  y edredones. Pero por lo demás todo genial
BilbaoMuseo,Escrito en 8 de febrero de 2024,Sin puntuación,Santamaría,“Muy recomendable”,La distribución y la sitúa,En general todo me gustó
BilbaoMuseo,Escrito en 21 de enero de 2024,Sin puntuación,Medel,Muy bien,"Amplitud, luz y vistas",Qué no hubiera puertas en las habitaciones.
BilbaoMuseo,Escrito en 19 de enero de 2024,Sin puntuación,Chafik,Excepcional,Todo,Salida alas 11 alas 12 mejor
BilbaoMuseo,Escrito en 13 de enero de 2024,Sin puntuación,Edecio,Excepcional,"Excelente ubicación, fácil acceso, todo impecable y ágil reserva","Nada, todo estuvo muy bien"
BilbaoMuseo,Escrito en 8 de enero de 2024,Sin puntuación,Rosa,“Excelente ubicación y buena relación calidad/precio”,"Ubicación, limpieza, muy bien organizado check in y check out virtual.","Eché de menos un microondas, y algo de mantenimiento: la manilla del baño estaba suelta y se caía todo el rato."
BilbaoMuseo,Escrito en 3 de septiembre de 2025,Sin puntuación,Gabriela,Agradable,Las instalaciones,"La reserva era para tres y no tenía la cama hecha para la tercera ( tuvimos que abrir un pesado sofá ) sin toallas para todos. La vista muy linda al museo estaba obstaculizada por reparaciones ( esto no fue notificado) Había mucha suciedad en la entrada."
BilbaoMuseo,Escrito en 22 de abril de 2025,Sin puntuación,Sergio,“Mal servicio”,Ubicación,"Mal trato on line, no me dejaron dejar las maletas una hora antes hasta que no pague en early check in pero sin embargo pude tener la lavadora rota más de un día con mis cosas atrapadas dentro y solo enviaron a alguien a arreglarlo el día posterior una hora antes de tener que abandonar el apartamento"
BilbaoMuseo,Escrito en 9 de abril de 2025,Sin puntuación,Maria,Agradable,"Perfecta ubicación y limpio, pero para el descanso muy incómodo, colchones muy finos donde dormir bien era imposible.",
BilbaoMuseo,Escrito en 25 de febrero de 2025,Sin puntuación,Marta,Agradable,"La ubicación es muy buena y muy fácil de hacer el Check-in. 
Las toallas agradables y kit de bienvenida.",El sofá cama es de lo más incómodo que he visto nunca.
BilbaoMuseo,Escrito en 16 de febrero de 2025,Sin puntuación,Tamara,Decepcionante,La ubicación,"Húmedad en las paredes del baño ,rejilla de la ducha suelta y silicona del suelo levantada ,la cama y el sofá cama no eran nada cómodos"
BilbaoMuseo,Escrito en 30 de enero de 2025,Sin puntuación,Marina,Mal,"La ubicación. El apartamento estaba limpio, aunque podrían repasar las paredes que están llenas de manchas de otros huéspedes. Te dejan dos cápsulas de café y dos botellas de agua, aunque éramos 4 personas. Buena comunicación con el responsable.","Para que te den las claves de acceso para entrar al apartamento, hay que hacer un check in MUY tedioso. Hay que seguir bastantes pasos. Cuando crees que los has completado todos, antes de entrar para que te den la clave te piden 200€ de fianza obligatorios, QUE NO APARECE EN NINGUNA PARTE. El Precio es bastante elevado teniendo en cuenta que el apartamento de 4 personas es una cama y un sofá cama, muy muy muy incómodo, te clavas los muelles constantemente, por no decir el ruido que hacen los muelles. Insonorización con otras habitaciones muy mala."
BilbaoMuseo,Escrito en 20 de enero de 2025,Sin puntuación,Oyuelitos,“Te roban”,El apartamento está bien.,"Nos han cobrado una penalización directamente de 150 euros por “fumar”  cosa que no hicimos, solo una fuma iqos y es un vapper."
BilbaoMuseo,Escrito en 27 de diciembre de 2024,Sin puntuación,Marina,“Bueno...”,"La ubicación. El autobús del aeropuerto para muy cerca, 3 minutos hasta el apartamento. Muy limpio. Supermercados varios al lado. Bien equipado para cocinar.","No había instrucciones para: el code de wifi, el funcionamiento de la calefacción (una vez activada se regulaba muy bien, pero lento) En el cuarto no hay ventanas. Bonita decoración. Baño agradable con calefacción..."
BilbaoMuseo,Escrito en 13 de diciembre de 2024,Sin puntuación,Asier,“Precario”,La ubicación,"Ruidoso por la mala ventana que tenía la habitación, frío porque no funcionaba la calefacción y pequeño porque el sofá cama no dejaba espacio para pasar entre la habitación y la cocina"
BilbaoMuseo,Escrito en 13 de noviembre de 2024,Sin puntuación,Estibalitz,Mal,,Pagamos 170€ por algo que realmente no merecía tanto… la cocina escondida tras armarios que se mueven que hay que darse cuenta para moverlos u abrirlos… entraba la claridad de la mañana a través de las cortinas que supuestamente tapan el sol
BilbaoMuseo,Escrito en 16 de octubre de 2024,Sin puntuación,María,“Decepcionada”,"No llegue a hospedarme,,, ya que me negaron la entrada aun teniendo la confirmación de que aceptaban mascotas",Demasiados protocolos para hacerse llamar especialmente alojamiento para mascotas
BilbaoMuseo,Escrito en 6 de octubre de 2024,Sin puntuación,Marina,“Para dos personas está bien para 4 ni se te ocurra”,La ubicación,"No parecía muy limpio; el sofá cama solo tiene muelles; no está bien aislado del ruido, ni de la calle ni de las habitaciones contiguas; la habitación no tiene pared por lo que cada vez que del salón íbamos al baño despertábamos a los que dormian en la habitación porque tienen 0 privacidad"
BilbaoMuseo,Escrito en 11 de julio de 2024,Sin puntuación,Javier,“Con algo más de cuidado en algunos detalles podría haber estado mejor.”,"El grifo de la ducha con sus diferentes opciones de agua. Y la lavadora secadora, muy práctica.","La verdad que la cerradura por móvil me dio bastantes problemas. Y el colchón de la cama estaba para renovar, mal descanso."
BilbaoMuseo,Escrito en 30 de diciembre de 2023,Sin puntuación,Maite,“Gestión Deficiente. Se puede mejorar mucho”,"Creo q nada ,.. el paseo mañanero por la ria??,,","*Terrible el check in.. 3 h mas tarde No trabajan el checking s traves de apo de booking El personal de ls central pasota más bien *digitalmente no está preparado , aunque es lo q te venden*Demasiado sostenible… te quedas sin luz si no t mueves antes de 4 minutos… lo cronometramos,.. hasta en la ducha(,, te quedas con el acondicionador sin aclarar con la luz apagada),,,… imposible oensar en leer un libro relajadamente… ni jns luz d mesa se mantiene .*El parking tampoco está tal y como t dicen,,, tuenes q hacer mas de 1,5 km para entrar en coche*limpieza un 6… horno y baño muy mejorable"
BilbaoMuseo,Escrito en 28 de diciembre de 2023,Sin puntuación,Ines,Aceptable,Es precioso muy elegante y buena situacion,"Éramos  4 y pusieron dos aguas y dos cápsulas café
No había mantas para echar encima
La calefacción no funcionaba y pasamos frio por la noche
Para hacer cheki-in te tiras un rato"
BilbaoMuseo,Escrito en 18 de octubre de 2023,Sin puntuación,Daniela,"“No me ha gustado valor alto por lo que es , mal olor en el baño!”",Me gusto la ubicación,"No me gusto el sofá cama se sentían todos los resortes y hacía muchísimo ruido al querer intentar moverse.
Lo peor fue el olor que arroja el baño , no se si tienen problemas de tuberías pero era espantoso . Mi madre no ha podido dormir del olor ya que estaba en la cama al lado del baño. 
El precio me parece elevado para lo que es más teniendo en cuenta que con ese aroma tampoco era viable comer ahí y aprovechar que tienen cocina."
BilbaoMuseo,Escrito en 11 de octubre de 2023,Sin puntuación,Maria,Agradable,Ubicación,"Contraté dos apartamentos. Uno tenía la amplitud necesaria para cuatro personas, pero el otro (el 103), era mucho más pequeño (el apartamento parecía que era para dos personas, pues solo disponía de dos sillas y el espacio era insuficiente), aún así, el precio que pagué por ambos fue el mismo."
BilbaoMuseo,Escrito en 15 de agosto de 2023,Sin puntuación,Esther,“😊”,La ubicación,La limpieza y las camas
BilbaoMuseo,Escrito en 5 de agosto de 2023,Sin puntuación,Mónica,“Noche tropical”,Muy limpio y muy cómodo y bien situado.,No pudimos dormir del calor qué hacía. No funcionaba el aire acondicionado y al abrir la ventana entraba mucho ruido.
BilbaoMuseo,Escrito en 2 de abril de 2023,Sin puntuación,Daria,“horrible.”,-,"1)viajamos con un perro y nos dieron una habitación absolutamente muerta, rayada y con moho.  nuestros padres, para quienes también reservé una habitación, la recibieron en perfectas condiciones.  esto es una falta de respeto para los dueños de perros, ¡es mejor no permitir animales en absoluto!  entonces habríamos encontrado un lugar mejor para vivir que esta pesadilla.  No entiendo por qué pagué tanto por una habitación destrozada sin cama en la esquina sin ventanas.  es terrible, vergüenza.  
2)en el sitio nos cobraron 200 euros más que en Booking.com.  Pasé mucho tiempo averiguando que era una fianza que regresaría.
3)el desayuno también es terrible, solo una lonchera con comida seca, encontraremos mejor en el supermercado cercano.  
Nunca voy a volver allí de nuevo."
BilbaoMuseo,Escrito en 20 de octubre de 2025,Sin puntuación,Anónimo,“Todo perfecto”,"La ubicación era perfecta, las instalaciones limpias y muy comodo.","Hechamos en falta algunos utensilios de cocina, como unas tijeras o un cuchillo para poder cocinar en la cocina. En el baño, no teníamos jabón de cuerpo."
BilbaoMuseo,Escrito en 24 de diciembre de 2025,Sin puntuación,Clara,Muy bien,,
BilbaoMuseo,Escrito en 20 de diciembre de 2025,Sin puntuación,Cecilia,Fantástico,,
BilbaoMuseo,Escrito en 12 de diciembre de 2025,Sin puntuación,Alberto,Excepcional,,
BilbaoMuseo,Escrito en 26 de octubre de 2025,Sin puntuación,Carlos,Bien,,
BilbaoMuseo,Escrito en 5 de octubre de 2023,Sin puntuación,Ana,Excepcional,,
BilbaoMuseo,Escrito en 20 de septiembre de 2023,Sin puntuación,Santceloni,Excepcional,,
BilbaoMuseo,Escrito en 17 de septiembre de 2023,Sin puntuación,Edita,Excepcional,,
BilbaoMuseo,Escrito en 7 de septiembre de 2023,Sin puntuación,Manolo,Fantástico,,
BilbaoMuseo,Escrito en 5 de septiembre de 2023,Sin puntuación,Tomás,Muy bien,,
BilbaoMuseo,Escrito en 30 de agosto de 2023,Sin puntuación,Nicolás,Fantástico,,
BilbaoMuseo,Escrito en 28 de agosto de 2023,Sin puntuación,Beatriz,Fantástico,,
BilbaoMuseo,Escrito en 31 de julio de 2023,Sin puntuación,Estefania,Excepcional,,
BilbaoMuseo,Escrito en 21 de julio de 2023,Sin puntuación,Maria,Muy bien,,
BilbaoMuseo,Escrito en 7 de julio de 2023,Sin puntuación,Paula,Fantástico,,
BilbaoMuseo,Escrito en 6 de julio de 2023,Sin puntuación,Victoria,Excepcional,,
BilbaoMuseo,Escrito en 29 de junio de 2023,Sin puntuación,Joaquina,Muy bien,,
BilbaoMuseo,Escrito en 28 de junio de 2023,Sin puntuación,Alba,Excepcional,,
BilbaoMuseo,Escrito en 25 de junio de 2023,Sin puntuación,Ines,Fantástico,,
BilbaoMuseo,Escrito en 23 de junio de 2023,Sin puntuación,Teresa,Excepcional,,
BilbaoMuseo,Escrito en 23 de junio de 2023,Sin puntuación,Lidia,Muy bien,,
BilbaoMuseo,Escrito en 20 de junio de 2023,Sin puntuación,Franxiscote,Bien,,
BilbaoMuseo,Escrito en 17 de junio de 2023,Sin puntuación,Mar,“Excelente”,,
BilbaoMuseo,Escrito en 4 de junio de 2023,Sin puntuación,Arantxa,Fantástico,,
BilbaoMuseo,Escrito en 1 de junio de 2023,Sin puntuación,García,Excepcional,,
BilbaoMuseo,Escrito en 31 de mayo de 2023,Sin puntuación,Gaspar,Muy bien,,
BilbaoMuseo,Escrito en 30 de mayo de 2023,Sin puntuación,Lyuben,Excepcional,,
BilbaoMuseo,Escrito en 24 de mayo de 2023,Sin puntuación,Conde,Muy bien,,
BilbaoMuseo,Escrito en 15 de mayo de 2023,Sin puntuación,Baena,Muy bien,,
BilbaoMuseo,Escrito en 6 de mayo de 2023,Sin puntuación,Staback,Excepcional,,
BilbaoLaVieja,Escrito en 5 de enero de 2026,Sin puntuación,Alba,Fantástico,,Lo único negativo que podría decir sería la zona en la que está ubicado el apartamento.
BilbaoLaVieja,Escrito en 2 de enero de 2026,Sin puntuación,Julia,“Valorando”,La cama y los muebles  y la ducha,Lo malo que es para aparcar
BilbaoLaVieja,Escrito en 29 de diciembre de 2025,Sin puntuación,Margarita,Fantástico,Está muy cerca andando de la zona de la ría y la atención es inmediata a las consultas y dudas vía email o teléfono. Estuvimos cómodos y bien en los apartamentos que cogimos.,
BilbaoLaVieja,Escrito en 25 de diciembre de 2025,Sin puntuación,Londoño,“Cómoda”,"La habitación era excepcional, con una buena vista desde la terraza y completa.","No me gustó el vecindario en el que estaba ubicado, parecía un poco peligroso de noche"
BilbaoLaVieja,Escrito en 19 de diciembre de 2025,Sin puntuación,Jon,Muy bien,Sencilla y cómoda para pasar una noche,La ubicación es un poco chunga. Me dió por ir andando hasta el centro y en esas calles vi peleas y policías. No es una buena zona
BilbaoLaVieja,Escrito en 11 de diciembre de 2025,Sin puntuación,Jaime,“Estancia agradable”,"El apartamento estaba muy limpio y nuevo. Se encuentra en buena zona, cerca del centro.",No hay zona gratuita para aparcar cerca pero no sale muy caro el estacionamiento.
BilbaoLaVieja,Escrito en 8 de diciembre de 2025,Sin puntuación,Selva,"“Muy lindo apartamento, mejor barrio desde mercado de la rivera”",Tiene en 20 m cuadrados todo lo necesario para estar confortable,Las subidas ( de las calles y escaleras) para poder llegar caminando
BilbaoLaVieja,Escrito en 19 de noviembre de 2025,Sin puntuación,Anna,Fantástico,"La ubicación es perfecta, estabamoa a 10 minutos andando del centro del casco viejo de Bilbao y al igual del rio Nervion, una maravilla.
Dentro del estudio fue todo perfecto, esta bien equipado para cocinar, lavar... sin necesidad de moverse del estudio",
BilbaoLaVieja,Escrito en 27 de octubre de 2025,Sin puntuación,Lorena,“Agradable”,Estaba muy limpio todo y nuevas las instalaciones. Fuimos 6 personas y la perrita y el apartamento era amplio.,"El sofá cama muy incómodo. Y se fue la luz unas cuantas veces por la tarde noche al igual que a los vecinos de al lado. 
Además no nos dejaron papel higiénico en ningún baño, por lo demás bien estaba muy limpio y cuidado todo."
BilbaoLaVieja,Escrito en 5 de octubre de 2025,Sin puntuación,Maria,Bien,"Muy buena ubicación y servicios, muy limpio , todo muy completo , el sofá cama no es cómodo , las camas de las habitaciones muy bien",Sofá cama no es cómodo para dormir
BilbaoLaVieja,Escrito en 25 de agosto de 2025,Sin puntuación,Cristina,"“Apartamento moderno, limpio y bien ubicado.”",Es cómodo y muy limpio.,"Para llegar con maletas andando, la zona está en cuesta. Pero el apartamento tiene ascensor y es cómodo."
BilbaoLaVieja,Escrito en 13 de agosto de 2025,Sin puntuación,Alberto,“Una buena opción”,"Limpio,bien aprovechado el espacio y bien ubicado",Al ser un estudio se quedaba un poco pequeño para dos personas y una mascota.
BilbaoLaVieja,Escrito en 20 de julio de 2025,Sin puntuación,M,Muy bien,"Tiene un par de supermercados alrededor, en pocos minutos a pie tienes el Mercado de la Ribera y el casco viejo, y también al otro lado el Bilbao Arena.",El sofá cama es horrible como sofá. Como cama no lo probamos. Está en el borde de una zona un poco regular con mucha inmigración.
BilbaoLaVieja,Escrito en 14 de julio de 2025,Sin puntuación,Isabel,Bien,"Apartamento limpio y cerca del centro,bien equipado","El sofá cama era horrible, imposible dormir en él. La localización es buena pero no el barrio en el q se encuentra. Vimos una pelea con barra de metal, gritos, vecinos tirando basura a la calle.....hay q tener cuidado por la zona"
BilbaoLaVieja,Escrito en 29 de junio de 2025,Sin puntuación,Marta,Bien,,El sofá-cama es un poco incómodo
BilbaoLaVieja,Escrito en 24 de junio de 2025,Sin puntuación,Alejandro,Fantástico,Todo correcto buena ubicación,Lo complicado de aparcar si vienes con coche
BilbaoLaVieja,Escrito en 11 de junio de 2025,Sin puntuación,Francisca,Bien,Comodidad,No tenía platos para poder comer y las instalaciones estaban sucias.
BilbaoLaVieja,Escrito en 9 de junio de 2025,Sin puntuación,Pablo,Bien,me gusto que hayan considerado los perritos que al final no los lleve.pero habian preparado todo,"el sofa cama muy malo, siendo 4 personas solo nos dejaron 2 capsulas de cafe"
BilbaoLaVieja,Escrito en 22 de mayo de 2025,Sin puntuación,Almudena,“Buena opción”,La limpieza y la ubicación,Las sartenes que tenían no eran aptas para la vitro y no pudimos cocinar
BilbaoLaVieja,Escrito en 18 de mayo de 2025,Sin puntuación,Mónica,Bien,"Limpieza del apartamento.
Habitaciones amplias y 2 baños",Ubicación y poco sitio para aparcar
BilbaoLaVieja,Escrito en 1 de mayo de 2025,Sin puntuación,Marina,“Excelente”,"La limpieza 
La localización 
Los detalles de regalo
La gestión de check in y check out",Las almohadas
BilbaoLaVieja,Escrito en 30 de marzo de 2025,Sin puntuación,Marina,Bien,,"El sofá cama era MUY incomodo, y las camas no tanto pero tambien"
BilbaoLaVieja,Escrito en 17 de marzo de 2025,Sin puntuación,José,“Alojamiento para finde”,"Es un piso funcional para hacer turismo de ciudad y la entrada es autónoma.
Habitaciones cómodas pero el sofá cama no lo recomiendo",Sofá cama no lo recomiendo.
BilbaoLaVieja,Escrito en 6 de marzo de 2025,Sin puntuación,Esmeralda,Fantástico,"Apartamento cómodo, camas muy cómodas. Estaba todo limpio y está ubicado muy cerca del casco viejo.",
BilbaoLaVieja,Escrito en 18 de febrero de 2024,Sin puntuación,Natalia,“Funcional”,El facil acceso x check in online. La bienvenida con aguita y papitas y cafe. Lo funcional y bien completo con lavadora-secadora,Estaba en un sector un poco alejado del centro y a algunas cuadras del tren
BilbaoLaVieja,Escrito en 15 de febrero de 2024,Sin puntuación,Esther,“Agradable”,La limpieza y la funcionalidad.,"El colchón por ser un sofá cama, se hundía un poco por el centro. Con respecto a la ubicación, no está mal pero mejor ir acompañado."
BilbaoLaVieja,Escrito en 14 de febrero de 2024,Sin puntuación,Gemma,Fantástico,"La ubicación del piso, la limpieza,",
BilbaoLaVieja,Escrito en 26 de enero de 2024,Sin puntuación,Martín,“Un poco decepcionante”,Es espacioso y limpio,"No está preparado para una tercera persona, el sillón cama  me ha dejado una lumbalgia ya que no es adecuado para dormir, parecía una hamaca, ni hay enchufes para la cafetera aunque ofrecen café de cortesía, no hay azúcar ni básicos en absoluto. De resto todo correcto, por favor no ofrezcan a una tercera persona este apartamento, dormir fue un sufrimiento."
BilbaoLaVieja,Escrito en 14 de enero de 2024,Sin puntuación,Rebeca,Bien,"El personal genial, tuvieron un problema en el edificio y nos reubicaron con bastante rapidez y con las necesidades que solicitabamos. Volveremos seguro!",
BilbaoLaVieja,Escrito en 13 de enero de 2024,Sin puntuación,Elba,“Perfecta.”,"Muy acogedor, limpio, cálido.",En esta época de invierno creo que no necesitaba aire acondicionado.
BilbaoLaVieja,Escrito en 8 de enero de 2024,Sin puntuación,Fuster,Muy bien,"La ubicación, la limpieza, la decoración y el detalle de bienvenida",
BilbaoLaVieja,Escrito en 7 de enero de 2024,Sin puntuación,Anna,Bien,"Muy acojedor, facil de llegar, comodo el no llevar llave y llevarla en el movil. Atentos","El sofa cama muy incomodo, y pedimos que nos arreglaran la calefaccion i no vino nadie.
Ubicacion buena porque esta al lado del centro, pero la calle era el limite entre un barrio bien y un barrio muy xungo. Si ibas para la calle de atras, ningun problema, pero una calle abajo habia unos bares dedicados a prostitucion, calles muy dejadas..."
BilbaoLaVieja,Escrito en 17 de diciembre de 2023,Sin puntuación,Cristina,Fantástico,"Localización
Decoración 
No ruidos
Bien climatizado
Cuartos grandes",Sofa cama algo Incomodo
BilbaoLaVieja,Escrito en 14 de diciembre de 2023,Sin puntuación,Natalia,"“El apartamento bien, otras cosas no tanto.”","Está cerca de la zona de bares, aunque en un barrio un poco complicado.. Las instalaciones y el detalle de bienvenida también estaban bien.","Aparcar es complicado. El colchón del sofá cama era blandito y fino, te tumbabas y tocabas el fondo.. Sin embargo, sin duda lo peor fue el personal de limpieza, concretamente una de ellas, no hubo educación ni respeto a la hora del check-out, sintiéndonos muy violentos al irnos de allí.."
BilbaoLaVieja,Escrito en 13 de diciembre de 2023,Sin puntuación,Esther,"“Bien, pero hay que ir con cuidado”",Tenía todo aquello necesario para una estancia corta.,"La primera noche recibimos un correo electrónico del hotel a través de Booking en el que se nos pedía pagar mediante la compra de criptomonedas, cuando la reserva ya estaba pagada. Tuve que comprobarlo. ¡Cuidado!"
BilbaoLaVieja,Escrito en 11 de diciembre de 2023,Sin puntuación,Maria,“CONFORTABLE”,"La limpieza, que tuviera dos baños, la comodidad y la cercanía al centro.",El sofá cama un poco incómodo y el barrio no parecía muy seguro aunque no tuvimos problemas
BilbaoLaVieja,Escrito en 5 de diciembre de 2023,Sin puntuación,Pamela,“Bien”,Que estaba limpio,Que no habían suficientes mantas para los 4 que éramos pero a pesar de este percance me puse en contacto con el propietario y me soluciono el problema asi que nada perfecto todo
BilbaoLaVieja,Escrito en 5 de diciembre de 2023,Sin puntuación,Guillem,Fantástico,"Apartaments muy moderno, buenas instalaciones, muy limpio","Por decir algo, el sofacama un poco incomodi. Marmara y alcachofa ducha deterioradas"
BilbaoLaVieja,Escrito en 2 de diciembre de 2023,Sin puntuación,Ly,“Bien”,Las habitaciones,"La ubicación, barrio raro 
El sofá estaba roto el relleno"
BilbaoLaVieja,Escrito en 2 de noviembre de 2023,Sin puntuación,Bea,Muy bien,Muy recomendable,
BilbaoLaVieja,Escrito en 29 de octubre de 2023,Sin puntuación,Adjelevi,"“Super, me encantó tiene todo”","Limpio, acogedor, tranquilidad y muy cómodo",Me gusto todo
BilbaoLaVieja,Escrito en 15 de octubre de 2023,Sin puntuación,Lizz,“Está bien”,La decoración y el espacio,"No habían escobas para barrer ni suficientes utensilios de limpieza como para trapear los pisos, estuvimos 5 días y fuimos con un bebé de 2 años por lo que los pisos se ensuciaban mucho. Las tazas de café con muy pequeñas"
BilbaoLaVieja,Escrito en 13 de octubre de 2023,Sin puntuación,Monte,Muy bien,"El apartamento está muy bien las instalaciones , muy moderno y acogedor","La ubicación, el barrio es un poco peligroso , y me falto un recepcionista en la entrada ."
BilbaoLaVieja,Escrito en 1 de octubre de 2023,Sin puntuación,Maria,“Bien equipado pero el sofá cama un horror.”,"Estaba limpio y buen tamaño para 4 personas. Pagamos mascota y tuvieron el detalle de dejarle premios, cuencos y cama.","Lo peor el sofá cama que  era incomodísimo.
El barrio tampoco me gustó mucho, difícil aparcar."
BilbaoLaVieja,Escrito en 1 de octubre de 2023,Sin puntuación,Jtr,Muy bien,,La alcachofa de la ducha
BilbaoLaVieja,Escrito en 13 de septiembre de 2023,Sin puntuación,Iker,Fantástico,La tecnología que tenia,El sofá cama y la ubicación
BilbaoLaVieja,Escrito en 28 de agosto de 2023,Sin puntuación,Julio,“Apartamento que cumple lo mínimo para pasar unos días”,Apartamento nuevo y moderno. El sistema de llaves. La ubicación cercana al centro y zona de ocio.,"Aunque es un apartamento que se ofrece hasta para 6 personas, el espacio es muy reducido. El sofá cama y colchones no eran muy cómodos. La ubicación, aunque cercana al centro, es un barrio con pinta peligrosa."
BilbaoLaVieja,Escrito en 27 de agosto de 2023,Sin puntuación,Mari,Muy bien,Ampliar apartamentos para los 5.,No funcionaba el aire acondicionado y nos pillaron días de mucho calor
BilbaoLaVieja,Escrito en 20 de agosto de 2023,Sin puntuación,Ignacio,“Comoda estancia en familia”,"Apartamento moderno, muy completo y cómodo",El ambiente del barrio por la noche no nos ha agradado
BilbaoLaVieja,Escrito en 24 de abril de 2025,Sin puntuación,Roc,“Invitan a café agua y patatas”,Todo,"Ubicación, un poco complicado el barrio. Pasas el puente y ya estás en el centro"
BilbaoLaVieja,Escrito en 17 de abril de 2025,Sin puntuación,Pedrovh97,“Un buen apartamento”,"un piso muy amplio y nuevo, muy limpio cama cómodas, volveremos sin duda",la ubicación está cerca del centro pero la zona no es muy buena
BilbaoLaVieja,Escrito en 18 de marzo de 2025,Sin puntuación,Maria,“Inmejorable”,"Inmejorable, no puedo poner ninguna pega a nada.","Inmejorable, no puedo poner ninguna pega a nada."
BilbaoLaVieja,Escrito en 18 de marzo de 2025,Sin puntuación,Maria,“INMEJORABLE”,"Inmejorable, no puedo poner ninguna pega a nada.","Inmejorable, no puedo poner ninguna pega a nada."
BilbaoLaVieja,Escrito en 8 de marzo de 2025,Sin puntuación,Déborah,“Muy agradable”,"Calidad-precio muy bien.
Mobiliario y estancia muy buena, limpieza óptima, comodidad excelente y todo tipo de servicios en el alojamiento. 
Cercano a bares, supermercados, parques...","Lo más complicado fue aparcar, hay un parking grande cercano pero muy concurrido."
BilbaoLaVieja,Escrito en 26 de febrero de 2025,Sin puntuación,Alberto,“Muy buena opcion”,"Apartamento muy limpio y completo. Baños,dormitorios,etc, todo fenomenal. Está cerca del casco viejo.
Muy buenos detalles para nuestra perra. Muy cerca hay un parque para sacarla.",Lo más problemático es el aparcamiento.
BilbaoLaVieja,Escrito en 11 de febrero de 2025,Sin puntuación,Ines,“Cómoda”,"El apartamento está muy bien situado, es super fácil acceder a él y muy cómodo.","Estuvimos muy a gusto pero el precio por mascota es excesivo, pagan prácticamente como las personas (20€)"
BilbaoLaVieja,Escrito en 21 de enero de 2025,Sin puntuación,Gabriel,Decepcionante,,La ubicación del apartamento
BilbaoLaVieja,Escrito en 8 de enero de 2025,Sin puntuación,Duplat,“Excelente alojamiento”,"Muy limpio, detalles cuidados, moderno hermoso",No hubo ningún problema
BilbaoLaVieja,Escrito en 27 de diciembre de 2024,Sin puntuación,Marian,Aceptable,"Dos baños con ducha, en buen estado aunque una mampara no cierra del todo.","Ubicación cerca del centro pero en una zona un poco marginal. 
Escasez de utensilios de cocina.
Había una cucaracha en la habitación."
BilbaoLaVieja,Escrito en 17 de diciembre de 2024,Sin puntuación,García,“Apartamento cómodo y bien ubicado”,"La comodidad (dos baños), la limpieza, la ubicación cerca del casco viejo",Nos dejaron un paquete de bienvenida con cosas para 2 personas y eramos 4
BilbaoLaVieja,Escrito en 8 de diciembre de 2024,Sin puntuación,Fidel,Mal,"Está céntrico pudiendo caminar a cualquier lado desde allí, para grupos no está mal.","El apartamento estaba viejo, tuvimos un problema toda la estancia con la puerta del apartamento que no abría, y había que llamar todas las veces a un número, que no siempre contestaba rápido. Decían que lo iban a arreglar cada día y nunca lo hicieron."
BilbaoLaVieja,Escrito en 2 de diciembre de 2024,Sin puntuación,Dahiana,“Genial el mejor”,Exelente me dejo sin palabras! Te dejan un kit de agua patatas wau super limpio,
BilbaoLaVieja,Escrito en 29 de octubre de 2024,Sin puntuación,Javier,Muy mal,,Un sofá cama en donde es imposible dormir
BilbaoLaVieja,Escrito en 13 de octubre de 2024,Sin puntuación,Buttervoth,“Lo recomiendo al 100%”,Que estaba todo cerca,No encuentro nada que no me haga gustado
BilbaoLaVieja,Escrito en 11 de octubre de 2024,Sin puntuación,Antonia,Decepcionante,Ubicación barrio regular,La limpieza pesima
BilbaoLaVieja,Escrito en 2 de octubre de 2024,Sin puntuación,Vanesa,“no los e”,pues estaba bihnlo malo k tenía er. el sofá. cama. k nos clavamos. los hierros. y. además son poder descansar pork los hierros k se nos llevaban,la cama. y la ubicación
BilbaoLaVieja,Escrito en 30 de septiembre de 2024,Sin puntuación,De,Mal,,"El sofá cama era incomodísimo, imposible el descanso"
BilbaoLaVieja,Escrito en 22 de septiembre de 2024,Sin puntuación,Rosa,"“Pésimo todo, para no repetir!”","En general nada, o únicamente que la finca no es antigua.","Mal ventilado, olía a inquilinos anteriores pese a hacer el chekin a las 15… no funcionaba el aire acondicionado y la solución fue que nos llamasen para venir a repararlo. Después de 3 días y dos noches nos hemos ido y sigue sin funcionar. Creo que si vamos de vacaciones, las reparaciones deberían hacerla entre cliente y cliente y no pretender que perdamos el tiempo los demás. Cobran hasta por entrar antes o salir más tarde pero no bonifican los contratiempos como el mencionado. El apartamento es un sofá cama con un colchón más fino que la almohada… nos llevamos tatuados los hierros del sofá. El barrio de lo peor que nos aconsejaban, nos equivocamos al reservarlo, una pena todo."
BilbaoLaVieja,Escrito en 18 de septiembre de 2024,Sin puntuación,Rodriguez,“Ajustado para 3 adultos y 3 niños”,La facilidad para el check in y las llaves,"No estaba limpia la habitaicon principal, un sobre de preservativo esta aun presenteny muchos defectos de desgaste en el apartamento, desde daños en la mesa de comer cocina y en ambos baños, me reconocieron 10% de la estancia pero estaba con niños y no me parece presentable para la ocasión. Creo que deben revisar los defectos para garantizar una estancia agradable sin inconvenientes"
BilbaoLaVieja,Escrito en 17 de septiembre de 2024,Sin puntuación,Lara,“Estancia pasable”,"Pues la ubicación está bastante bien y el sistema de check in con código se hace muy fácil, las camas también son cómodas.","El barrio inquietante no, lo siguiente, presencia policial constante. Como dicen en otros comentarios usar escaleras de la derecha.
El piso en sí, así asa... se agradece la caja de bienvenida con cápsula de café y agua pero dejaron una (traen 2 capsulas y 2 aguas) y éramos 6 (osea el resto ya se queda sin café haha), el picaporte del baño común esta suelto y del baño sale un olor terrible, aparte de las toallas para los huespedes (peq +grande) podrian dejar tambien toallas para las manos sin tener que usar una pequeña de alguno de los huesped. En el espacio abierto cocina comedor había 5 sillas para la mesa y estaba todo lleno de moscas pequeñas de la comida, ademas, las sartenes están en muy mal estado.
Creo que por la zona en la que está situado es una buena opción aunque el ambiente externo no sea del todo ""comodo"" pero para ello creo que deberían esforzarse más en las comodidades del interior."
BilbaoLaVieja,Escrito en 6 de septiembre de 2024,Sin puntuación,Tamara,Decepcionante,Camas comodas,"Menaje cocina muy sucio, muchos mosquitos y moscas, sin toallas suficientes para todos, ubicación pésima (barrio marginal)"
BilbaoLaVieja,Escrito en 5 de septiembre de 2024,Sin puntuación,Ghalli,“No repetiré desde luego”,Nada,"La ubicación es pésima en una de las peores zonas de Bilbao,el sofá cama incómodisimo,las ollas estaban sucias tenían arroz seco,la lavadora ni siquiera estaba enchufada y el cable no llegaba al enchufe,no cambiaron las toallas dos días con las mismas toallas y sábanas"
BilbaoLaVieja,Escrito en 30 de agosto de 2024,Sin puntuación,Jorge,Agradable,"En general todo se veía bastante moderno, con varios electrodomésticos y bastante bien insonorizado del exterior. Buena potencia de aire acondicionado. Hay un supermercado justo delante del edificio.","No hay cama, solo sofá -cama muy incómodo (chirría, te hundes hacia el centro de la cama, mucha facilidad para chocar con los metales que conforman el sofá. Tampoco había escoba. Barrio muy sucio aunque rápidamente llegas al centro."
BilbaoLaVieja,Escrito en 25 de agosto de 2024,Sin puntuación,Teresa,“Nefasta”,"Parece limpio y amplio pero cuando hay 6 personas ahí viviendo, te quedas sin espacio vital para poder pasar un rato agradable.","La ubicación es la peor zona, no está especificado y creo que es importante. Éramos un grupo de chicas y no se puede andar después del anochecer solas por ahí. La puerta está sucísima. Había una pila de toallas y ropa interior a escasos metros de la calle."
BilbaoLaVieja,Escrito en 3 de septiembre de 2023,Sin puntuación,Javi,“No lo recomendaría a nadie.”,,"Hice una reserva para 1 apartamento de una habitación,,, cuando llegamos allí nos dieron un estudio con un sofa cama sucio e incomodo.  Nuestro viaje era para pasar mi cumpleaños en Bilbao pero ya de entrada con esto me lo amargaron y no me dieron ninguna solución."
BilbaoLaVieja,Escrito en 26 de agosto de 2023,Sin puntuación,Marcopolo,Decepcionante,,"La limpieza debería ser diaria. No lo sabía.Creí reservar un apartamento con una habitación, y fuer sólo un sofá cama.Tuve que llamar varias veces pq los vecinos pegaban gritos al hablar, y había más de 6 personas"
BilbaoLaVieja,Escrito en 27 de julio de 2023,Sin puntuación,Cristina,"“Piso totalmente reformado, con cercanía a supermercados, luminoso y de control totalmente inteligente.”","Era muy bonito, moderno y tecnológico, teníamos una terraza privada, nos encantó la usabilidad del espacio.",La ubicación.
BilbaoLaVieja,Escrito en 24 de julio de 2023,Sin puntuación,Elena,“Estupendas instalaciones”,Muy buen apartamento y check in y check out comodísimo. Muy atentos a las necesidades de los viajeros.,
BilbaoLaVieja,Escrito en 11 de julio de 2023,Sin puntuación,Jose,“Mal barrio”,"la ubicación horrible, me intentaron atracar 2 veces y hay muy mal ambiente",
BilbaoLaVieja,Escrito en 5 de julio de 2023,Sin puntuación,Victoria,Muy mal,,La cama es tremendamente incomoda
BilbaoLaVieja,Escrito en 2 de julio de 2023,Sin puntuación,Maria,“Unas instalaciones para dos personas ya que el sofá cama no era muy apto para dormir”,Me gustó que estaba todo muy limpio y unas instalaciones nuevas,Viajábamos en grupo y había un sofá-cama para dos de los viajeros y era incómodo
BilbaoLaVieja,Escrito en 26 de junio de 2023,Sin puntuación,Elflioui,“I”,,"El personal por el móvil 📵 muy mal 
Quiero mi dinero ya"
BilbaoLaVieja,Escrito en 26 de junio de 2023,Sin puntuación,Christian,"“Ubicación muy peligrosa, A/C no funciona y check out no se respeta”",,"El piso está ubicado en una zona muy peligrosa. 
La policía nos paró de vuelta a casa por la noche para advertirnos de ello.
Varias personas también lo hicieron.
En las calles de la zona había personas de dudosa reputación que te perseguían.
Además, el sofá cama es extremadamente incómodo y el piso muy pequeño.
El checkout era a las 11, pagamos 15€ más para ampliarlo hasta las 2, y entró hasta en 2 ocasiones el personal de limpieza a las 12...
El aire acondicionado tampoco funciona correctamente.
No lo recomendamos."
BilbaoLaVieja,Escrito en 19 de junio de 2023,Sin puntuación,Javiera,Excepcional,Todo muy limpio y cómodo.,"El apartamento estaba un poco caluroso y el aire acondicionado no refrescaba mucho.
El parking está lejos del piso y el acceso no es directo."
BilbaoLaVieja,Escrito en 13 de junio de 2023,Sin puntuación,Jon,“He estado muy cómodo y repetiría.”,Las facilidades que tenia,La cama al ser sofá cama no es del todo cómoda
BilbaoLaVieja,Escrito en 11 de junio de 2023,Sin puntuación,Ignacio,Aceptable,Buena limpieza e instalaciones. Muy cerca del centro andando.,"Los sofascamas son muy incómodos porque los colchones están hundidos. Cerca de un barrio muy inseguro."
BilbaoLaVieja,Escrito en 5 de junio de 2023,Sin puntuación,Haritz,“Sofá cama muy incomodo”,Íbamos a un concierto en Miribilla y esta muy cerca. El apartamento esta muy nuevo,El sofá cama era muy incomodo. Pasamos mala noche.
BilbaoLaVieja,Escrito en 25 de mayo de 2023,Sin puntuación,Maria,"“Muy buena ubicación, pero la cama es un sofá incómodo.”",La ubicación. Muy cerca del centro y al lado del Bilbao arena.,La cama. Un sofá cama muy muy incómodo. Totalmente doblado. Horroroso para alguien con problemas de espalda como yo.
BilbaoLaVieja,Escrito en 11 de mayo de 2023,Sin puntuación,Ismael,“excelente volvería a repetir”,me pareció todo muy ordenado y limpio,de hecho todo estaba bien solo cambiar el colchón del sofá cama de resto muy bien
BilbaoLaVieja,Escrito en 6 de mayo de 2023,Sin puntuación,Victor,“En general todo excelente”,La ubicación y el piso muy moderno,Faltaban vasos y tasas para las personas que eramos y faltaba algo para tender la ropa que se lavaba
BilbaoLaVieja,Escrito en 10 de abril de 2023,Sin puntuación,Oscarabad,Excepcional,el apartamento y la ubicación,el colchón el sofá cama
BilbaoLaVieja,Escrito en 6 de abril de 2023,Sin puntuación,Santos,Excepcional,Situación céntrica y alta tecnología,
BilbaoLaVieja,Escrito en 7 de marzo de 2023,Sin puntuación,Wendy,Muy mal,,no me gusto la ubicación pésima en un lugar muy mal en varias ocasiones en la salida no me sentía segura .
BilbaoLaVieja,Escrito en 22 de febrero de 2023,Sin puntuación,Marisel,Excepcional,La amplitud y limpieza,La zona hacia abajo dd noche se rnrsrece
BilbaoLaVieja,Escrito en 9 de febrero de 2023,Sin puntuación,Pau,Muy mal,,"El trato pésimo y denunciable, por empezar en la reserva anterior (2-6 feb), cuando hicimos el check-in en ningún momento nos preguntaron si íbamos con mascota, lo que supusimos que ya estaba todo incluido.Cuando el empleado de limpieza nos repuso papel higiénico, vio las cosas de la mascota y nos aplicaron un cargo de 60€ que debería haberse concretado en el chek-in o anteriormente, puesto que hubiésemos valorado otras opciones.La cosa no acaba ahí cuando al no contestar y aún estando alojados nos dejaron en la calle, anulando el código de acceso al portal/habitación.Para acabar, el día 8 de febrero al hacer el chek-out estipulado a las 11am eran las 11:02 y pedí 5 minutos y recibí una contestación con actitud desagradable por parte de la empleada de la limpieza.En conclusión, mala experiencia, no volvería."
BilbaoLaVieja,Escrito en 8 de febrero de 2023,Sin puntuación,Melvin,Mal,Limpieza y comodidad de acceso,"El sofá cama era muy incómodo y pequeño.Faltaban muchos utensilios de cocina.La smart TV no funcionaba."
BilbaoLaVieja,Escrito en 20 de enero de 2023,Sin puntuación,González,“Acogedor.. limpio..y todo muy nuevo”,Todo muy limpio . .me pusieron cama para el perro y 2 comederos todo un detalle,Nada todo muy 👍
BilbaoLaVieja,Escrito en 15 de enero de 2023,Sin puntuación,Gema,“una pena d e ubicación para un precioso apartamento”,"esta bastante nuevo, es pequeño pero tiene todo y muy limpio",la zona en la que está ubicada es peligrosa y no se aconseja ir de noche
BilbaoLaVieja,Escrito en 15 de enero de 2023,Sin puntuación,Irene,"“Todo genial, repetiría sin dudar.”",La ubicación y lo nuevo y limpio que estaba.,"El sofá cama estaba un poco vencido, causando que estuviese muy hundido por la parte central."
BilbaoLaVieja,Escrito en 26 de junio de 2024,Sin puntuación,Laura,Muy bien,,
BilbaoLaVieja,Escrito en 23 de junio de 2024,Sin puntuación,Isolina,Fantástico,,
BilbaoLaVieja,Escrito en 13 de mayo de 2024,Sin puntuación,María,Muy bien,,
BilbaoLaVieja,Escrito en 14 de abril de 2024,Sin puntuación,Maria,Fantástico,,
BilbaoLaVieja,Escrito en 14 de abril de 2024,Sin puntuación,David,Fantástico,,
BilbaoLaVieja,Escrito en 11 de abril de 2024,Sin puntuación,Raul,Muy bien,,
BilbaoLaVieja,Escrito en 31 de marzo de 2024,Sin puntuación,Antonio,Fantástico,,
BilbaoLaVieja,Escrito en 17 de marzo de 2024,Sin puntuación,Irune,Bien,,
BilbaoLaVieja,Escrito en 17 de marzo de 2024,Sin puntuación,Adriana,Bien,,
BilbaoLaVieja,Escrito en 5 de marzo de 2024,Sin puntuación,Carles,Fantástico,,
BilbaoLaVieja,Escrito en 2 de marzo de 2024,Sin puntuación,María,Fantástico,,
BilbaoLaVieja,Escrito en 2 de marzo de 2024,Sin puntuación,Nuria,Fantástico,,
BilbaoLaVieja,Escrito en 1 de marzo de 2024,Sin puntuación,Elena,Muy bien,,
BilbaoLaVieja,Escrito en 25 de febrero de 2024,Sin puntuación,Raquel,Bien,,
BilbaoLaVieja,Escrito en 23 de febrero de 2024,Sin puntuación,Nathalie,Muy bien,,
BilbaoLaVieja,Escrito en 14 de febrero de 2024,Sin puntuación,Marina,Muy bien,,
BilbaoLaVieja,Escrito en 4 de febrero de 2024,Sin puntuación,Jaimeavila14,Bien,,
BilbaoLaVieja,Escrito en 29 de enero de 2024,Sin puntuación,Isabel,Muy bien,,
BilbaoLaVieja,Escrito en 7 de enero de 2024,Sin puntuación,Juan,Fantástico,,
BilbaoLaVieja,Escrito en 2 de enero de 2024,Sin puntuación,Sara,Muy bien,,
BilbaoLaVieja,Escrito en 23 de diciembre de 2023,Sin puntuación,Juan,Fantástico,,
BilbaoLaVieja,Escrito en 5 de diciembre de 2023,Sin puntuación,Jose,Muy bien,,
BilbaoLaVieja,Escrito en 27 de noviembre de 2023,Sin puntuación,Daniel,Fantástico,,
BilbaoLaVieja,Escrito en 23 de noviembre de 2023,Sin puntuación,Anabel,Bien,,
BilbaoLaVieja,Escrito en 15 de noviembre de 2023,Sin puntuación,Silvia,Muy bien,,
BilbaoLaVieja,Escrito en 4 de enero de 2025,Sin puntuación,Alexander,Excepcional,,
BilbaoLaVieja,Escrito en 29 de noviembre de 2024,Sin puntuación,Imma,Excepcional,,
BilbaoLaVieja,Escrito en 10 de noviembre de 2024,Sin puntuación,Obl,Excepcional,,
BilbaoLaVieja,Escrito en 1 de noviembre de 2024,Sin puntuación,Jennifer,Excepcional,,
BilbaoLaVieja,Escrito en 27 de octubre de 2024,Sin puntuación,Alvaro,Excepcional,,
BilbaoLaVieja,Escrito en 9 de octubre de 2024,Sin puntuación,Madalen,Aceptable,,
BilbaoLaVieja,Escrito en 4 de octubre de 2024,Sin puntuación,Sergiu,Excepcional,,
BilbaoLaVieja,Escrito en 6 de septiembre de 2024,Sin puntuación,Ramirez,Excepcional,,
BilbaoLaVieja,Escrito en 29 de agosto de 2024,Sin puntuación,Melloul,Muy mal,,
BilbaoLaVieja,Escrito en 6 de agosto de 2024,Sin puntuación,Carmen,Excepcional,,
BilbaoLaVieja,Escrito en 16 de junio de 2024,Sin puntuación,Lopez,Excepcional,,
BilbaoLaVieja,Escrito en 4 de mayo de 2024,Sin puntuación,Andrea,Excepcional,,
BilbaoLaVieja,Escrito en 26 de abril de 2024,Sin puntuación,Paula,Excepcional,,
BilbaoLaVieja,Escrito en 10 de abril de 2024,Sin puntuación,Castro,Decepcionante,,
BilbaoLaVieja,Escrito en 12 de marzo de 2024,Sin puntuación,Victoria,Aceptable,,
BilbaoLaVieja,Escrito en 9 de marzo de 2024,Sin puntuación,Rubén,Excepcional,,
BilbaoLaVieja,Escrito en 3 de marzo de 2024,Sin puntuación,Garcia,Agradable,,
BilbaoLaVieja,Escrito en 18 de febrero de 2024,Sin puntuación,Jorge,Excepcional,,
BilbaoLaVieja,Escrito en 23 de diciembre de 2023,Sin puntuación,Marina,Excepcional,,
BilbaoLaVieja,Escrito en 9 de diciembre de 2023,Sin puntuación,Cristina,Excepcional,,
BilbaoLaVieja,Escrito en 19 de octubre de 2023,Sin puntuación,Oanca,Excepcional,,
BilbaoLaVieja,Escrito en 18 de septiembre de 2023,Sin puntuación,Ana,Aceptable,,
BilbaoLaVieja,Escrito en 14 de agosto de 2023,Sin puntuación,Adrielly,Excepcional,,
BilbaoLaVieja,Escrito en 6 de agosto de 2023,Sin puntuación,Juan,Decepcionante,,
BilbaoLaVieja,Escrito en 3 de agosto de 2023,Sin puntuación,Jaime,Excepcional,,
ValenciaAbastos,Escrito en 8 de enero de 2026,Sin puntuación,Luz,Fantástico,"Las instalaciones, la comodidad, la limpieza, la ubicación, la dotación",
ValenciaAbastos,Escrito en 17 de diciembre de 2025,Sin puntuación,Ana,“Muy bien”,,Capsulas para la cafetera
ValenciaAbastos,Escrito en 14 de diciembre de 2025,Sin puntuación,Claudia,Muy bien,La limpieza.,El colchón del sofá cama y que no había jabón en la ducha
ValenciaAbastos,Escrito en 4 de diciembre de 2025,Sin puntuación,Juanjo62,“Buen sitio para una noche”,"La ubicación, la cama y la limpieza",
ValenciaAbastos,Escrito en 4 de noviembre de 2025,Sin puntuación,Fuentes,Muy bien,Todo muy bien,Para aparcar está bastante mal y los parking cercanos son muy caros
ValenciaAbastos,Escrito en 20 de octubre de 2025,Sin puntuación,Karla,Muy bien,La decoración,
ValenciaAbastos,Escrito en 9 de octubre de 2025,Sin puntuación,María,Muy bien,la ubicación me encantó,
ValenciaAbastos,Escrito en 25 de septiembre de 2025,Sin puntuación,Genoveva,Fantástico,"Situación buena,cerca del centro tanto andando como en autobús.El apartamento fenomenal.","No me gusta tener que hacer todo tan impersonal(entrada y salida),solo a través de una pantalla."
ValenciaAbastos,Escrito en 24 de septiembre de 2025,Sin puntuación,Nuria,"“calidad precio, está bien.”","El alojamiento está muy bien en general, cómodo, con buena ubicación. 
Esta última vez que nos hemos quedado nos dieron un kit de bienvenida con cosas básicas como estropajo, balletas  y cosas de limpieza que se agradecen, ya que cogemos un apartamento.","Había algunos bichitos, pero supongo por la estación del año. 
El sofá si está algo sucio."
ValenciaAbastos,Escrito en 19 de septiembre de 2025,Sin puntuación,Victoria,“Muy buena”,Que es pet friendly,
ValenciaAbastos,Escrito en 9 de septiembre de 2025,Sin puntuación,Carmen,Muy bien,"Salón/Cocina
Colchon",
ValenciaAbastos,Escrito en 28 de agosto de 2025,Sin puntuación,Sol,“Aceptable”,La ubicación,"El aire acondicionado estaba sucio por dentro, tenia moho, al menos por la noche pasamos hasta frio teniendo todo cerrado. 
Se escuchaba mucho el ruido de una habitación a otra
En la habitación habia varias moscas pequeñas y las mesitas de noche estaban sucias. 
Pero el resto bien"
ValenciaAbastos,Escrito en 13 de agosto de 2025,Sin puntuación,Maria,Fantástico,Esta muy bien situado y fue una estancia muy agradable.,
ValenciaAbastos,Escrito en 31 de julio de 2025,Sin puntuación,Ignacio,“Placentera”,Estaba limpio y estaba bien equipado con respecto a lencería de cuartos y baños y equipos de cocina,El sofá cama era un poco incómodo porque se hundía.
ValenciaAbastos,Escrito en 20 de julio de 2025,Sin puntuación,Iris,“Alojamiento fácil usar”,La llegada autónoma es fácil y respondieron rápido,El sofá cama para dos personas es incómodo
ValenciaAbastos,Escrito en 20 de julio de 2025,Sin puntuación,Gertrudis,“Volveré cuando vuelva a Valencia!”,"La atención del personal, la limpieza y el regalo de agua, café y snack de bienvenida.No llegué a utilizar la ocina, porque la estancia fue muy corta, pero estaba muy completa y limpia. El colchón perfecto también. Hay un alquiler de bicicletas cerca. (Viajo muchísimo y llevo sin dar una puntuación tan alta desde hace siglos...).","Los alrededores: el personal de las cafeterías cercanas fue muy antipático, al final fui a comprar un refresco y desayuno al supermercado cercano. No recomiendo ir con coche, yo fui en taxi."
ValenciaAbastos,Escrito en 3 de julio de 2025,Sin puntuación,Pablo,“Agradable”,"El desayuno normalito en un bar cercano.No fué lo mejor del mundo..La ubicación está bastante bien. Hay una parada de autobus cerca de la puerta","la posibilidad de entrar antes de la hora,que no estaba disponible..."
ValenciaAbastos,Escrito en 27 de junio de 2025,Sin puntuación,Alicia,“Correcto”,Limpieza,"Ruidoso. El personal del apartamento recoge la ropa sucia a las 12 de la noche arrastrando  unos carros que hacen  un ruido espantoso. Nos despertaron todas las nochesEl colchon  no era muy comodo."
ValenciaAbastos,Escrito en 23 de junio de 2025,Sin puntuación,Javier,“Buen lugar”,"La estancia era agradable y limpia, amplia y cómoda.",El check in fue un poco complicado aunque nos ayudaron por teléfono.
ValenciaAbastos,Escrito en 10 de junio de 2025,Sin puntuación,Sebastian,Bien,La ubicación,Solicite en dos oportunidades las toallas porque éramos 5 personas y solo dejaron para tres.
ValenciaAbastos,Escrito en 1 de junio de 2025,Sin puntuación,Maria,Fantástico,"El apartamento estaba muy bien y el sitio tambien. Limpio, cama cómoda.  Al final por una noche me parece caro pero en comparación de otros este era el que estaba mejor de todos.",No me parece bien no poder entrar hasta las 15h y q luego tengas q dejarlo a las 11h. Podias entrar antes pero eran 15€ más
ValenciaAbastos,Escrito en 22 de mayo de 2025,Sin puntuación,Nuria,Fantástico,"El apartamento estaba muy limpio y bien ubicado, además te dejan un detalle y los productos de lavavajillas son individuales por alojamiento lo cual está muy bien. Además el personal es muy atento a cualquier problema que surja y responden rápido a las dudas.",Solo podría poner una pega y es que había un par de luces fundidas.
ValenciaAbastos,Escrito en 28 de abril de 2025,Sin puntuación,Natividad,"“Buena ubicación, limpio y nuevo.”","La ubicación es muy buena, el barrio tranquilo y con comercios alrededor. El alojamiento está muy limpio y bien equipado. Las estancias son amplias y con mucha iluminación. Tuvieron el detalle de darnos un pack de bienvenida con patatas, cápsulas de café y agua.","Nos dejaron entrar a las 15.00h, sin embargo para salir fue a las 11.00h. Desde mi punto fueron exigentes en este punto, les dijimos de entrar sobre las 13.30 y nos dijeron que teníamos que pagar 15 euros más, lo que me pareció excesivo, teniendo en cuenta el precio que tenía el alojamiento. Las camas no eran muy cómodas. El kit de limpieza me pareció escaso, podrían incluir más pastillas del lavavajillas."
ValenciaAbastos,Escrito en 8 de abril de 2025,Sin puntuación,Lucia,“Perfecto”,Sitio muy cerca del centro con todas las comodidades y todo el menaje necesario para una muy buena estancia,
ValenciaAbastos,Escrito en 12 de septiembre de 2023,Sin puntuación,Gonzlez,“Lo comentamos  con el siguiente aposento y dijimos que no había comparación”,La ubicación y lo extenso del piso,"Hay que mirar el peligro de los insectos, hormigas en el baño"
ValenciaAbastos,Escrito en 4 de septiembre de 2023,Sin puntuación,Silvia,“Correcto”,"El apartamento que reservé era superior con terraza y la verdad es que era más amplio de lo que imaginaba. Los muebles y en general todas las instalaciones están nuevos y la estancia fue muy práctica. Admiten mascotas y pusieron a mi perro una camita con platos y chuches, cosa que valoramos mucho. La ubicación no es súper céntrica pero el barrio es tranquilo. El proceso de check in/out fue muy sencillo y sin problemas.",Lo único que no me gustó es el olor a tuberías que salía del baño. Entiendo que será un problema de instalación pero el olor era muy desagradable y es la única pega que pondría al alojamiento.
ValenciaAbastos,Escrito en 26 de agosto de 2023,Sin puntuación,Cardoso,“Me lo pasé bien fon tranquilidad y privacidad”,"La atención al detalle, aunque no lo pedí me dejaron 2 cunas y la posibilidad de extender la estancia por 3 horas me vino bastante bien.","Para 2 noches de verano bien, de invierno puede que sea frio y oscuro."
ValenciaAbastos,Escrito en 20 de julio de 2023,Sin puntuación,Sara,Muy bien,El apartamento estaba muy bien equipado,Era un bajo
ValenciaAbastos,Escrito en 10 de julio de 2023,Sin puntuación,Martha,“Escapada corta pero buenísima.”,La ubicación y la limpieza. El precio bastante bueno para ser una reserva de último minuto.,"Que todo es online, a través de una plataforma, y que si necesitas consultar cualquier cosa hablas con un bot. En la oferta decía que se pagaba en el establecimiento, pero nos cargaron todo a la tarjeta que pusimos al reservar, no vino nadie a cobrarnos. Nos faltó un poco de contacto personal. El hecho que eramos varios, nos obligó a depender que cada uno metiera sus datos en la aplicación y hasta que no lo hiceran todos, no podías obtener la llave, un poco engorroso ese proceso, al igual que la reserva del parking que era extra pero sin embargo no nos dejaba generar código hasta pagarlo."
ValenciaAbastos,Escrito en 16 de junio de 2023,Sin puntuación,Piedrahita,Muy bien,el apartamento muy cómodo y limpio,en los baños se levanta mucho olor a  alcantarillado había que cerrar las puertas de los baños para  no oler
ValenciaAbastos,Escrito en 6 de junio de 2023,Sin puntuación,Linda,Muy bien,Muy cómodo y decorado de muy buen gusto. Todo muy limpio y no nos faltaba nada en la cocina. Detalles para la perrita 👍,Sólo teníamos una llave digital entre los 4.....a lo mejor una explicación más de cómo usar el sistema de interfono...estamos tan acostumbrados a usar una llave normal o una tarjeta😬
ValenciaAbastos,Escrito en 2 de junio de 2023,Sin puntuación,Jonathan,"“Limpio, tranquilo y céntrico”","La llegada fue bastante simple, el código que te envían por correo dos días antes y fuera. Tuvimos un problema con el código de acceso el segundo día aunque el servicio de Atencion al cliente nos lo resolvió bastante rápido. Viajamos con mascota y nos recibieron con una cama para el perro, dos cuencos para comida y agua y dos bolsas de chuches para el cachorro, todo magnífico. Volvería sin dudarlo","Ir a coche es complicado ya que aparcar es una odisea. Es una zona céntrica y el tráfico es horrible al igual que aparcar. Aunque de esto no tiene la culpa el alojamiento, volvería en trasporte, está bien comunicado."
ValenciaAbastos,Escrito en 6 de mayo de 2023,Sin puntuación,Viviana,“muy bueno calidad precio”,la ubicación,falto lavarropa
ValenciaAbastos,Escrito en 12 de abril de 2023,Sin puntuación,Albert,Bien,nuevos y limpios,poca ventilacions y ventanas
ValenciaAbastos,Escrito en 9 de abril de 2023,Sin puntuación,Ana,Muy bien,El detalle para la perrita,No ver personal
ValenciaAbastos,Escrito en 1 de abril de 2023,Sin puntuación,Beatriz,“Fallas con amigas”,"La accesibilidad al apartamento, te mandan un codigo y accedes sin tener que esperar a los dueños.
Está muy limpio y cuenta con todos los accesorios necesarios tanto de cocina como baño.","Hay que dejar el apartamento muy temprano, se debería ampliar el horario hasta las 12 o un poquito más si los huespedades lo necesitases. Las 11 es muy temprano."
ValenciaAbastos,Escrito en 21 de marzo de 2023,Sin puntuación,Mayramoreira,“Bastante bien.”,El barrio y la comodidad de acceso al apartamento.,Podría haber café y azúcar sin tener que pagarlos en un kit extra. Creo que vale la pena para mejor experiencia de cliente.
ValenciaAbastos,Escrito en 20 de marzo de 2023,Sin puntuación,Gemma,Fantástico,La ubicación era perfecta,
ValenciaAbastos,Escrito en 19 de marzo de 2023,Sin puntuación,Jaime,Muy bien,si mucho es ideal,
ValenciaAbastos,Escrito en 21 de febrero de 2023,Sin puntuación,Яна,Fantástico,Me encantó q el estudio estaba súper limpio y cuidado. Tb la ubicación 😍,Nos dejaron muy poco jabón en la ducha. Se nos acabó en 2 días y no pudimos contactar a nadie para q nos lo resuelven ya q en la página no había esa opción.
ValenciaAbastos,Escrito en 18 de febrero de 2023,Sin puntuación,Alexandra,Bien,"Limpio, funcional, tal como descrito, fácilmente accesible.",No iba el agua caliente.
ValenciaAbastos,Escrito en 16 de febrero de 2023,Sin puntuación,Cecilia,Muy bien,"Para lo que buscábamos, todo bien","El televisor en un lateral de la cama. Muy incómodo de mirar, era uno de los estudios, supongo que en otros espacios puede ser diferente 
La falta de cualquier cajón o mesilla para poder dejar algún efecto personal"
ValenciaAbastos,Escrito en 8 de febrero de 2023,Sin puntuación,Melvin,Fantástico,"Instalaciones muy cómodas, limpias y acogedoras, muy buena ubicación.",Que un momento no me cogia el pin de acceso y me lo tuvieron que cambiar
ValenciaAbastos,Escrito en 24 de enero de 2023,Sin puntuación,Margarita,Fantástico,"La ubicación es excelente, bien comunicado y se llega dando un paseo al centro. La decoración del apartamento y la luz natural que entra por los ventanales .lo hace muy agradable.",Esperaba que hubiera 2 camas en una de las habitaciones para que mis hijas durmieran juntas. Una durmió en el sofá.
ValenciaAbastos,Escrito en 22 de enero de 2023,Sin puntuación,Nurihache,“Buena estancia pero mal funcionamiento de la puerta principal.”,La cama era muy cómoda y el cuarto de baño muy amplio,No funcionaba el sistema de apertura de la puerta principal y teníamos que llamar por teléfono cada vez que queríamos entrar  para que nos abrieran la puerta.
ValenciaAbastos,Escrito en 16 de enero de 2023,Sin puntuación,Juana,“muy buena”,ubicación,el sofá cama incomodo
ValenciaAbastos,Escrito en 2 de enero de 2026,Sin puntuación,Rebeca,Agradable,Espacioso y ubicación. Es moderno y las camas cómodas. Te dejan 2 almohadas por persona.,"Lo peor la puerta del balcón de habitación de las niñas no cerraba y no tenía persianas por lo que era muy insegura.
Faltaba mobiliario, demasiado minimalista, resultando incomodo.. Solo unas perchas en cada habitación sin ninguna estantería y yodo quedaba a la vista e insuficiente para más de una noche. En la habitación grande Mesitas pequeñas que no cabe ni cargador y botella de agua. Y la de las niñas no tenía ni una mesa de apoyo.
En la cocina ningún armario o leña para guardar cosas."
ValenciaAbastos,Escrito en 28 de diciembre de 2025,Sin puntuación,Monserrat,“No repetiré el alojamiento”,,"Muy mal olor. Un baño enorme, pero con muy poca luz y sin ninguna estantería para dejar las cosas. El dormitorio muy pequeño, la tele en un lado de la cama no es el mejor sitio...."
ValenciaAbastos,Escrito en 20 de diciembre de 2025,Sin puntuación,Monica,“Por lo de más limpio y bonito”,Sí muy bonito,Que me dijieron que tenía aparcamiento u es mentira
ValenciaAbastos,Escrito en 27 de julio de 2024,Sin puntuación,Miguel,“Excelente”,El detalle de tener aire acondicionado tanto como en el salón como en habitaciones.,Nada.
ValenciaAbastos,Escrito en 15 de julio de 2024,Sin puntuación,Isis,“Buenas”,la ubicación es lo que mas nos gustó.,El sofa y la cama algo incomodos.
ValenciaAbastos,Escrito en 30 de junio de 2024,Sin puntuación,Miriam,Excepcional,"Inmueble bonito y moderno, comodo","Faltaban espejos, ibamos un grupo de 6 personas y una cama de matrimonio en el colchon tenia un hueco y era incomodo a la hora de dormir"
ValenciaAbastos,Escrito en 20 de junio de 2024,Sin puntuación,Sonia,Muy mal,,"Absolutamente NADA!!!..el apartamento en el que nos instalaron no sé correspondía con ninguna de las fotos que se muestran en Booking. Es engañosa la forma de alquiler, suponía haber alquilado un apartamento de 2 habitaciones y nos instalaron en un estudio que, por supuesto, no sale en ninguna de las fotos de publicidad, si lo hubiese visto desde luego no lo hubiera alquilado. Reclamamos y nadie se responsabilizó por lo que decidimos irnos. También reclamos que nos reembolsaran parte de lo abonado y tampoco lo gestionaron."
ValenciaAbastos,Escrito en 17 de junio de 2024,Sin puntuación,Aguiar,“Muy a gusto!”,"La habitación muy cómoda y muy limpia!
Muy cerca de todo en Valencia.
Colchón super confortable, la mini cocina es estupenda si quieres comer algo rápido y salir.
Los detalles de ambientador en el baño, botellas de agua, las papas y las cápsulas de café de bienvenida sin duda marcan la diferencia!
Volveremos seguro!!!",No hay quejas!
ValenciaAbastos,Escrito en 31 de mayo de 2024,Sin puntuación,Ferran,Agradable,,En la reserva decía que era un apartamento con terraza y en nuestro caso había un balcon de una habitación trasera. En las fotos de booking unicamente se observaba una unica foto de una terraza que daba a suponer que era esa y resulta ser que no.
ValenciaAbastos,Escrito en 30 de mayo de 2024,Sin puntuación,Carla,“Caro malo sucio”,Nada,No se correspondía a la foto anunciada. Habían manchas de regla en la cama.En ningún momento se dice que hay que pagar extra por una llave .Caro y malo en definitiva
ValenciaAbastos,Escrito en 25 de mayo de 2024,Sin puntuación,Ceballos,“Buens”,"Buenas ubicación, lindo y seguro el barrio",El colchón estaba muy vencido y usado. Pedí el cambio pero no tuve respuesta
ValenciaAbastos,Escrito en 21 de mayo de 2024,Sin puntuación,Yesika,“No es lo que esperaba”,El personal era rápido ayudando y contestando a las dudas.,"No era un apartamento, era una habitación  con una mini cocina, lo q daba al exterior era la puerta y una mini ventana que estaba pegada a la puerta y tanto la puerta como la ventana dan a un patio interior. Las fotos no se corresponden con el apartamento que me tocó. No había limpieza supongo que tendría que pedirla no lo sé, el cambio de toallas tuve que solicitarlo."
ValenciaAbastos,Escrito en 19 de mayo de 2024,Sin puntuación,Araceli,“Excepcional”,"Ubicación y limpieza, muy cómodo y amplio el apartamento, muy atentos y siempre al pendiente. La entrada con el móvil muy cómodo, seguro repetiremos en nuestra próxima visita a Valencia. Calidad precio muy buena",
ValenciaAbastos,Escrito en 16 de mayo de 2024,Sin puntuación,Scarlet,Excepcional,"El piso está exactamente 
Muy bonito y cómodo 
Impecable",Todo excelente
ValenciaAbastos,Escrito en 19 de abril de 2024,Sin puntuación,Ricardo,“Muy bien.”,Muy buena atención y la ubicación.,"Por las noches hay mal olor que sube por las tuberías de la ducha, dejamos correr el agua por unos instantes y así se aplacó el olor."
ValenciaAbastos,Escrito en 4 de abril de 2024,Sin puntuación,Monica,“EXCELENTE”,"Muy limpio, amplio y cerca del centro",
ValenciaAbastos,Escrito en 2 de abril de 2024,Sin puntuación,Leire,“Estancia familiar muy agradable”,Lo espacioso y cómodo que era.,La ducha...se salía bastante agua para afuera.
ValenciaAbastos,Escrito en 2 de abril de 2024,Sin puntuación,Maria,"“No coincide con su precio la calidad. Si hubiera sido avisada dela planta 0, de oscuridad y falta v”","Me ha gustado el baño limpio y un pac de bienvenida,",No me gusto la habitación con ventanas al patio interior. En las fotos sale muy luminosa y bonita. En realidad es oscura y pequeña. Como 10metros habitación y 10 para baño. Al abrir ventana me pareció inseguro en la planta 0. Sin abrir -falta el aire.
ValenciaAbastos,Escrito en 29 de marzo de 2024,Sin puntuación,Silvia,Excepcional,"La facilidad de acceso, la limpieza y la ubicación",
ValenciaAbastos,Escrito en 23 de marzo de 2024,Sin puntuación,Jhoselin,"“Incómodo, instalaciones un poco descuidadas”",La ubicación,"Que solicitamos una mejora en cuanto a seguridad y no llegó nadie en todo el fin de semana.Estuvimos con la puerta de la terraza abierta todo el fin de semana y la persiana no bajaba, terraza que era compartida con el piso de al lado y se accedía desde una de las habitaciones y si pasaba algo nadie se responsabilizaba, perdimos muchas hora en esperar a que llegara alguien a arreglarlo para que el último día nos dijeran que no llegaría nadie y no ofrecieran cambio ni solución Eso sin contar que tú no sabes quién está en el piso de al lado y que era un primer piso"
ValenciaAbastos,Escrito en 22 de marzo de 2024,Sin puntuación,Victor,Excepcional,"Muy buena ubicación, limpieza excelente. Personal muy amable. Totalmente equipado",
ValenciaAbastos,Escrito en 15 de marzo de 2024,Sin puntuación,Lucía,Excepcional,"Bien ubicado, limpio y cómodo",
ValenciaAbastos,Escrito en 11 de marzo de 2024,Sin puntuación,Marta,“MERECE LA PENA PARA UN FIN DE SEMANA”,"La ubicación es excelente. Está todo nuevo y muy limpio. La única pega es la dificultad para aparcar, aunque hay un parking a 200 metros.","Sólo una pequeña pega, al no haber armarios, sólo se puede colgar la ropa; falta alguna cajonera para poder poner ropa y no tener que dejarla dentro de la metala."
ValenciaAbastos,Escrito en 7 de marzo de 2024,Sin puntuación,Sara,Aceptable,....,"Es la tercera vez que escribo mi opinión en todas las consultas quee habéis hecho y veo que es en balde.
Una noche se fue la luz, había una avería en la bomba de presión, nos tocó esperar media hora en la calle a las 00:00 y se nos atendió bien. Una vez dentro volvió suceder lo mismo y mi pareja que es electricista lo arregló.
Ni unas gracias, ni un detalle, ni nada ..pero ya de antes pagamos por llevar perro y cuando pedí la cama de perro que por previo pago dejáis se me denegó. Gracias a que alguien de personal nos dió."
ValenciaAbastos,Escrito en 4 de marzo de 2024,Sin puntuación,Olivia,Excepcional,"Muy buena zona, apartamento amplio y comodo",
ValenciaAbastos,Escrito en 28 de febrero de 2024,Sin puntuación,Javier,“Apartamento ideal para una estancia en familia”,Apartamento espacioso,
ValenciaAbastos,Escrito en 27 de febrero de 2024,Sin puntuación,Veronica,Aceptable,"La ubicación perfecta, zona de muchos bares y restauración, cerca del centro. Apartamentos limpios y con todo lo necesario.","Pack de bienvenida solo para 2 personas cuando la reserva se hizo para  4 personas (la verdad esto es un plus que ponen , solo comentarlo).Lo que si tuvimos que llamar mucho, contratamos el parking con ellos, tanto para saber donde estaba el parking, como para dejarlo, pues nos dijeron que dejaban una tarjeta para salir y no fue así, tuvimos que volver a llamar para saber como salir del parking.Por otro lado en la noche se escucha un ruido que molesta, descubrimos que era el calentador que al estar en una pequeña habitación cerrada hace eco y se oye un zumbido.No estaría de más que dejaran unas mantas por si alguien necesita, solo estaba el edredón.La habitación de 2 camas si las abres no hay espacio para salir la persona que duerme dentro, muy pequeña esa habitación para usar las 2 camas individuales."
ValenciaAbastos,Escrito en 24 de julio de 2025,Sin puntuación,Magaly,Muy bien,,
ValenciaAbastos,Escrito en 19 de julio de 2025,Sin puntuación,Mireia,Muy bien,,
ValenciaAbastos,Escrito en 10 de julio de 2025,Sin puntuación,Francisco,Muy bien,,
ValenciaAbastos,Escrito en 8 de julio de 2025,Sin puntuación,Cristina,Muy bien,,
ValenciaAbastos,Escrito en 3 de julio de 2025,Sin puntuación,Rosa,Bien,,
ValenciaAbastos,Escrito en 23 de junio de 2025,Sin puntuación,Paula,Fantástico,,
ValenciaAbastos,Escrito en 16 de junio de 2025,Sin puntuación,Paulino,Fantástico,,
ValenciaAbastos,Escrito en 2 de junio de 2025,Sin puntuación,Maria,Muy bien,,
ValenciaAbastos,Escrito en 29 de mayo de 2025,Sin puntuación,José,Muy bien,,
ValenciaAbastos,Escrito en 11 de mayo de 2025,Sin puntuación,Sabina,Fantástico,,
ValenciaAbastos,Escrito en 30 de marzo de 2025,Sin puntuación,Montserrat,Fantástico,,
ValenciaAbastos,Escrito en 13 de marzo de 2025,Sin puntuación,Olga,Fantástico,,
ValenciaAbastos,Escrito en 13 de marzo de 2025,Sin puntuación,Iria,Fantástico,,
ValenciaAbastos,Escrito en 9 de marzo de 2025,Sin puntuación,Maria,Fantástico,,
ValenciaAbastos,Escrito en 15 de febrero de 2025,Sin puntuación,Maria,Muy bien,,
ValenciaAbastos,Escrito en 10 de febrero de 2025,Sin puntuación,Carrizo,Muy bien,,
ValenciaAbastos,Escrito en 8 de febrero de 2025,Sin puntuación,Lorena,Muy bien,,
ValenciaAbastos,Escrito en 27 de enero de 2025,Sin puntuación,Sánchez,"“Genial ubicación, espacio diáfano muy agradable, limpio y confortable. Repetiré si vuelvo a Valencia”",,
ValenciaAbastos,Escrito en 26 de diciembre de 2024,Sin puntuación,Ibertrasa,Fantástico,,
ValenciaAbastos,Escrito en 18 de diciembre de 2024,Sin puntuación,Montserrat,Fantástico,,
ValenciaAbastos,Escrito en 1 de noviembre de 2024,Sin puntuación,Samuel,Muy bien,,
ValenciaAbastos,Escrito en 25 de octubre de 2024,Sin puntuación,Patricia,Fantástico,,
ValenciaAbastos,Escrito en 2 de octubre de 2024,Sin puntuación,Jose,Fantástico,,
ValenciaAbastos,Escrito en 16 de septiembre de 2024,Sin puntuación,Fernando,Fantástico,,
ValenciaAbastos,Escrito en 9 de septiembre de 2024,Sin puntuación,Ahmed,Muy bien,,
ValenciaAbastos,Escrito en 12 de septiembre de 2025,Sin puntuación,Maria,Excepcional,,
ValenciaAbastos,Escrito en 8 de septiembre de 2025,Sin puntuación,Roxana,Excepcional,,
ValenciaAbastos,Escrito en 4 de septiembre de 2025,Sin puntuación,Eliecer,Excepcional,,
ValenciaAbastos,Escrito en 7 de agosto de 2025,Sin puntuación,Desi,Excepcional,,
ValenciaAbastos,Escrito en 8 de julio de 2025,Sin puntuación,Chelo,Excepcional,,
ValenciaAbastos,Escrito en 16 de junio de 2025,Sin puntuación,José,Agradable,,
ValenciaAbastos,Escrito en 11 de junio de 2025,Sin puntuación,Julia,Excepcional,,
ValenciaAbastos,Escrito en 6 de junio de 2025,Sin puntuación,Nicolás,Excepcional,,
ValenciaAbastos,Escrito en 5 de junio de 2025,Sin puntuación,Cristina,Excepcional,,
ValenciaAbastos,Escrito en 19 de abril de 2025,Sin puntuación,Renato,Excepcional,,
ValenciaAbastos,Escrito en 11 de abril de 2025,Sin puntuación,Marta,Excepcional,,
ValenciaAbastos,Escrito en 5 de abril de 2025,Sin puntuación,Chilli,Excepcional,,
ValenciaAbastos,Escrito en 23 de marzo de 2025,Sin puntuación,Kattia,Excepcional,,
ValenciaAbastos,Escrito en 2 de marzo de 2025,Sin puntuación,Juan,Excepcional,,
ValenciaAbastos,Escrito en 16 de febrero de 2025,Sin puntuación,Maria,Excepcional,,
ValenciaAbastos,Escrito en 6 de enero de 2025,Sin puntuación,G,"“Limpio , cerca de muchos puntos de interés y muy bien adaptado para sillas de ruedas”",,
ValenciaAbastos,Escrito en 17 de diciembre de 2024,Sin puntuación,Ortega,Excepcional,,
ValenciaAbastos,Escrito en 30 de octubre de 2024,Sin puntuación,Juan,Excepcional,,
ValenciaAbastos,Escrito en 28 de octubre de 2024,Sin puntuación,Smart,Excepcional,,
ValenciaAbastos,Escrito en 12 de octubre de 2024,Sin puntuación,Guidolin,Excepcional,,
ValenciaAbastos,Escrito en 21 de septiembre de 2024,Sin puntuación,Claudia,Aceptable,,
ValenciaAbastos,Escrito en 19 de septiembre de 2024,Sin puntuación,Cardona,Excepcional,,
ValenciaAbastos,Escrito en 17 de septiembre de 2024,Sin puntuación,Eduardo,Excepcional,,
ValenciaAbastos,Escrito en 3 de septiembre de 2024,Sin puntuación,Manufras,Excepcional,,
ValenciaAbastos,Escrito en 13 de agosto de 2024,Sin puntuación,Jessica,Excepcional,,
PamplonaYamaguchi,Escrito en 9 de enero de 2026,Sin puntuación,Ane,Excepcional,Fácil acceso y buena ubicación,
PamplonaYamaguchi,Escrito en 9 de enero de 2026,Sin puntuación,Rubio,Fantástico,Lo que más me gustó fue la estética del lugar.,"Realmente me gustó todo, lo que menos la cuna . No obstante, se agradece."
PamplonaYamaguchi,Escrito en 8 de enero de 2026,Sin puntuación,Santiago,“Ideal para una pareja”,El diseño con mucho gusto.,Nada que comentar.
PamplonaYamaguchi,Escrito en 8 de enero de 2026,Sin puntuación,Echandia,Excepcional,Excelente ubicación. Todo muy bien organizado y excelente atención online,
PamplonaYamaguchi,Escrito en 5 de enero de 2026,Sin puntuación,Brian,Excepcional,"Muy limpio, cómodo, acogedor.",
PamplonaYamaguchi,Escrito en 3 de enero de 2026,Sin puntuación,Karla,“Bueno”,La limpieza,El tamaño
PamplonaYamaguchi,Escrito en 1 de enero de 2026,Sin puntuación,Ulloa,“Una estancia muy agradable .”,Todo nuevo y limpio.,Nada
PamplonaYamaguchi,Escrito en 30 de diciembre de 2025,Sin puntuación,Nora,“Perfecto”,"Nos alojamos con dos niños muy pequeños, y  fue perfecto. Apartamento nuevo y muy limpio, ubicado al lado de muchos bares, supermercado…apreciamos el silencio por la noche no se oía nada. 
Nosotros reservamos una plaza de parking y un acierto ya que al centro ibamos en coche.","El sofá cama, muy incómodo."
PamplonaYamaguchi,Escrito en 18 de diciembre de 2025,Sin puntuación,Inés,“Estupenda”,Muy tranquilo y cómodo.,Novtenía escoba ni mantel para comer en la mesa
PamplonaYamaguchi,Escrito en 15 de diciembre de 2025,Sin puntuación,Jose,Fantástico,Mucho,La manera de reservar como éramos seis fue algo tediosa pero todo genial
PamplonaYamaguchi,Escrito en 14 de diciembre de 2025,Sin puntuación,Fernando,"“En general, muy bien”",Bien ubicado y muy limpio,Un poco apretado el apartamento
PamplonaYamaguchi,Escrito en 14 de diciembre de 2025,Sin puntuación,Gabriel,"“Excelente ubicación, nuevo y moderno”","La ubicación, el equipamiento y la decoración",Pequeño para 4 personas
PamplonaYamaguchi,Escrito en 11 de diciembre de 2025,Sin puntuación,Montserrat,Fantástico,La funcionalidad del apartamento,Nada
PamplonaYamaguchi,Escrito en 9 de diciembre de 2025,Sin puntuación,Benja,“Alojamiento fantástico”,Ubicacion muy tranquila y la calidad del apartamento,
PamplonaYamaguchi,Escrito en 7 de diciembre de 2025,Sin puntuación,Carmen,Fantástico,"La estética del apartamento, limpio",El sofá cama era incomodo ⁰
PamplonaYamaguchi,Escrito en 6 de diciembre de 2025,Sin puntuación,Edurne,Excepcional,,"Una pequeña pega, el colchón, por lo demás todo de 10."
PamplonaYamaguchi,Escrito en 3 de diciembre de 2025,Sin puntuación,Caxarel,“apartamento futurista recepcion vertual”,estudio comodo con habitacion y cama comfort bien equipado,hacer todo el check in y check out yo mismo a una perdona mayor es imposible tambien 100%vertual si no lees bien como la hora de salida vence el codigo y te quedas fuera
PamplonaYamaguchi,Escrito en 27 de noviembre de 2025,Sin puntuación,Yanet,“Muy satisfecha con la atención”,La limpieza y la pulcritud,"Check in complicado
Falta más utensilios en la cocina"
PamplonaYamaguchi,Escrito en 23 de noviembre de 2025,Sin puntuación,Hernan,Excepcional,Ubicación y comodidad,Nada
PamplonaYamaguchi,Escrito en 23 de noviembre de 2025,Sin puntuación,Callupe,Excepcional,Equipamiento.,Faltaron algunos implementos de cocina como tazones para preparar ensaladas.
PamplonaYamaguchi,Escrito en 12 de noviembre de 2025,Sin puntuación,Adelina,Excepcional,"Un poco lejos del centro, apartamentl muy bien equipado y nuevo.",El sofa cama a mejorar muy incomodo para niño de 13 años.
PamplonaYamaguchi,Escrito en 12 de noviembre de 2025,Sin puntuación,Ivette,Fantástico,"Esta super bien ubicada, muy confortable y muy bonitas instalaciones","Que no dejaron suficiente papel del baño, 2 rollos a medias para una estancia de 5 dias, no tienen plancha y como concepto de apartamento o apartahotel podrían dejar lo mínimo para cocinar, sal, pimienta y aceite."
PamplonaYamaguchi,Escrito en 8 de noviembre de 2025,Sin puntuación,Mireia,Muy bien,Todo,Que sea todo con tecnología
PamplonaYamaguchi,Escrito en 5 de noviembre de 2025,Sin puntuación,L,Fantástico,Todo muy limpio,
PamplonaYamaguchi,Escrito en 22 de junio de 2025,Sin puntuación,Macu,Fantástico,"Todo perfecto. Únicamente una incidencia con la apertura de la puerta del parking, quizás por culpa de que yo he notificado la salida nada más dejar el apartamento y antes de sacar el coche. Creo que se ha desactivado la llave digital en ese momento. El personal nos lo ha resuelto de forma inmediata",
PamplonaYamaguchi,Escrito en 21 de junio de 2025,Sin puntuación,Ana,Excepcional,Limpieza y ubicación.,Nada que destacar.
PamplonaYamaguchi,Escrito en 14 de junio de 2025,Sin puntuación,Montserrat,Excepcional,"Maravilloso!
Luminoso, enfrente de unos frondosos árboles del parque Yamaguchi. Impecable.",
PamplonaYamaguchi,Escrito en 10 de junio de 2025,Sin puntuación,Santonio,“Repetiremos.”,"En general me gustó todo, repetiremos y lo recomiendo.",Todo ok
PamplonaYamaguchi,Escrito en 9 de junio de 2025,Sin puntuación,Aingeru,Excepcional,"El lugar y la limpieza, ideales",El espacio de los garajes nos pareció muy estrechos
PamplonaYamaguchi,Escrito en 7 de junio de 2025,Sin puntuación,Gisbert,Fantástico,.,
PamplonaYamaguchi,Escrito en 5 de junio de 2025,Sin puntuación,Manuel,"“Comodo, y excelente ubicacion”","Las fotos del departamento eran identicas al AirbnbEl departamento estaba impecable, Todo funcionaba bien. Ventanales grandes con mucha luz, y si no te gusta la luz tiene cortina doble.
El baño super limpio, ducha grande con muy buena presión de agua
Como fue el cheking ?:La comunicacion previa con el host fue rapida y siempre fluidaLa entrada fue sin problemas.La Ubicacion espectacular
Volvería a quedarme en este lugar",
PamplonaYamaguchi,Escrito en 5 de junio de 2025,Sin puntuación,Pedro,“Agradable”,"Tranquilidad, limpieza y ubicación","Poco menaje. Faltan tazas de café y algunos utensilios de cocina, tendedero, escoba, recogedor, mocho y cubo."
PamplonaYamaguchi,Escrito en 31 de mayo de 2025,Sin puntuación,Maria,“Parque Yamaguchi”,"El apartamento tiene todo lo necesario para que una pareja esté cómoda. Tiene lavadora-secadora, lavavajillas lo cual es un punto a favor para pasar varios días.
Aire acondicionado.
La ubicación es perfecta, parada de buses cerca, tiendas, restaurantes y al pie de un parque precioso.
También valoro que la habitación esté separada de la cocina, aunque el espacio sea pequeño.
Tiene parking bajo disponibilidad, 15€ diarios que, aunque parezca caro, sumado al coste del apartamento sigue teniendo un precio razonable.","Que no tuviese escoba y recogedor.
Y que el sofá- cama no era muy cómodo."
PamplonaYamaguchi,Escrito en 29 de mayo de 2025,Sin puntuación,López,"“Excelente, repetiremos.”",El apartamento es acogedor y confortable. Tiene todo lo necesario.,Todo perfecto.
PamplonaYamaguchi,Escrito en 25 de mayo de 2025,Sin puntuación,Maite,Fantástico,"La atención del personal tanto vía wathaps,como personal.
Limpieza y estado del apartamento","El sofá cama no era cómodo y menos para dos personas,se hundía en la mitad"
PamplonaYamaguchi,Escrito en 14 de mayo de 2025,Sin puntuación,Manuel,“Repetiría mi estancia”,Todo Excelente,Todo Excelente
PamplonaYamaguchi,Escrito en 10 de mayo de 2025,Sin puntuación,Ana,"“Buena ubicación, ambiente agradable y limpio.”","La ubicación, a 10 minutos caminando de la Universidad de Navarra",El cuarto es limpio y bonito pero no para más de 2 personas a pesar de tener un sillón cama. Los espacios son muy pequeños.
PamplonaYamaguchi,Escrito en 6 de mayo de 2025,Sin puntuación,Graziana,“Muy acogedor y completo”,Todo,El ambientador
PamplonaYamaguchi,Escrito en 1 de mayo de 2025,Sin puntuación,Raul,Muy bien,"La ubicación, con vistas al parque. Un apartamento muy moderno. Me tocó el dia del apagón y el personal muy muy atentos a todo. Les felicito.",El mando a distancia del TV no tenía pilas. Lo comunique a recepción online y en cuestión de minutos lo arreglaron.
PamplonaYamaguchi,Escrito en 30 de abril de 2025,Sin puntuación,Librada,“Sorpresa”,"Un apartamento muy chulo, nuevo, limpio, sin humo, con todas las comodidades, nos dieron un detalle de bienvenida muy bueno, todo una sorpresa, me encantó el kit de limpieza, todo muy recomendable.","Nos liamos un poco con la entrada del aparcamiento, por las indicaciones pero nada con importancia."
PamplonaYamaguchi,Escrito en 29 de abril de 2025,Sin puntuación,Ana,"“Como en casa, 100% recomendado”","Ubicación perfecta para moverte por toda Pamplona sin vehículo. Ubicado junto a un parque precioso y rodeado de todos los servicios básicos como supermercados y bares, si no quieres mucho jaleo.
Fácil acceso desde el móvil.
Apartamento súper completo, más de lo que esperábamos, moderno y limpio.
Volveremos sin duda!!","El nuestro no tenía terraza, hubiera sido perfecto con el buen tiempo que tuvimos."
PamplonaYamaguchi,Escrito en 27 de abril de 2025,Sin puntuación,Maria,“Comodidad a un precio razonable”,"Muy nuevo, limpio, cómodo confortable.
Cafeterías muy cerca para poder desayunar",
PamplonaYamaguchi,Escrito en 26 de abril de 2025,Sin puntuación,Pilar,“Una estancia muy agradable.”,El personal es muy amable. Atendieron rápido lo que pedimos.,La habitación nos pareció pequeña.
PamplonaYamaguchi,Escrito en 24 de abril de 2025,Sin puntuación,Jlzte,Fantástico,Situación. Está nuevo y limpio. Cocina muy equipada,No hay consigna para dejar maleta. Check in online muy engorroso. Check out muy pronto. Solo personal presencial por la mañana
PamplonaYamaguchi,Escrito en 20 de abril de 2025,Sin puntuación,Gustavo,“Sorprendente”,Todo,Nada
PamplonaYamaguchi,Escrito en 13 de abril de 2025,Sin puntuación,Pilar,"“Ubicación, comodidad, decoración excelente, servicios muy actualizados”","Todo me gustó!!!! La pena es que lo disfrute por o tiempo, pero volveremos para aumentar la experiencia","Nada, todo era perfecto"
PamplonaYamaguchi,Escrito en 9 de abril de 2025,Sin puntuación,Jorge,Muy bien,,Poca luz
PamplonaYamaguchi,Escrito en 24 de marzo de 2025,Sin puntuación,Julia,Muy bien,"Alojamiento muy limpio y cómodo. La ubicación perfecta, ubicada en una plaza tranquila y estás cerca de todo. Al lado tienes el parque de Yamaguchi, es precioso y puedes ir con los perretes. Recomendable.","Para mejorar, en nuestro caso las almohadas, eran muy finas. Y tendrían que cambiar las sartenes."
PamplonaYamaguchi,Escrito en 17 de marzo de 2025,Sin puntuación,Paula,“3 días de estancia”,"La limpieza, comodidad, luminosidad y ubicación","Las almohadas son demasiado bajitas
El gel y champú del baño podría venir por separado"
PamplonaYamaguchi,Escrito en 18 de octubre de 2024,Sin puntuación,Judith,“Excelente”,Fenomenal,
PamplonaYamaguchi,Escrito en 15 de octubre de 2024,Sin puntuación,Eva,Excepcional,"Apartamento muy bonito, moderno, y super limpio. Muy recomendable",
PamplonaYamaguchi,Escrito en 11 de octubre de 2024,Sin puntuación,Gonzalo,“muy bien pero con un pero....”,lo bonito que era,"Las almohadas, al día siguiente un dolor de cuello terrible."
PamplonaYamaguchi,Escrito en 11 de octubre de 2024,Sin puntuación,Carolina,Excepcional,"excelente el apartamento y el trato en la resolución d un problema ajeno a la empresa que tuvimos,.la ubicacion tb buena y fácil aparcamiento",
PamplonaYamaguchi,Escrito en 11 de octubre de 2024,Sin puntuación,Magdalena,Fantástico,Las persianas eléctricas,
PamplonaYamaguchi,Escrito en 10 de octubre de 2024,Sin puntuación,Ito40,“Muy recomendables para visitar la ciudad.”,"Para la llegada es posible aparcar en un carga y descarga para dejar las maletas muy próximo a la entrada. El acceso muy cómodo con el código que nos enviaron al correo electrónico. El apartamento está perfectamente equipado y cuenta con todo lo necesario para poder cocinar. Otra opción es acercarse a cualquiera de los establecimientos que se encuentran en la plaza donde se encuentran los apartamentos.El edificio se encuentra rodeado de zonas verdes y comercios. No está próximo al centro. En autobús tardas unos 20 min.El apartamento muy limpio y muy bien cuidado. El baño completo y con buena presión de agua.Bien insonorizados","El espacio donde se encuentra la cama un poco reducido, pero más que suficiente."
PamplonaYamaguchi,Escrito en 8 de octubre de 2024,Sin puntuación,Mikel,Excepcional,Esta muy bien apañado y todo muy bien y bonito,Faltaba la tele en la habitación y se etxaba de menos
PamplonaYamaguchi,Escrito en 6 de octubre de 2024,Sin puntuación,Jaime,“FENOMENAL”,Todo la ubicación cerca a todo…,Nada
PamplonaYamaguchi,Escrito en 2 de octubre de 2024,Sin puntuación,Judith,“Pamplona de finde”,"Me encantó la facilidad de manejarlo todo por la app. En cuanto tuvimos alguna duda, nos atendieron muy amablemente y de manera rápida y eficaz por el chat. Está decorado con mucho gusto y es muy cómodo!",El párking cumplió su función pero era ajustado y las plazas muy estrechas
PamplonaYamaguchi,Escrito en 2 de octubre de 2024,Sin puntuación,Oihane,“Estupendo apartamento”,El apartamento tenía todo lo necesario para pasar una estancia estupenda. Era bastante amplio y las persianas eran automáticas mediante un botón. Las instalaciones estaban muy bien. Relación calidad/precio inmejorable.,"Quizá el único aspecto negativo que pudimos notar fue el tema del aparcamiento. Te ofrecen por 15€ la noche uno, pero si eliges no pagarlo, todo el alrededor era zona de OTA y nos fue complicado encontrar sitio."
PamplonaYamaguchi,Escrito en 1 de octubre de 2024,Sin puntuación,Beatriz,“Impecable y muy práctico”,"El apartamento estaba impecable y era muy cómodo. Tenía todo lo necesario, incluido un pequeño kit de limpieza que me pareció muy práctico y que en otros alojamientos del estilo he echado en falta.","Todo bien. No está muy cerca del centro, pero se puede llegar dando un paseo."
PamplonaYamaguchi,Escrito en 30 de septiembre de 2024,Sin puntuación,Alejandro,"“Limpio, económico y bien situado”",Calidad precio,
PamplonaYamaguchi,Escrito en 30 de septiembre de 2024,Sin puntuación,Aintzanejimenez,Excepcional,"El apartamento era precioso, con el espacio muy bien aprovechado y en una buena ubicación. Te dejan un kit de bienvenida y otro de limpieza que está genial. Tiene muchísima iluminación y está completamente equipado.","En la pared que estaba en frente a la tele del salón estaba llena de bichitos que no sabíamos qué eran, no sabemos si estaban muertos porque no se movían pero era un poco desagradable."
PamplonaYamaguchi,Escrito en 25 de septiembre de 2024,Sin puntuación,Jaime,“Fabuloso.”,La ubicación junto a supermercado bares entre otros.,Todo bien.
PamplonaYamaguchi,Escrito en 23 de septiembre de 2024,Sin puntuación,Alberto,Excepcional,Todo nuevo y limpio,
PamplonaYamaguchi,Escrito en 23 de septiembre de 2024,Sin puntuación,Alejandra,Excepcional,"El edificio,las instalaciones e iluminación, la terraza superior y las vistas,muy buena ubicación. Fácil comunicación con el personal las 24 hrs. El colchón muy cómodo","Me gustó todo pero me equivoqué en la elección del apto porque el apto de una habitación es perfecto  para dos pero éramos cuatro adultos y el espacio  fue justo,deberíamos haber elegido uno más grande."
PamplonaYamaguchi,Escrito en 21 de septiembre de 2024,Sin puntuación,Aguilar,“Muy bien todo en conjunto.”,"La ubicación y todas las comodidades del apartamento, es muy cómodo y práctico y la relación calidad precio está fenomenal. Aire acondicionado muy útil. No conocía esta cadena pero la volveré a buscar.","No hay recepción y esto lo hace un poco más complicado, pero es cierto que algún problema que tuvimos con el código de entrada al garaje lo resolvieron rápidamente por teléfono."
PamplonaYamaguchi,Escrito en 21 de septiembre de 2024,Sin puntuación,Otilia,“Todo lo que necesitas ♥️”,"Muy contentos con este alojamiento, tenía todo lo necesario para una estadía cómoda. Bien ubicado, limpio, bonito y moderno. 
Comunicación permanente por wathsapp para recibir ayuda.
Gracias!",
PamplonaYamaguchi,Escrito en 20 de septiembre de 2024,Sin puntuación,Txeko,“Perfecto para dormir.”,"Apartamento muy limpio,cama cómoda.","Nuestro apartamento era para 2 personas,no tiene mesa para comer ni sillas,poco menaje de cocina,sofá un poco incomodo."
PamplonaYamaguchi,Escrito en 17 de septiembre de 2024,Sin puntuación,Josep,“Poca información”,La ubicación sitio perfecto,"El ruido de coches o no teníamos sillas, i poca información sobre la basura de orgànica y resta, porque los contenedores del ajuntamiento era con tarjeta i no teníamos por lo demás bien"
PamplonaYamaguchi,Escrito en 17 de septiembre de 2024,Sin puntuación,Esther,Fantástico,"La ubicación en la zona nueva de Pamplona y a un paseo caminando del casco viejo es genial, ya que te permite conocer no solo la parte turistica de la ciudad.","La estancia dentro del apartamento fué muy comoda, pero si hubiera algo que cambiar serían las almohadas por unas mas altas, ya que eran como hojas de papel"
PamplonaYamaguchi,Escrito en 16 de septiembre de 2024,Sin puntuación,Martinez,Excepcional,"Todo nuevo,  acogedor, el detalle del kit de limpieza con 2 cápsulas de café.
La situación es perfecta para hacer turismo por la ciudad y aceptan mascotas.","La forma de realizar el Check-In todo atraves del móvil y con código digital.
El horario del Check-out a las 11 , una hora antes de lo habitual.
Los ruidos de los demás apartamentos del edificio"
PamplonaYamaguchi,Escrito en 16 de septiembre de 2024,Sin puntuación,Miren,“TODO MUY BIEN”,"me gusto todo mucho.TODO LIMPIO Y NUEVO","Solo eche de menos azúcar para poder tomar las capsulas de regalo que había.Muchas gracias"
PamplonaYamaguchi,Escrito en 16 de septiembre de 2024,Sin puntuación,Daria,Excepcional,"Apartamentos limpios y modernos.  Me gustó la cama y los grandes ventanas.  Aparcamiento.  Cerca hay un parque. Se preparó una cama, platos y una bolsa de comida para nuestro perro.  Sí, pagamos por el animal, pero esta atención fue muy linda.","En nuestro caso viajamos con perro y el precio por animal fue de 20 euros, que es caro.  Pero esto es normal en Pamplona."
PamplonaYamaguchi,Escrito en 15 de septiembre de 2024,Sin puntuación,Ander,“Apartamento nuevo con equipación completa en todas las estancias.”,El apartamento está nuevo y es muy confortable y acogedor. Muy bien equipado y la cama muy cómoda. La ubicación tb muy buena. Nos ha gustado mucho y hemos estado muy a gusto.,
PamplonaYamaguchi,Escrito en 21 de mayo de 2024,Sin puntuación,Marta,“muy bien si no usas el sofá-cama”,El apartamento es precioso y no le falta absolutamente nada. Limpieza impecable y bonitas vistas a la plaza,"El sofá cama es incómodo, ya que el colchón es muy fino y todo el rato suenan los muelles al moverte. Tiene parking pero no me indicaron que se encuentra dentro de otro parking, por lo que mi coche casi se lo lleva la grúa al dejarlo en el primero. Nadie me avisó de que se situaba dentro del otro parking"
PamplonaYamaguchi,Escrito en 20 de mayo de 2024,Sin puntuación,Cristina,Excepcional,Ubicación y piso,Que no hubiera limpieza
PamplonaYamaguchi,Escrito en 11 de mayo de 2024,Sin puntuación,Fernando,Fantástico,"Excelente ubicación. Moderno,  limpio,  fácil de acceder.",
PamplonaYamaguchi,Escrito en 2 de mayo de 2024,Sin puntuación,Sandra,Excepcional,Todo en general,
PamplonaYamaguchi,Escrito en 19 de abril de 2024,Sin puntuación,Jose,Excepcional,"La ubicación, habitacion muy bien distribuida, garaje en el mismo edificio, y aceptan mascotas.",
PamplonaYamaguchi,Escrito en 18 de abril de 2024,Sin puntuación,Maria,“Excelente ubicación”,"La ducha es una maravilla.
Poder alojarnos con nuestra perrita. Te facilitan una colchoneta para ella, cuencos y una bolsa de chuches.
La ubicación excelente","El colchón un poco duro.
Un poco caro cobrar 15 € diarios por alojarnos con una perrita de 3,5 kg que ni suelta pelo."
PamplonaYamaguchi,Escrito en 18 de abril de 2024,Sin puntuación,Lorena,“Excelente ubicación junto a la CUN”,"Apartamento nuevo, muy cómodo y muy limpio, junto a clínica universad de navarra","Escaso menaje, el Justo para comer 1 vez 2 personas, por lo que hay que poner lavavajillas cada vez que comes"
PamplonaYamaguchi,Escrito en 10 de abril de 2024,Sin puntuación,Gema,“Estupendo para estancias en Pamplona”,"Limpieza, ubicación y nuevo","El sofá cama algo incómodo (un poco delgado), pero perfecto para niños que pesen poco"
PamplonaYamaguchi,Escrito en 8 de abril de 2024,Sin puntuación,Jose,Fantástico,"Todo correcto.Transparencia en la información y veracidad. 
Limpieza, comodidad de la cama y almohadas.  Todo domotizado, rapidez en respuesta si tienes un problema, con lo cual experiencia de usuario un 10. Espacio no es muy grande pero está muy bien diseñado para que haya todo lo necesario sin agobiarte en el espacio. Buena iluminación. No hay ruido y además hay una plaza y parque maravilloso con bares, restaurantes y mucha naturaleza. Sí viajas con perrete lo valoras enormemente.","Aunque ya lo indica en la web, lo que echamos en falta con respecto a otros apartamentos donde hemos estado es ese punto de hospitalidad y de sentirte como en casa cuando incluye (aceite, azúcar, sal, cápsulas de café...) esas pequeñas facilidades que mejoran tu estancia pero que ya en la web lo indica, con lo cual lo sabes de antemano. Lo único que no nos gustó es que hubiera sólo un cubierto o un plato por persona.(Había un tenedor, una cuchara, un cuchillo, una cuchara de postre, un plato de postre, un plato hondo, un plato llano)  Eso te obliga a estar lavando a mano constantemente o poner el lavavajillas al final con pocas cosas, que es poco eficiente con el medioambiente."
PamplonaYamaguchi,Escrito en 6 de abril de 2024,Sin puntuación,Maite,Muy bien,Bonita decoración minimalista y funcional. Limpieza impecable. Silencioso. Buena ubicación.  Entorno ideal para pasear a nuestra perrita. Parking público en la zona a menos de 5 euros el día. Restaurantes con ambiente y hasta un cine en la plaza donde está ubicado.,
PamplonaYamaguchi,Escrito en 1 de abril de 2024,Sin puntuación,Aitor,Excepcional,Desayuno regular,"El baño taza estaba medio rotaNo teníamos escoba ni pala"
PamplonaYamaguchi,Escrito en 31 de marzo de 2024,Sin puntuación,Paotero,“Sitio ideal”,"El apartamento es cómodo y de fácil acceso (entrada autónoma).
A pesar de ser un apartamento con cama y sofá cama para 4 personas, el espacio era correcto. 
Muy fácil encontrar aparcamiento por la zona (importante destacar que si son días laborables, hay que pagar).","Las almohadas no son del todo cómodas. 
Hubo un incidente con las alarmas de incendios de madrugada, que habiendo una persona física en recepción hubiese proporcionado calma."
PamplonaYamaguchi,Escrito en 30 de marzo de 2024,Sin puntuación,Nuria,Excepcional,"Apartamento bien situado a solo dos minutos en coche del centró. Tranquilo y bien equipado.
La atención on line perfecta.
Salvo un inciso  que se resolvió rápidamente y de forma eficaz.
Volveremos seguro.",
PamplonaYamaguchi,Escrito en 27 de marzo de 2024,Sin puntuación,Carlos,“Elexcelente lugar”,Es un lugar súper acogedor y con unas vistas excelentes.,Falta un juego de escoba y recogedor.
PamplonaYamaguchi,Escrito en 25 de marzo de 2024,Sin puntuación,Marta,“Buena relación calidad-precio”,"El apartamento es muy moderno y luminoso, y tiene todo lo necesario para pasar unos días. A destacar la ubicación, está justo en la plaza Yamaguchi, una muy buena zona.","La lavadora estaba estropeada. Sin embargo, cuando avisamos nos atendieron inmediatamente."
PamplonaYamaguchi,Escrito en 25 de marzo de 2024,Sin puntuación,Gorka,Muy bien,"Todo limpio y nuevo 
Y el detalle de bienvenidos.","Sin trato con empleados ( porque no lo hay)
Haces el cheking y el checkout online. Si no se te da bien lo de internet puedes tener problemas para entrar ."
PamplonaYamaguchi,Escrito en 25 de marzo de 2024,Sin puntuación,Irene,Excepcional,La equipación del apartamento,Nada
PamplonaYamaguchi,Escrito en 23 de marzo de 2024,Sin puntuación,Jorge,“Departamento cómodo que cumplió las expectativas.”,"Ubicación correcta, y en un sitio muy bonito. El departamento es funcional.","Dejar 2 o 3 jabones para el lavavajilla, y para la lavandería. También 4 platos y no dos de cada cosa."
PamplonaYamaguchi,Escrito en 21 de marzo de 2024,Sin puntuación,Encarni,Excepcional,"Limpieza excelente y huele muy bien al entrar, que es algo que resulta muy agradable cuando llegas a un sitio",La colocación del cubo de basura no me gusta en el mismo armario que los cubiertos
PamplonaYamaguchi,Escrito en 20 de marzo de 2024,Sin puntuación,Glenda,“1000% recomendado”,excelente ubicación 1000% recomendado,
PamplonaYamaguchi,Escrito en 15 de marzo de 2024,Sin puntuación,Sanae,“Muy bien”,La ubicación es perfecta,No me gusto que no haya una escoba y algún producto desinfectante para el baño
PamplonaYamaguchi,Escrito en 15 de marzo de 2024,Sin puntuación,Rizwan,“hola todo fue muy bien y me gustaría benices”,me gusta muy bien este lugar me encantado,casi todo estaba muy bien
PamplonaYamaguchi,Escrito en 11 de marzo de 2024,Sin puntuación,Bibiana,“Bien”,Cama cómoda y apartamento limpio,El baño era diminuto y la habitación tiene una mesa redonda muy chiquitita que no es nada cómoda para trabajar
PamplonaYamaguchi,Escrito en 9 de marzo de 2024,Sin puntuación,Gonzalez,“Apartamento moderno y funcional”,Moderno,Cocina pequeña
PamplonaYamaguchi,Escrito en 9 de marzo de 2024,Sin puntuación,Virginia,Muy bien,"Que estaba todo muy limpio, la ubicación y la rápida atención en caso de improvisto.",Por decir algo que éramos 2 personas y solo teníamos una toalla de baño.
PamplonaYamaguchi,Escrito en 24 de septiembre de 2023,Sin puntuación,Lucia,Excepcional,"Muy cerca, en un bar a un minuto del alojamiento. Bar muy tranquilo y agradable.",
PamplonaYamaguchi,Escrito en 24 de septiembre de 2023,Sin puntuación,Jose,"“Buena ubicación,con algunos problemas”",La terracita del apartamento y el diseño que tenía.,"La terraza de arriba estaba cerrada. El sofá estaba muy deteriorado y la TV no tenía conexión a internet y el mando no era práctico, costaba cambiar de canal a partir del número 10. La cerradura se nos bloqueó y tardaron una hora en acudir a resolverlo."
PamplonaYamaguchi,Escrito en 23 de septiembre de 2023,Sin puntuación,Sandra,“Super apartamento”,Todo,Nada
PamplonaYamaguchi,Escrito en 21 de septiembre de 2023,Sin puntuación,Patricia,Fantástico,,No había plancha
PamplonaYamaguchi,Escrito en 20 de septiembre de 2023,Sin puntuación,David,“B”,V,H
PamplonaYamaguchi,Escrito en 20 de septiembre de 2023,Sin puntuación,Flor,“Confortable”,"Moderno y cómodo, hasta el sofá cama era cómodo","La vajilla y los utensilios estaban un poquito justos, no había fregona, escoba… que creo imprescindibles si la estancia se prolonga y viajas con un perro"
PamplonaYamaguchi,Escrito en 15 de septiembre de 2023,Sin puntuación,Juan,Fantástico,"Ubicación, limpieza, lo nuevos que son. El poder estar con mi perro","Los utensilios de cocina, muy escasos. Vasos, cuchillos, tenedores....todo. Tienes un lavavajilas enorme y solo dos cubiertos, dos platos...."
PamplonaYamaguchi,Escrito en 15 de septiembre de 2023,Sin puntuación,Irati,“Bien situado y limpio”,"A cinco minutos andando de la clínica Universitaria. Justo al lado del parque Yamaguchi y con bares y restaurantes de todo tipo en los alrededores. 
El apartamento está muy bien equipado y todo muy nuevo y limpio.",Es la segunda vez que me alojo allí y esta vez la habitación no tenía vistas. Tenía un edifico grande pegado a la ventana
PamplonaYamaguchi,Escrito en 13 de septiembre de 2023,Sin puntuación,Enrique,Muy bien,"La confortabilidad, el kit de limpieza y sus vistas al parque",
PamplonaYamaguchi,Escrito en 11 de septiembre de 2023,Sin puntuación,Nadia,“Excelente apartamento”,"Muy funcional y completo. También la limpieza, estaba impecable.",El colchón no era cómodo
PamplonaYamaguchi,Escrito en 4 de septiembre de 2023,Sin puntuación,Alfonso,Excepcional,Comodidad,Nada
PamplonaYamaguchi,Escrito en 4 de septiembre de 2023,Sin puntuación,Carmen,“Comodidad”,Mucho,Nada que decir
PamplonaYamaguchi,Escrito en 4 de septiembre de 2023,Sin puntuación,Carmen,“Flexible y cómodo”,Ubicación y comodidad.,Nada
PamplonaYamaguchi,Escrito en 3 de septiembre de 2023,Sin puntuación,Elena,"“Estupendo alojamiento para familias. Sin duda, repetiremos.”","Cocina muy bien equipada, apartamento cómodo para familia y bien climatizado. Buena comunicación por bus con el centro de Pamplona. Ubicado en zona buena y tranquila de la ciudad.","Por comentar algo, el colchón del sofá cama era un poco incómodo para utilizar varias noches continuas."
PamplonaYamaguchi,Escrito en 3 de septiembre de 2023,Sin puntuación,Rocio,“Apartamento estupendo. Para repetir”,todo muy limpio y nuevo. zona tranquila.,todo me gusto
PamplonaYamaguchi,Escrito en 1 de septiembre de 2023,Sin puntuación,Cristina,Fantástico,La limpieza,Nada
PamplonaYamaguchi,Escrito en 31 de agosto de 2023,Sin puntuación,Jaime,“Nos han gustado”,Muy limpio,"El parking, un poco incomodo, ajustado, pero mejor que dejarlo en la calle"
PamplonaYamaguchi,Escrito en 29 de agosto de 2023,Sin puntuación,Irati,“Ideal para una pequeña escapada”,"Pequeño apartamento, limpio, bien situado con todo lo necesario y unas vistas preciosas al parque","Por poner una pega, para mi gusto, las almohadas eran muy finas"
PamplonaYamaguchi,Escrito en 27 de agosto de 2023,Sin puntuación,Agustín,“Apartamentos bastante nuevos en una situación excelente.”,Apartamentos bastante nuevos en una situación excelente.,Las almohadas eran muy blandas.
PamplonaYamaguchi,Escrito en 26 de agosto de 2023,Sin puntuación,Tiinita,“Espectacular”,La forma del apartamento,No sé
PamplonaYamaguchi,Escrito en 25 de agosto de 2023,Sin puntuación,Roberto,Fantástico,Ubicación y moderno,Saltaba la alarma de incendios y no sabíamos cómo actuar
PamplonaYamaguchi,Escrito en 25 de agosto de 2023,Sin puntuación,Ana,“Moderno y cómodo. Buena relación calidad precio.”,La comodidad.,A mejorar la comodidad del sofá cama. El resto todo perfecto.
PamplonaYamaguchi,Escrito en 24 de agosto de 2023,Sin puntuación,Carlos,Excepcional,me encantó la ubicación tenía acceso a bares supermercado,todo me gustó del sitio
PamplonaYamaguchi,Escrito en 23 de agosto de 2023,Sin puntuación,Maria,“Agradable como en casa.”,La tranquilidad y estar cerca de un parque muy bonito,La tv se iba el sonido y solo se veía la imagen
PamplonaYamaguchi,Escrito en 22 de agosto de 2023,Sin puntuación,Ramon,Excepcional,Todo nuevo y muy limpio. Menaje de cocina con detalle y nuevo. Para repetir.,
PamplonaYamaguchi,Escrito en 10 de abril de 2023,Sin puntuación,Maria,“buena”,mobiliario,recepción
PamplonaYamaguchi,Escrito en 10 de abril de 2023,Sin puntuación,Pilar,“muy confortable”,si,se puede mejorar el sofá cama
PamplonaYamaguchi,Escrito en 8 de abril de 2023,Sin puntuación,Alberto,“Muy buen sitio.”,"Sitio muy nuevo.
A 25 minutos del centro.",Sofá cama algo incómodo.
PamplonaYamaguchi,Escrito en 7 de abril de 2023,Sin puntuación,Marga,"“Confortable, ideal familias.”","Apartamentos nuevos, confortables y muy funcionales. Lo recomendaria sin duda y si vuelvo a Pamplona escogeré la misma opción.","Por poner alguna pega...No pudimos acceder a la terraza ni con el código. Las almohadas eran algo delgadas. Los cubiertos no deberian estar encima de la basura."
PamplonaYamaguchi,Escrito en 7 de abril de 2023,Sin puntuación,Julio,Muy bien,,Está a media hora caminando del centro.
PamplonaYamaguchi,Escrito en 3 de abril de 2023,Sin puntuación,Katherine,“Volvería”,"Todo muy limpio , la cama cómoda! La ubicación , el apartamento, todo muy bien.","Lo que menos las almohadas, muuuy finas . Y quizás que no dejaran un kit de sal, aceite... por lo menos para el primer día al igual que dejan el de limpieza"
PamplonaYamaguchi,Escrito en 20 de marzo de 2023,Sin puntuación,Esteban,“Repetiría apartamentos sin dudarlo”,El piso es nuevo y la ubicación perfecta,Deberían engrasar las puertas. Meten un ruido espantoso y si por la noche las abres despiertas a todo el mundo
PamplonaYamaguchi,Escrito en 14 de marzo de 2023,Sin puntuación,Cristina,“todo perfecto”,ubicacion limpieza personal telefonico amable,"a veces se bloqueo la llave pero se arreglo
muy rapido"
PamplonaYamaguchi,Escrito en 8 de marzo de 2023,Sin puntuación,Cristina,“muy comodo y  en un sitio muy bonito”,la decoración ubicación limpieza y amabilidad del personal al telefono,solo que a veces fallaban las lleves pero se arreglaba rápido . el precio por mascota me parece un poco caro  en mi caso que es pequeño
PamplonaYamaguchi,Escrito en 4 de marzo de 2023,Sin puntuación,Antoniordp,“Totalmente recomendable”,"Apartamento cómodo y práctico. Cocina completa, incluso lavadora y lavavajillas. Te dejan un kit de limpieza. Camas muy cómodas. Check-in fácil y la llave en el móvil una comodidad.
Recomendable.",
PamplonaYamaguchi,Escrito en 28 de febrero de 2023,Sin puntuación,Mª,Muy bien,,No me gustó que la basura estuviera tan cerca de los cubiertos. Me parece que no tiene nada de higiénico
PamplonaYamaguchi,Escrito en 27 de febrero de 2023,Sin puntuación,Domingo,“Excepcional.”,"Todo el apartamento es fantástico. La terraza que da al parque es maravillosa. Está muy bien distribuido, todo muy cómodo, desde la cocina, al baño, el dormitorio con su pequeña terraza,…..","Nada, todo fue maravilloso"
PamplonaYamaguchi,Escrito en 27 de febrero de 2023,Sin puntuación,Ivan,Excepcional,"El apartamento estaba muy limpio, y calentito cuando llegamos. A mí perra le habían dejado cuencos, chuches y una camita ❤️
Totalmente equipado y a 15 min del centro andando.","Llegué de noche y cerca de las 00:30 salto la alarma de incendios en todo el edificio (alguien estaría fumando) tuvimos que ser los huéspedes los que nos cercionasemos de que no ocurría nada  yendo planta por planta y viendo por los exteriores.
Ni después de la alarma ni al día siguiente apareció nadie, ni ninguna circular, ni ningún mensaje explicado el porqué de la alarma."
PamplonaYamaguchi,Escrito en 27 de febrero de 2023,Sin puntuación,Mayte,Muy bien,"El apartamento es muy amplio (para 4 personas), bonito, moderno y con menaje completo. Me encantó poder hacer el check in/out a través de App. La terraza en el ático es perfecta.","El sofá-cama. Dormir dos noches seguidas me va a costar una sesión de fisioterapia, ¡incomodísimo!
La zona donde está es muy agradable y tiene todos los servicios, no tardas demasiado en llegar al centro. Pero si vas en coche, todo el barrio es de distintos pagos (azul, naranja, rojo). El parking del apartamento sale más caro."
PamplonaYamaguchi,Escrito en 27 de febrero de 2023,Sin puntuación,Sara,“breve pero muy agradable”,estaba limpio y muy bien decorado,los extras como el desayuno hubieran sido un detalle por el precio del alojamiento
PamplonaYamaguchi,Escrito en 26 de febrero de 2023,Sin puntuación,Jose,Excepcional,"Muy acogedor, amplio, limpio y cómodo.",Me gustó todo.
PamplonaYamaguchi,Escrito en 24 de febrero de 2023,Sin puntuación,Sara,Muy bien,,"No me gustó, que no tenía ningún paño de cocina por decir algo y luego que saltó una alarma una de las noches y tardaron entre 10/15 minutos en solucionarlo. Pero la verdad que sin duda para futuros viajes contaríamos con el mismo alojamiento"
PamplonaYamaguchi,Escrito en 23 de febrero de 2023,Sin puntuación,Teresa,“Muy buena elección.”,"Muy limpio, cómodo,  con todos los servicios  y dos baños.  Muy buena ubicación, en zona tranquila,junto al parque y plaza, muy cerca de la Clínica Universitaria de Navarra y de un Carrefour Express. Sin duda, lo recomiendo.","Por decir algo, que no pudimos contratar el check-in temprano, ni había consignas cercanas."
PamplonaYamaguchi,Escrito en 23 de febrero de 2023,Sin puntuación,Diana,“Fantástico!!”,"Los apartamentos tienen todo lo necesario para tener una buena estancia, es muy moderno y las camas son muy cómodas. La ducha es una maravilla.",Éramos 4 y solo hubieron toallas para 3.
PamplonaYamaguchi,Escrito en 22 de febrero de 2023,Sin puntuación,Manuel,Excepcional,La decoración y la tranquilidad,"Sería bueno disponer de un trapo o papel de cocina.
La tostadora no funcionaba"
PamplonaYamaguchi,Escrito en 21 de febrero de 2023,Sin puntuación,Pablo,Muy bien,,"Se estropeó elSistema a las 2 de la mañana regresando al hotelY no podía contactar con nadie de la recepción  on line, meLa tuve que ingeniar para acceder al recinto. Se excusan en caída delSistemaInformático pero nadie responde a losteléfonos de madrugada"
PamplonaYamaguchi,Escrito en 21 de febrero de 2023,Sin puntuación,Gian,“lugar acogedor y agradable”,"limpieza, cercanía..,.estilo minimalista .
contaba con parking propio…hay q reservarlo previamente pues es pequeño .",el desayuno que no pertenece al apartamento es muy malo…mejor no ofrecerlo.
PamplonaYamaguchi,Escrito en 21 de febrero de 2023,Sin puntuación,Gema,Excepcional,"Todo. Esta muy nuevo y cuidado hasta el más mínimo detalle. Muy limpio y camas, sabanas, utensilios,etc de calidad. El entorno precioso, con vistas al parque y con restaurantes en la misma plaza. Fácil acceso.","Solo comentar que en el apartamento 202 chirría un poquito la.puerta del baño, pero que lo pongo aquí para que  se solucione sin problema. Estaba todo perfecto y cuidado."
PamplonaYamaguchi,Escrito en 21 de febrero de 2023,Sin puntuación,Gomez,“Fue todo perfecto”,"La comodidad, el diseño y la limpieza",Todo fenomenal
PamplonaYamaguchi,Escrito en 20 de febrero de 2023,Sin puntuación,Cristina,Fantástico,"En general el apartamento está muy bien, era pequeño pero para una pareja más que suficiente. Muy Moderno y muy cómodo, todo muy limpio. 
La situación muy buena, en una plaza en la que tienes bares y restaurantes, y muy cerca de supermercados.","En el apartamento echamos en falta papel o trapo de cocina y lo básico por sí tienes que cocinar, sal y aceite. Y del dormitorio las almohada eran muy bajas, pero eso va en gustos. 
De las instalaciones, que todo el aparcamiento cercano es de pago. Sería un 10 si tuviese parking propio."
PamplonaYamaguchi,Escrito en 1 de diciembre de 2024,Sin puntuación,Oscar,“Deberian limpiar a diario que cobran un pastizal por ello”,"Si,",La poca limpieza
PamplonaYamaguchi,Escrito en 27 de noviembre de 2024,Sin puntuación,Raquel,“DECEPCIONANTE”,El baño estaba sucio... no lo habían limpiado,"El apartamento aparece en las fotos de la web muy atractivo porque es de decoración nueva pero está muy sucio... el baño estaba asqueroso. Lo pusimos en conocimiento nada más llegar y nadie se pasó a limpiarlo... las paredes están todas muy manchadas de suciedad... la verdad es que daba mucho asco alojarse allíTambién reservamos plaza de parking y el tamaño de las plazas es para coche muy pequeño... por poco arañamos el coche y para salir el conductor lo tuvo bastante incómodo... todo esto lo hemos puesto en conocimiento de la empresa y no nos han hecho ningún caso... nos regalan un 10% de descuento para la próxima vez... una práctica de fidelización pero no nos han devuelto parte del dinero en compensación por la limpieza y plaza de parking.... No son de fiar... nunca nos había pasado esto... estamos muy decepcionados. Los fallos hay que asumirlos, y responder al cliente... nosotros pagamos al 100% y ellos no nos han ofrecido lo ofertado... por lo que nos sentimos estafados. Lo hemos intentado solucionar pero se niegan a devolvernos la parte del dinero que afecta a la limpieza y el parking... se han quedado con nuestro dineroUna chica contacto con nosotros el sábado y nos dijo que entendía nuestro malestar y en compensación no nos cobrarían el checking de las 14:00 y le dijimos que nosotros no teníamos contratado ese servicio, y que tampoco aceptábamos un descuento para la próxima estancia... ella dijo que entonces nos volvería a llamar para compensarnos de otra manera... seguimos esperando. En las fotos se puede comprobar las manchas del suelo y de las paredes así como el polvo en el zócalo..."
PamplonaYamaguchi,Escrito en 19 de noviembre de 2024,Sin puntuación,Nieves,Bien,La ubicación,"Reserve un apartamento con balcón de más precio y no funcionaba calefacción , nos cambiaron a otro de menor precio"
PamplonaYamaguchi,Escrito en 17 de noviembre de 2024,Sin puntuación,Pedro,"“Si se va en coche, hay que contar con estacionamiento en calle y no olvidar sacar ticket.”",El desayuno fue bueno.,Encontramos el espacio del apartamento demasiado pequeño para cuatro personas.
PamplonaYamaguchi,Escrito en 11 de noviembre de 2024,Sin puntuación,Victor,Bien,Limpieza,Cama supletoria muy muy incomoda
PamplonaYamaguchi,Escrito en 5 de noviembre de 2024,Sin puntuación,Caridad,Bien,,"La cama, era dura y se notaban los muelles. Así como la almohada"
PamplonaYamaguchi,Escrito en 30 de octubre de 2024,Sin puntuación,Alvaro,"“Bien por la zona, regular por el equipamiento.”",La ubicación,"Minimo equipamiento de cocina y limpieza (escoba y recogedor como minimoFalta luz en el comedorFalta luz para maquillarse en los cuartos de bañoFalta una estanteria en las duchas"
PamplonaYamaguchi,Escrito en 28 de octubre de 2024,Sin puntuación,Alicia,“Casi de 10 pero no hay recepción física”,"El alojamiento es un 10,
Moderno y funcional, esta súper limpio y huele genial","No me gusto Q no hay recepción, tuvimos un problema con la ducha no tragaba el desagüe y se nos inundó el baño, tuve q secar el suelo con la mitad de las toallas y al ponerme en contacto virtual con la recepción me dieron la solución de coger más toallas.., cuando lo q necesitaba era una fregona y ducharme. No le pongo un diez por esto… una pena, como tengas un problema búscate la vida."
PamplonaYamaguchi,Escrito en 24 de octubre de 2024,Sin puntuación,Alfonso,“No muy bien”,,"Pagamos 3 plazas de parking y cuando llegamos por la noche, solo pudimos aparcar dos coches, el resto ocupado, llamamos por telefono y nadie contesta. El sofá cama no pusieron almohadas.El desayuno, si quieres como nosotros que mas de una persona quería tortilla, solo te dan lo que queda, no hacen mas, porque aparte es una cafeteria para la gente que no es del hotel"
PamplonaYamaguchi,Escrito en 20 de octubre de 2024,Sin puntuación,Francisco,“Apartamento muy pequeño”,Ubicación y sistema de entrada,"Apartamento muy muy pequeño para 4 personas y las plazas de parking, también, muy complicado aparcar"
PamplonaYamaguchi,Escrito en 10 de octubre de 2024,Sin puntuación,Jose,"“Equipado, bien ubicado pero a falta de algo más de confort”",Ubicación  y equipamiento,"Cama estrecha para dos personas
1 cuarto de baño para 4 personas"
PamplonaYamaguchi,Escrito en 1 de octubre de 2024,Sin puntuación,Naigle,Agradable,"todo muy práctico cuidan muchos los detalles te dejan agua de cortesía artículos para el aseo de la cocina, unas patatas de bolsa ricas, cápsulas del café de cortesía y de verdad que insuperable excelente ubicación caminando a parques 25,30min centro 25,30min a ritmo normal. son bastante pequeños pero bueno para una estancia corta va bien particularmente lo necesitábamos para ir al hospital clínico universidad de navarra y super cerca.","no me gustó que no había aire acondicionado de verdad que pase un calor INSOPORTABLE, afuera hacia buen clima pero bueno mi estancia requería que estuviera dentro del departamento descansando y el tener que pasar calor porque en Pamplona tenían calefacción por el hecho del clima creo que deberían evaluar ese tema porque de verdad pasamos calor.. del resto todo muy bien. gracias"
PamplonaYamaguchi,Escrito en 16 de septiembre de 2024,Sin puntuación,Ekaitz,“Meh”,La ducha,La cama
PamplonaYamaguchi,Escrito en 12 de septiembre de 2024,Sin puntuación,Eduardo,Agradable,La ubicación,La cama era dura muy dura casi imposible descansar. La tele era complicada porque había una voz de i.a...también había polvo en la manta no hay aire acondicionado
PamplonaYamaguchi,Escrito en 31 de agosto de 2024,Sin puntuación,William,“Ojo con el sistema de check in on line!”,,"Las muchas dificultades con registrar on line. Sin la recepcionista, que trabaja de 10.00 a 17.00,  no hubiéramos  podido entrar a pesar de haber pagado la estancia."
PamplonaYamaguchi,Escrito en 30 de julio de 2024,Sin puntuación,Eva,“No está mal”,"Buena ubicación. El kit de bienvenida con unos cafés, agua y material para limpieza se agradece.","Era un espacio muy pequeño para una familia con dos niños (bebes) sin embargo, te recomienda la opción a la hora de reservar. El sofá cama hace mucho ruido. La limpieza regular."
PamplonaYamaguchi,Escrito en 17 de junio de 2024,Sin puntuación,Enrique,Bien,La ubicación y que era nuevo. El ático,La despersonalización
PamplonaYamaguchi,Escrito en 26 de mayo de 2024,Sin puntuación,Aitziber,Bien,,Que no hubiera una escoba y recogedor
PamplonaYamaguchi,Escrito en 16 de mayo de 2024,Sin puntuación,Carmen,“Genera expectativas que no cumple”,La ubicacion,Las fotos Dan una idea equivocada del apartamento. No terraza y es mucho más pequeño. El baño es muy pequeño
PamplonaYamaguchi,Escrito en 21 de abril de 2024,Sin puntuación,Salomé,“Habitación agradable pero precio elevado para lo que ofrece (y no ofrece)”,Habitación agradable con todas las comodidades.,"Lo que no nos gustó fue sobretodo la comunicación - todo se hace a distancia - tuvimos en algún momento un problema para abrir la puerta de nuestra habitación con el código que nos dieron y el encargado no nos supo ayudar a distancia.El coste del parking es adicional y no figura en ningun lado, tuvimos que llamar varias veces para averiguarlo y reservarlo. Una de las cosas que nos llamó la atención al elegir el hotel era la preciosa terraza que ponen en todas las fotos - en realidad solo está abierta en horarios muy restringidos (cuando está abierta en los horarios que te indican, que una vez más hay que pedir por teléfono). Fue una decepción ya que nos esperábamos poder pasar el rato por la mañana o por la tarde ahí, viendo por ejemplo el atardecer con vistas al Parque Yamaguchi, pero imposible.Si hubiera recepción podríamos haber hecho estos comentarios a la persona física, pero como todo se hace digitalmente los dejamos aquí. Para resumir, el precio me parece elevado para lo que ofrece comparado con otras ofertas en Pamplona. Y merecería la pena invertir una parte de los beneficios en un servicio de conserjería/recepción adecuado."
PamplonaYamaguchi,Escrito en 11 de abril de 2024,Sin puntuación,Maria,Aceptable,"Hoy he sido diagnosticada con SARNA .
El.apartamento no estaba muy limpio ( el baño sí), los picores comenzaron la misma noche en que me metí en la cama. Al día siguiente ronchas que se han ido agravando.
Un pésimo recuerdo de nuestra estancia!
No volveremos ni lo recomiendo.","La poca limpieza de la habitación.
Desayuno externo a los apartamentos, cerca y bueno , pero no in situ."
PamplonaYamaguchi,Escrito en 7 de abril de 2024,Sin puntuación,David,“Bn”,Bn,Bn
PamplonaYamaguchi,Escrito en 6 de abril de 2024,Sin puntuación,Giovanna,"“No iba la calefacción, pasamos frío.”",Buenas instalaciones,"No funcionaba la calefacción de la habitación y teníamos frío.
En plena noche sonó la alarma de incendios."
PamplonaYamaguchi,Escrito en 27 de marzo de 2024,Sin puntuación,Gomez,Aceptable,"La ubicación , las chicas de limpieza y el personal de recepción.","Las almohadas súper incómodas, dos utensilios de cocina de cada, al hacer la comida tenías que lavarlos para poder comer, un microondas grill pero no hay bandeja para cocinar, un lavavajillas tan grande pero al no haber loza suficiente no se puede usar, mejor uno mas pequeño y más loza, sin escobilla en el baño y sin repisa para colocar los geles de baño. Poca luz en la zona de comedor, no se podía trabajar con el ordenador ni leer, por lo menos una lámpara. Para estancias de uno o dos días pasable pero para estancias largas insuficiente."
PamplonaYamaguchi,Escrito en 24 de marzo de 2024,Sin puntuación,Antonio,“Decepción”,,"La cama supletoria incómodaEra un apartamento Deluxe y no lo parecía"
PamplonaYamaguchi,Escrito en 18 de noviembre de 2025,Sin puntuación,Juan,Excepcional,,
PamplonaYamaguchi,Escrito en 14 de noviembre de 2025,Sin puntuación,Juana,Excepcional,,
PamplonaYamaguchi,Escrito en 5 de noviembre de 2025,Sin puntuación,Begoña,Excepcional,,
PamplonaYamaguchi,Escrito en 2 de noviembre de 2025,Sin puntuación,Naigle,Excepcional,,
PamplonaYamaguchi,Escrito en 1 de noviembre de 2025,Sin puntuación,Olatz,Excepcional,,
PamplonaYamaguchi,Escrito en 30 de octubre de 2025,Sin puntuación,Begoña,Excepcional,,
PamplonaYamaguchi,Escrito en 26 de octubre de 2025,Sin puntuación,Javier,Fantástico,,
PamplonaYamaguchi,Escrito en 24 de octubre de 2025,Sin puntuación,Jorge,Muy bien,,
PamplonaYamaguchi,Escrito en 20 de octubre de 2025,Sin puntuación,Idoia,Muy bien,,
PamplonaYamaguchi,Escrito en 15 de octubre de 2025,Sin puntuación,Fernandez,Excepcional,,
PamplonaYamaguchi,Escrito en 13 de octubre de 2025,Sin puntuación,Julia,Excepcional,,
PamplonaYamaguchi,Escrito en 9 de octubre de 2025,Sin puntuación,Carlos,Excepcional,,
PamplonaYamaguchi,Escrito en 6 de octubre de 2025,Sin puntuación,Isidro,Muy bien,,
PamplonaYamaguchi,Escrito en 6 de octubre de 2025,Sin puntuación,Elena,Fantástico,,
PamplonaYamaguchi,Escrito en 6 de octubre de 2025,Sin puntuación,Rebeca,Excepcional,,
PamplonaYamaguchi,Escrito en 29 de septiembre de 2025,Sin puntuación,Yon,Excepcional,,
PamplonaYamaguchi,Escrito en 20 de septiembre de 2025,Sin puntuación,Feijoo,Fantástico,,
PamplonaYamaguchi,Escrito en 20 de septiembre de 2025,Sin puntuación,María,Muy bien,,
PamplonaYamaguchi,Escrito en 20 de septiembre de 2025,Sin puntuación,Koldobika,Excepcional,,
PamplonaYamaguchi,Escrito en 11 de septiembre de 2025,Sin puntuación,Mª,Fantástico,,
PamplonaYamaguchi,Escrito en 7 de septiembre de 2025,Sin puntuación,Acosta,Excepcional,,
PamplonaYamaguchi,Escrito en 3 de septiembre de 2025,Sin puntuación,Águeda,Fantástico,,
PamplonaYamaguchi,Escrito en 31 de agosto de 2025,Sin puntuación,Enia,Excepcional,,
PamplonaYamaguchi,Escrito en 30 de agosto de 2025,Sin puntuación,Marco,Muy bien,,
PamplonaYamaguchi,Escrito en 30 de agosto de 2025,Sin puntuación,Horacio,Muy bien,,
PamplonaYamaguchi,Escrito en 5 de abril de 2025,Sin puntuación,Juan,Excepcional,,
PamplonaYamaguchi,Escrito en 29 de marzo de 2025,Sin puntuación,David,Muy bien,,
PamplonaYamaguchi,Escrito en 25 de marzo de 2025,Sin puntuación,José,Fantástico,,
PamplonaYamaguchi,Escrito en 24 de marzo de 2025,Sin puntuación,Rosana,Fantástico,,
PamplonaYamaguchi,Escrito en 23 de marzo de 2025,Sin puntuación,Laura,Excepcional,,
PamplonaYamaguchi,Escrito en 14 de marzo de 2025,Sin puntuación,Laura,Fantástico,,
PamplonaYamaguchi,Escrito en 11 de marzo de 2025,Sin puntuación,Soraya,Muy bien,,
PamplonaYamaguchi,Escrito en 8 de marzo de 2025,Sin puntuación,Irma,Fantástico,,
PamplonaYamaguchi,Escrito en 14 de febrero de 2025,Sin puntuación,Aida,Fantástico,,
PamplonaYamaguchi,Escrito en 14 de febrero de 2025,Sin puntuación,Naigle,Excepcional,,
PamplonaYamaguchi,Escrito en 12 de febrero de 2025,Sin puntuación,Manuel,Fantástico,,
PamplonaYamaguchi,Escrito en 27 de enero de 2025,Sin puntuación,Isabel,Muy bien,,
PamplonaYamaguchi,Escrito en 23 de enero de 2025,Sin puntuación,María,Excepcional,,
PamplonaYamaguchi,Escrito en 22 de enero de 2025,Sin puntuación,Joselinha,Muy bien,,
PamplonaYamaguchi,Escrito en 5 de enero de 2025,Sin puntuación,Amaia,Excepcional,,
PamplonaYamaguchi,Escrito en 5 de enero de 2025,Sin puntuación,Rodriguez,Muy bien,,
PamplonaYamaguchi,Escrito en 3 de enero de 2025,Sin puntuación,Elena,Excepcional,,
PamplonaYamaguchi,Escrito en 26 de diciembre de 2024,Sin puntuación,Alberto,Fantástico,,
PamplonaYamaguchi,Escrito en 22 de diciembre de 2024,Sin puntuación,Estefanía,Excepcional,,
PamplonaYamaguchi,Escrito en 15 de diciembre de 2024,Sin puntuación,Teresa,Excepcional,,
PamplonaYamaguchi,Escrito en 8 de diciembre de 2024,Sin puntuación,Aratz,Muy bien,,
PamplonaYamaguchi,Escrito en 6 de diciembre de 2024,Sin puntuación,Sandra,Excepcional,,
PamplonaYamaguchi,Escrito en 2 de diciembre de 2024,Sin puntuación,Angel,Muy bien,,
PamplonaYamaguchi,Escrito en 30 de noviembre de 2024,Sin puntuación,Pablo,Excepcional,,
PamplonaYamaguchi,Escrito en 27 de noviembre de 2024,Sin puntuación,Goia,Muy bien,,
PamplonaYamaguchi,Escrito en 28 de julio de 2024,Sin puntuación,Pere,Fantástico,,
PamplonaYamaguchi,Escrito en 25 de julio de 2024,Sin puntuación,Jesús,Muy bien,,
PamplonaYamaguchi,Escrito en 23 de julio de 2024,Sin puntuación,Nazim,Excepcional,,
PamplonaYamaguchi,Escrito en 18 de julio de 2024,Sin puntuación,Eneko,Muy bien,,
PamplonaYamaguchi,Escrito en 12 de julio de 2024,Sin puntuación,Isabel,Excepcional,,
PamplonaYamaguchi,Escrito en 12 de julio de 2024,Sin puntuación,Carolina,Excepcional,,
PamplonaYamaguchi,Escrito en 12 de julio de 2024,Sin puntuación,Telmo,Excepcional,,
PamplonaYamaguchi,Escrito en 9 de julio de 2024,Sin puntuación,Lucia,Muy bien,,
PamplonaYamaguchi,Escrito en 4 de julio de 2024,Sin puntuación,Araceli,Excepcional,,
PamplonaYamaguchi,Escrito en 2 de julio de 2024,Sin puntuación,Beatriz,Muy bien,,
PamplonaYamaguchi,Escrito en 28 de junio de 2024,Sin puntuación,José,Fantástico,,
PamplonaYamaguchi,Escrito en 26 de junio de 2024,Sin puntuación,Alejandro,Excepcional,,
PamplonaYamaguchi,Escrito en 20 de junio de 2024,Sin puntuación,Carmen,Fantástico,,
PamplonaYamaguchi,Escrito en 20 de junio de 2024,Sin puntuación,Silvestre,Excepcional,,
PamplonaYamaguchi,Escrito en 17 de junio de 2024,Sin puntuación,Jaione,Fantástico,,
PamplonaYamaguchi,Escrito en 14 de junio de 2024,Sin puntuación,Gabriela,Excepcional,,
PamplonaYamaguchi,Escrito en 9 de junio de 2024,Sin puntuación,Roi,Fantástico,,
PamplonaYamaguchi,Escrito en 5 de junio de 2024,Sin puntuación,Gotzon,Muy bien,,
PamplonaYamaguchi,Escrito en 1 de junio de 2024,Sin puntuación,Francia,Excepcional,,
PamplonaYamaguchi,Escrito en 15 de mayo de 2024,Sin puntuación,Jorge,Excepcional,,
PamplonaYamaguchi,Escrito en 14 de mayo de 2024,Sin puntuación,M,Fantástico,,
PamplonaYamaguchi,Escrito en 13 de mayo de 2024,Sin puntuación,María,Muy bien,,
PamplonaYamaguchi,Escrito en 9 de mayo de 2024,Sin puntuación,María,Excepcional,,
PamplonaYamaguchi,Escrito en 4 de mayo de 2024,Sin puntuación,Jose,Fantástico,,
PamplonaYamaguchi,Escrito en 3 de mayo de 2024,Sin puntuación,Maider,Excepcional,,
PamplonaYamaguchi,Escrito en 31 de octubre de 2023,Sin puntuación,Maria,Fantástico,,
PamplonaYamaguchi,Escrito en 22 de octubre de 2023,Sin puntuación,Maite,Fantástico,,
PamplonaYamaguchi,Escrito en 22 de octubre de 2023,Sin puntuación,Andrea,Excepcional,,
PamplonaYamaguchi,Escrito en 19 de octubre de 2023,Sin puntuación,Olga,Fantástico,,
PamplonaYamaguchi,Escrito en 18 de octubre de 2023,Sin puntuación,Jorge,Excepcional,,
PamplonaYamaguchi,Escrito en 17 de octubre de 2023,Sin puntuación,Iván,Excepcional,,
PamplonaYamaguchi,Escrito en 1 de octubre de 2023,Sin puntuación,Isabel,Fantástico,,
PamplonaYamaguchi,Escrito en 28 de septiembre de 2023,Sin puntuación,Agustin,Muy bien,,
PamplonaYamaguchi,Escrito en 26 de septiembre de 2023,Sin puntuación,Alba,Excepcional,,
PamplonaYamaguchi,Escrito en 25 de septiembre de 2023,Sin puntuación,Laura,Fantástico,,
PamplonaYamaguchi,Escrito en 24 de septiembre de 2023,Sin puntuación,Joaquin,Excepcional,,
PamplonaYamaguchi,Escrito en 22 de septiembre de 2023,Sin puntuación,Dovale,Muy bien,,
PamplonaYamaguchi,Escrito en 20 de septiembre de 2023,Sin puntuación,Marta,Excepcional,,
PamplonaYamaguchi,Escrito en 17 de septiembre de 2023,Sin puntuación,Juanjosem_,Excepcional,,
PamplonaYamaguchi,Escrito en 17 de septiembre de 2023,Sin puntuación,Pablo,Fantástico,,
PamplonaYamaguchi,Escrito en 16 de septiembre de 2023,Sin puntuación,Maria,Excepcional,,
PamplonaYamaguchi,Escrito en 9 de septiembre de 2023,Sin puntuación,Javier,Excepcional,,
PamplonaYamaguchi,Escrito en 8 de septiembre de 2023,Sin puntuación,Adrián,Muy bien,,
PamplonaYamaguchi,Escrito en 7 de septiembre de 2023,Sin puntuación,Laura,Fantástico,,
PamplonaYamaguchi,Escrito en 5 de septiembre de 2023,Sin puntuación,Susana,Fantástico,,
PamplonaYamaguchi,Escrito en 4 de septiembre de 2023,Sin puntuación,Anita,Muy bien,,
PamplonaYamaguchi,Escrito en 3 de septiembre de 2023,Sin puntuación,Rocio,Excepcional,,
PamplonaYamaguchi,Escrito en 2 de septiembre de 2023,Sin puntuación,Sonia,Excepcional,,
PamplonaYamaguchi,Escrito en 2 de septiembre de 2023,Sin puntuación,Diaz,Muy bien,,
PamplonaYamaguchi,Escrito en 1 de septiembre de 2023,Sin puntuación,Gema,Excepcional,,
PamplonaYamaguchi,Escrito en 25 de abril de 2023,Sin puntuación,Kampy_83,Fantástico,,
PamplonaYamaguchi,Escrito en 24 de abril de 2023,Sin puntuación,Moisés,Fantástico,,
PamplonaYamaguchi,Escrito en 23 de abril de 2023,Sin puntuación,Francisco,Excepcional,,
PamplonaYamaguchi,Escrito en 21 de abril de 2023,Sin puntuación,Cristina,Fantástico,,
PamplonaYamaguchi,Escrito en 17 de abril de 2023,Sin puntuación,Sergio,Excepcional,,
PamplonaYamaguchi,Escrito en 16 de abril de 2023,Sin puntuación,Isabel,Excepcional,,
PamplonaYamaguchi,Escrito en 15 de abril de 2023,Sin puntuación,Ivan,Excepcional,,
PamplonaYamaguchi,Escrito en 14 de abril de 2023,Sin puntuación,David,Excepcional,,
PamplonaYamaguchi,Escrito en 12 de abril de 2023,Sin puntuación,Ana,“Excelente opción para alojarse en Pamplona”,,
PamplonaYamaguchi,Escrito en 11 de abril de 2023,Sin puntuación,Andrea,Muy bien,,
PamplonaYamaguchi,Escrito en 7 de abril de 2023,Sin puntuación,Sonia,Fantástico,,
PamplonaYamaguchi,Escrito en 16 de marzo de 2023,Sin puntuación,Panamos,Fantástico,,
PamplonaYamaguchi,Escrito en 12 de marzo de 2023,Sin puntuación,Antonio,Muy bien,,
PamplonaYamaguchi,Escrito en 12 de marzo de 2023,Sin puntuación,David,Excepcional,,
PamplonaYamaguchi,Escrito en 12 de marzo de 2023,Sin puntuación,Mª,Muy bien,,
PamplonaYamaguchi,Escrito en 8 de marzo de 2023,Sin puntuación,Judith,Fantástico,,
PamplonaYamaguchi,Escrito en 1 de marzo de 2023,Sin puntuación,Ana,Muy bien,,
PamplonaYamaguchi,Escrito en 27 de febrero de 2023,Sin puntuación,Francisco,Fantástico,,
PamplonaYamaguchi,Escrito en 27 de febrero de 2023,Sin puntuación,Sergio,Excepcional,,
PamplonaYamaguchi,Escrito en 27 de febrero de 2023,Sin puntuación,Julio,Fantástico,,
PamplonaYamaguchi,Escrito en 26 de febrero de 2023,Sin puntuación,Leticia,Fantástico,,
PamplonaYamaguchi,Escrito en 22 de febrero de 2023,Sin puntuación,Evaperiquin,Excepcional,,
PamplonaYamaguchi,Escrito en 22 de febrero de 2023,Sin puntuación,Shivaroff,Excepcional,,
PamplonaYamaguchi,Escrito en 20 de febrero de 2023,Sin puntuación,Miguel,Muy bien,,
PamplonaYamaguchi,Escrito en 19 de febrero de 2023,Sin puntuación,Paula,Muy bien,,
PamplonaYamaguchi,Escrito en 6 de marzo de 2024,Sin puntuación,Iker,Muy mal,,
PamplonaYamaguchi,Escrito en 1 de marzo de 2024,Sin puntuación,María,Agradable,,
PamplonaYamaguchi,Escrito en 4 de febrero de 2024,Sin puntuación,Ariadna,Bien,,
PamplonaYamaguchi,Escrito en 13 de octubre de 2023,Sin puntuación,Nuria,Bien,,
PamplonaYamaguchi,Escrito en 27 de agosto de 2023,Sin puntuación,Matilde,Bien,,
PamplonaYamaguchi,Escrito en 19 de agosto de 2023,Sin puntuación,Sonia,Bien,,
PamplonaYamaguchi,Escrito en 20 de julio de 2023,Sin puntuación,Ximo,“ESPECIAL”,,
PamplonaYamaguchi,Escrito en 8 de julio de 2023,Sin puntuación,Gil,Agradable,,
PamplonaYamaguchi,Escrito en 3 de julio de 2023,Sin puntuación,Fernando,Bien,,
PamplonaYamaguchi,Escrito en 15 de mayo de 2023,Sin puntuación,David,Agradable,,
PamplonaYamaguchi,Escrito en 7 de mayo de 2023,Sin puntuación,Elena,Bien,,
PamplonaYamaguchi,Escrito en 24 de abril de 2023,Sin puntuación,Mikel,Bien,,
PamplonaYamaguchi,Escrito en 16 de abril de 2023,Sin puntuación,Coralia,Aceptable,,
PamplonaYamaguchi,Escrito en 26 de marzo de 2023,Sin puntuación,Manuel,Muy mal,,
PamplonaYamaguchi,Escrito en 21 de marzo de 2023,Sin puntuación,Lucia,Bien,,
PamplonaYamaguchi,Escrito en 20 de febrero de 2023,Sin puntuación,Molina,Bien,,
PamplonaYamaguchi,Escrito en 4 de septiembre de 2025,Sin puntuación,Anónimo,Excepcional,,
PamplonaYamaguchi,Escrito en 17 de julio de 2025,Sin puntuación,Anónimo,Excepcional,,
PamplonaYamaguchi,Escrito en 20 de julio de 2023,Sin puntuación,Anónimo,Fantástico,,
PamplonaYamaguchi,Escrito en 18 de junio de 2023,Sin puntuación,Anónimo,Excepcional,,
PamplonaYamaguchi,Escrito en 16 de febrero de 2023,Sin puntuación,Anónimo,Excepcional,,
PamplonaYamaguchi,Escrito en 21 de enero de 2023,Sin puntuación,Anónimo,Excepcional,,
PamplonaYamaguchi,Escrito en 18 de enero de 2023,Sin puntuación,Anónimo,Excepcional,,
PamplonaYamaguchi,Escrito en 9 de junio de 2023,Sin puntuación,Anónimo,Agradable,,
ValenciaJardinBotanico,Escrito en 5 de enero de 2026,Sin puntuación,Miguel,Fantástico,El checking fue fácil el alojamiento estaba bien y la ubicacion perfecta,La información que te piden online sugiero hacer el checking en el hall
ValenciaJardinBotanico,Escrito en 9 de diciembre de 2025,Sin puntuación,Alejandro,“Personal atento”,"El personal muy amable, se bloqueó la puerta por un descuido y llamamos por teléfono y lo solucionaron al momento.","La tapa del baño no se mantenía arriba, necesitaba un ajuste. Pero todo estaba perfecto."
ValenciaJardinBotanico,Escrito en 3 de diciembre de 2025,Sin puntuación,Ana,Muy bien,La amplitud y la buena comunicación con los sitios a los que teníamos que ir.,
ValenciaJardinBotanico,Escrito en 28 de noviembre de 2025,Sin puntuación,Jairo,“Gustos”,Era bastante amplio,El no tener una recepción personal
ValenciaJardinBotanico,Escrito en 12 de noviembre de 2025,Sin puntuación,Silvia,“Buena ubicación. Buen desayuno”,La ubicación y la facilidad para acceder,Ruidoso por ser planta baja con ventana a la calle
ValenciaJardinBotanico,Escrito en 29 de septiembre de 2025,Sin puntuación,Sylvia,“Agradable”,"La limpieza 
Es muy confortable",Un poco lejos del centro
ValenciaJardinBotanico,Escrito en 22 de septiembre de 2025,Sin puntuación,Jesús,“No cumplió las expectativas.”,,"En un apartamento para 6 personas hay, en el salón, una mesa con 4 sillas y un sofá de 2 plazas (o 3 muy apretados). El inmueble, escalera, está deteriorado.Mucho jaleo nocturno en los apartamentos contiguos."
ValenciaJardinBotanico,Escrito en 12 de septiembre de 2025,Sin puntuación,Miguel,Muy bien,Cómodo y super limpio todo! Céntrico !!Muy recomendable!,
ValenciaJardinBotanico,Escrito en 7 de septiembre de 2025,Sin puntuación,Aida,“Hotel Céntrico y Cómodo”,La ubicación,"Que había hormigas el segundo día en la terraza y después entraron en el apartamento,tuve que comprar spray para que se acabasen"
ValenciaJardinBotanico,Escrito en 29 de agosto de 2025,Sin puntuación,Manuel,Fantástico,"Si me gusta y cómodo, lo recomiendo 100%",
ValenciaJardinBotanico,Escrito en 6 de agosto de 2025,Sin puntuación,Elena,Bien,Las instalaciones y la limpieza,Me pareció abusivo pagar 20 euros por mi mascota. Dicen que te dan una cama y los comederos y unas chuches y no le habían dejado nada. Se lo pedimos y solo nos dieron un comedero y la cama.cuebtas con lo que pone en la página y al final no cumplen con ello. Si no lo tienen disponible al menos que te lo digan para llevarlo tú de tu casa
ValenciaJardinBotanico,Escrito en 1 de agosto de 2025,Sin puntuación,Nadia,Fantástico,"Estaba muy limpio. Nos resultó cómodo en cuanto a su ubicación (con un super enfrente) y el apartamento está muy lindo. Los baños están muy bien, las sábanas y toallas impecables.","El sillón cama es más bien para niños, muy fino el colchón."
ValenciaJardinBotanico,Escrito en 30 de mayo de 2025,Sin puntuación,Oscar,“Bien ubicado y cómodo para estancia corta”,Bien ubicado y cómodo para estancia corta,
ValenciaJardinBotanico,Escrito en 16 de abril de 2025,Sin puntuación,Mari,Fantástico,"Todo estaba muy bien, pequeño pero con todo lo necesario. Moderno, bonito,muy limpio, olía muy bien. Una zona tranquila, a unos 10-12 minutos del centro caminando.","Era una planta baja y se escuchan los ruidos de la calle. Y un aparato que había encima de la puerta de entrada, (como un router) cada x tiempo destellaba una luz verde, que a mí para dormir me molestaba."
ValenciaJardinBotanico,Escrito en 6 de abril de 2025,Sin puntuación,Lourdes,“Bien pero poco descanso”,"Muy bien situado , limpio, acogedor, en general todo fue genial a no ser por el inconveniente de los vecinos de arriba","Los vecino muy ruidosos y escandalosos , estuvimos en el 201 , y justo los de arriba empezaron a chillar y berrear a altas horas d ela madrugada, incluso movieron muebles , parecía que rompían cosas . Muy escandalosos. Descansamos poco"
ValenciaJardinBotanico,Escrito en 3 de abril de 2025,Sin puntuación,Esperanza,“Cambiar colchón”,"El apartamento estaba muy bien, pero el colchón no era nada cómodo. Por todo lo demás bien.",
ValenciaJardinBotanico,Escrito en 23 de febrero de 2025,Sin puntuación,Miguel,Muy bien,,"No había baño arriba.
El agua dura poco caliente.
Menaje escaso.
No había horno.
Escasez de productos de limpieza.
Faltan mantas.
No persianas."
ValenciaJardinBotanico,Escrito en 10 de febrero de 2025,Sin puntuación,Sanchez,“Cómodo y con terraza.”,"Cama cómoda, habitación con terraza, precio.",Al día siguiente encontramos una cucaracha muerta en la encimera de la cocina.
ValenciaJardinBotanico,Escrito en 6 de febrero de 2025,Sin puntuación,Manuel,“Cómodo apartamento bien ubicado”,Comunicaciones efectivas y regalo bienvenida,Cama un poco estrecha
ValenciaJardinBotanico,Escrito en 28 de enero de 2025,Sin puntuación,Ana,“Noche en Valencia”,"Nuevo, bien ubicado para ir al centro",
ValenciaJardinBotanico,Escrito en 26 de enero de 2025,Sin puntuación,Douglas,"“Muy buena ubicación, limpio y espacioso”","Espectacular!!!
Era justo lo que necesitábamos",Faltó ropa de abrigo para las camas
ValenciaJardinBotanico,Escrito en 15 de enero de 2025,Sin puntuación,Carolina,Fantástico,Los detalles y la limpieza,
ValenciaJardinBotanico,Escrito en 6 de enero de 2025,Sin puntuación,Damian,“Departamentos geniales en el centro”,"Las instalaciones, que permita mascotas, y la ubicación céntrica.",El colchon era muy malo para la calidad de las instalaciones. Termine con dolor de espalda.
ValenciaJardinBotanico,Escrito en 5 de enero de 2025,Sin puntuación,Juan,Muy bien,"La habitacion estaba como nueva y muy limpia
La cama muy comoda .
Muy cerca del centro y con aparcamiento al lado del edificio a unos minutos andando ,",Nada
ValenciaJardinBotanico,Escrito en 5 de diciembre de 2025,Sin puntuación,Jose,Excepcional,La ubicación.,
ValenciaJardinBotanico,Escrito en 3 de diciembre de 2025,Sin puntuación,Emanuele,“Ninguna intimidad”,La posición,Está a pie de calle con la ventana que no permite nada de intimidad
ValenciaJardinBotanico,Escrito en 3 de diciembre de 2025,Sin puntuación,Alejandro,Decepcionante,Ubicacion,A las 6.30 de la mañana sono la alarma de incendios que nos desperto a todos..un horror
ValenciaJardinBotanico,Escrito en 24 de noviembre de 2025,Sin puntuación,Poggi,"“Bien, mucho olor en los baños”","El piso está bien. Es un edificio reformado con todos apartamentos de alquiler temporal, es grande, y está bien decorado. Las toallas y las sábanas impecables, las camas cómodas.","Pedí el parking cuando hice la reserva, y de todas maneras no me lo gestionaron. Dijeron que necesitaba avisar con 24 horas de anticipación y ese proceso no lo explican en ningún sitio, sino hubiese reiterado mi pedido. Los baños están super limpios pero hay un olor a cloaca que es realmente insoportable. Debe ser por un defecto en la remodelación, pero es realmente asqueroso."
ValenciaJardinBotanico,Escrito en 29 de octubre de 2025,Sin puntuación,Isabel,Excepcional,"Genial el piso, super espacioso. Tienes varias tiendas al lado, paradas de autobuses y la catedral a unos 15 minutos andando.",
ValenciaJardinBotanico,Escrito en 17 de octubre de 2025,Sin puntuación,Tonijulius,Muy mal,,Una hora desde que pague para poder acceder
ValenciaJardinBotanico,Escrito en 3 de octubre de 2025,Sin puntuación,Josep,“algo mediocre y poco cuidado”,"El check-in es bastante complicado, la página no carga, estuve más de 15 min alli sin poder entrar en medio de la calle.","Las losas del baño y la puerta estaban con pelos. La cama muy incómoda. La televisión está en frente de la cama y, al lado está un pequeño salón con un sofá, desde el que no se puede divisar la televisión puesto que hay un muro. Si quieres ver la tv, tienes q acostarte en la cama. Ridículo tener un salón con un sofá y desde el que no se puede ver la tele. La nevera no funciona la luz. no hay armario, sólo un pequeño mueblo donde puedes colgar la ropa y dejar la maleta, todo al descubierto.Dan opción de parking cercano, en las fotos que pone la web. el parking es nuevo, luminoso y espacioso, todo lo contrario a o que es en realidad."
ValenciaJardinBotanico,Escrito en 28 de septiembre de 2025,Sin puntuación,Claudia,Excepcional,Regalo de. Bienvenida y detalles para la mascota plato bocaditos cama,
ValenciaJardinBotanico,Escrito en 17 de septiembre de 2025,Sin puntuación,Gladys,Decepcionante,Poco,Todo lo básico que necesitas te lo cobran
ValenciaJardinBotanico,Escrito en 5 de agosto de 2025,Sin puntuación,Leonardo,Excepcional,"Todo excelente, volvería sin pensarlo.",Muy bien todo.
ValenciaJardinBotanico,Escrito en 29 de junio de 2025,Sin puntuación,Samuel,“Escapada al centro de Valencia”,"Ubicación perfecta. A un paso del centro y con todos los servicios al lado. 
Todo muy limpio y muy práctico. El apartamento tiene todo lo necesario para estar como en casa.
Fantástica la atención de Libere. Nos facilitaron un aparcamiento y el early check-in a un precio razonable y de manera muy sencilla.",Una pena que no haya parking más cercano
ValenciaJardinBotanico,Escrito en 10 de junio de 2025,Sin puntuación,Veroll,“Excelente ubicación limpieza”,"Excelente apartamento moderno recién remodelado muy buena ubicación puedes ir caminado al. Centro de valencia
Nos esperaron con cápsulas de café y zumos  
Todo perfecto",El baño habitación principal  al no tener mampara se sale el agua
ValenciaJardinBotanico,Escrito en 26 de mayo de 2025,Sin puntuación,Mamenmejmart,“Muy decepcionada”,El tamaño del apartamento era perfecto para siete personas,"No me gustó, la hora de entrada del Check In (a las 15:00 horas), les pregunté si había forma de adelantarlo (pagando obviamente) y me dijeron que llamara el mismo día un rato antes, lo hice y me dijeron que nunca había opción de entrar en los apartamento grandes antes, por lo que no comprendo para qué me dijeron que llamara ese mismo día.No me gustó que les solicitamos consigna para dejar las maletas por no poder hacer el check in y no tenían, por lo que me recomendaron un sitio de consignas y al pagarlo me hicieron cancelarlo porque se dieron cuenta después de realizar el pago que ellos mismos me habilitaron a través de su app, que ya no tenían contrato con esa compañía de consignas, les pedí ayuda para conseguir una consigna y me dijeron que tenía que ser yo quién buscara otra opción. Por loq ue fue lo que hice.Por último, el día de salida, el check out era a las 11 de la mañana (vamos que entre el check in a las 15 y el check out a las 11 casi no aprovechas lo que pagas) nos tocaron la puerta a las 11 en punto y la persona que estaba nos dijo: FINISH! nuestra cara fue un poema al decirle FINISH QUÉ? y se fue. Tras esto llamaron en 10 minutos otras dos veces las personas de limpieza (ellas fueron muy amables) pero no me parece de recibo que ni siquiera digan buenos días y te metan presión para salir de la habitación. Estuve hace tiempo en el Líbere de Vitoria y quedé encantada, este es un desastre, sin recepción, sin máquinas de vending,... desde luego no volveré"
ValenciaJardinBotanico,Escrito en 11 de mayo de 2025,Sin puntuación,Fatima,Excepcional,comodo,
ValenciaJardinBotanico,Escrito en 1 de abril de 2025,Sin puntuación,Maria,“Excelente estadía en Valencia”,"Excelente apartamento, ubicación y super bien equipado. Nos ha encantado! El check in online hace que todo sea mas ameno y fácil. La caja de bienvenida fue un toque muy agradable. La cama era muy comoda. Repetiriamos sin dudas!",
ValenciaJardinBotanico,Escrito en 30 de marzo de 2025,Sin puntuación,Andres,“Para repetir”,Pequeño y práctico,
ValenciaJardinBotanico,Escrito en 24 de marzo de 2025,Sin puntuación,Guillermo,“Buen sitio pero con grandes pegas”,"Distribución correcta, limpio, cocina completa, céntrico, todo nuevo.","El baño tenía un olor a tuberia insoportable.
Las habitaciones están mal aisladas y se oye a la gente pasando por la calle, por el hall e incluso por las escaleras de pisos superiores.
Habia una luz que iluminaba la habitación de noche cada pocos minutos (router o punto wifi en el techo)"
ValenciaJardinBotanico,Escrito en 14 de febrero de 2025,Sin puntuación,Lidiana,“Limpio pero incómodo”,Estaba limpio,El colchón era excesivamente duro
ValenciaJardinBotanico,Escrito en 6 de enero de 2025,Sin puntuación,Anabel,“Estupendo y como lugar para visitar Valencia”,"Apartamento muy espacioso, cuidadosamente decorado y limpio",La dificultad de aoarcamiento por la zona
ValenciaJardinBotanico,Escrito en 28 de diciembre de 2024,Sin puntuación,Fuencisla,“Totalmente recomendable.”,"La distribución del espacio, la limpieza, la ubicación (en mi caso, cerca de la casa de mi sobrino).",Hubo un problema en la puerta del portal con los dígitos... No se abría. Llamé y me abrieron.
ValenciaJardinBotanico,Escrito en 14 de diciembre de 2024,Sin puntuación,Manuel,Excepcional,"Fue corto para dormir q veníamos de viaje pero el apartamento estuvo muy muy bien
La próxima intentaremos repetir si podemos pero más largo",
ValenciaJardinBotanico,Escrito en 25 de noviembre de 2024,Sin puntuación,Mar,“Súper recomendable”,Súper limpio y todo nuevo. Perfecto!,"Nada, todo perfecto!"
ValenciaJardinBotanico,Escrito en 13 de noviembre de 2024,Sin puntuación,Belén,“Perfecta!”,Todo,Todo estaba bien
ValenciaJardinBotanico,Escrito en 12 de noviembre de 2024,Sin puntuación,Aitana,Excepcional,Muy limpio y acogedor,
ValenciaJardinBotanico,Escrito en 8 de noviembre de 2024,Sin puntuación,Antonio,“Un buen descubrimiento.”,"Me encantó.  Totalmente renovado, limpio,  cómodo y sobre todo,  la modalidad del todo contactless. Independencia, autonomía y privacidad.",
ValenciaJardinBotanico,Escrito en 15 de julio de 2025,Sin puntuación,Maria,Fantástico,,
ValenciaJardinBotanico,Escrito en 27 de junio de 2025,Sin puntuación,Antonio,Muy bien,,
ValenciaJardinBotanico,Escrito en 12 de junio de 2025,Sin puntuación,Rubén,Fantástico,,
ValenciaJardinBotanico,Escrito en 2 de junio de 2025,Sin puntuación,Beatriz,Muy bien,,
ValenciaJardinBotanico,Escrito en 31 de mayo de 2025,Sin puntuación,Almudena,Muy bien,,
ValenciaJardinBotanico,Escrito en 9 de mayo de 2025,Sin puntuación,Álvaro,Fantástico,,
ValenciaJardinBotanico,Escrito en 29 de abril de 2025,Sin puntuación,Maria,Fantástico,,
ValenciaJardinBotanico,Escrito en 27 de abril de 2025,Sin puntuación,Carlos,Muy bien,,
ValenciaJardinBotanico,Escrito en 31 de marzo de 2025,Sin puntuación,Susana,Fantástico,,
ValenciaJardinBotanico,Escrito en 30 de marzo de 2025,Sin puntuación,Claudio,Fantástico,,
ValenciaJardinBotanico,Escrito en 21 de marzo de 2025,Sin puntuación,Elisabeth,Fantástico,,
ValenciaJardinBotanico,Escrito en 21 de marzo de 2025,Sin puntuación,Daniel,Fantástico,,
ValenciaJardinBotanico,Escrito en 9 de marzo de 2025,Sin puntuación,Mercedes,“Alojamiento cómodo y bien ubicado”,,
ValenciaJardinBotanico,Escrito en 26 de febrero de 2025,Sin puntuación,Isidoro,Muy bien,,
ValenciaJardinBotanico,Escrito en 26 de febrero de 2025,Sin puntuación,Alejandro,Fantástico,,
ValenciaJardinBotanico,Escrito en 24 de febrero de 2025,Sin puntuación,Xavier,Muy bien,,
ValenciaJardinBotanico,Escrito en 15 de febrero de 2025,Sin puntuación,A,“muy buena”,,
ValenciaJardinBotanico,Escrito en 29 de enero de 2025,Sin puntuación,Cristina,Muy bien,,
ValenciaJardinBotanico,Escrito en 26 de enero de 2025,Sin puntuación,Pablo,Fantástico,,
ValenciaJardinBotanico,Escrito en 22 de enero de 2025,Sin puntuación,Cesar,Fantástico,,
ValenciaJardinBotanico,Escrito en 10 de enero de 2025,Sin puntuación,Guillermo,Fantástico,,
ValenciaJardinBotanico,Escrito en 10 de enero de 2025,Sin puntuación,Hugo,Muy bien,,
ValenciaJardinBotanico,Escrito en 2 de enero de 2025,Sin puntuación,Daniel,Bien,,
ValenciaJardinBotanico,Escrito en 19 de diciembre de 2024,Sin puntuación,Noemi,Fantástico,,
ValenciaJardinBotanico,Escrito en 16 de diciembre de 2024,Sin puntuación,Ricardo,Fantástico,,
ValenciaJardinBotanico,Escrito en 14 de febrero de 2025,Sin puntuación,Faisal,Muy mal,,
ValenciaJardinBotanico,Escrito en 6 de febrero de 2025,Sin puntuación,Luis,Excepcional,,
ValenciaJardinBotanico,Escrito en 6 de febrero de 2025,Sin puntuación,Mariana,Excepcional,,
ValenciaJardinBotanico,Escrito en 29 de enero de 2025,Sin puntuación,Ana,Excepcional,,
ValenciaJardinBotanico,Escrito en 28 de enero de 2025,Sin puntuación,Mina,Excepcional,,
ValenciaJardinBotanico,Escrito en 23 de enero de 2025,Sin puntuación,Parente,Excepcional,,
ValenciaJardinBotanico,Escrito en 18 de enero de 2025,Sin puntuación,Gabriel,Excepcional,,
ValenciaJardinBotanico,Escrito en 9 de diciembre de 2024,Sin puntuación,Enrique,Excepcional,,
ValenciaJardinBotanico,Escrito en 2 de diciembre de 2024,Sin puntuación,Carlos,Excepcional,,
ValenciaJardinBotanico,Escrito en 10 de octubre de 2024,Sin puntuación,Pardines,Excepcional,,
ValenciaJardinBotanico,Escrito en 29 de septiembre de 2024,Sin puntuación,Adrian,Excepcional,,
ValenciaJardinBotanico,Escrito en 21 de septiembre de 2024,Sin puntuación,Sergio,Excepcional,,
ValenciaJardinBotanico,Escrito en 24 de agosto de 2024,Sin puntuación,Iara,Excepcional,,
ValenciaJardinBotanico,Escrito en 21 de agosto de 2024,Sin puntuación,Vidal,Aceptable,,
ValenciaJardinBotanico,Escrito en 18 de agosto de 2024,Sin puntuación,Sonia,Excepcional,,
ValenciaJardinBotanico,Escrito en 21 de mayo de 2024,Sin puntuación,Isabel,Excepcional,,
ValenciaJardinBotanico,Escrito en 4 de marzo de 2024,Sin puntuación,Romeo,Decepcionante,,
ValenciaJardinBotanico,Escrito en 8 de febrero de 2024,Sin puntuación,Marga,Excepcional,,
ValenciaJardinBotanico,Escrito en 24 de septiembre de 2023,Sin puntuación,Carlos,Agradable,,
ValenciaJardinBotanico,Escrito en 4 de septiembre de 2023,Sin puntuación,Rosa,Excepcional,,
ValenciaJardinBotanico,Escrito en 18 de agosto de 2023,Sin puntuación,Iolanda,Excepcional,,
ValenciaJardinBotanico,Escrito en 13 de agosto de 2023,Sin puntuación,Marvin,Excepcional,,
ValenciaJardinBotanico,Escrito en 29 de julio de 2023,Sin puntuación,Custodio,Excepcional,,
ValenciaJardinBotanico,Escrito en 14 de junio de 2023,Sin puntuación,José,Muy mal,,
ValenciaJardinBotanico,Escrito en 4 de junio de 2023,Sin puntuación,Ana,Excepcional,,
MadridPalacioReal,Escrito en 29 de diciembre de 2025,Sin puntuación,Julia,Fantástico,,El sofa cama no lo mas cómodo. y la puerta del baño ofrece muy poca intimidad
MadridPalacioReal,Escrito en 28 de diciembre de 2025,Sin puntuación,Inmaculada,“Cómodo y muy buena ubicación en el centro”,La ubicación y la decoración,"Había ruido en la calle, aunque era soportable."
MadridPalacioReal,Escrito en 14 de diciembre de 2025,Sin puntuación,Diaz,Muy bien,La situación y la comodidad del apartamento,"Una consigna casi minuscula, que hace casi imposible dejar el equipaje, en una ciudad como Madrid eso es casi vital.
La colocacion del desayuno durante el fin de semana se retraso casi 30 minutos... obligandonos a cambiar el itinerario de algunas actividades."
MadridPalacioReal,Escrito en 9 de diciembre de 2025,Sin puntuación,Naiara,“Puente de navidad en familia”,"La ubicacion lo mejor y el acceso a lugares para visitar pudiendo hacerlo a pie o en metro,cerca hay muchas estaciones","Lo unico que destacaria fue que al ser un espacio tan diafano,sin separaciòn ninguna si alguno se despierta por la noche y enciende una luz iluminas toda la estancia,nosotros viajamos con nuestras hijas que dormian abajo,pero daba igual la luz del baño de arriba o las mesillas daban luz a todo el apartamento y para nosotros ha resultado un poco molesto junto con el ruido de la calle por la noche,que aun estando en 2 planta se oia mucho,aun asi estuvimos bien,el apartamento muy limpio y espacioso,todo hay que decirlo h la chica que atendia el buffet del desayuno un 10"
MadridPalacioReal,Escrito en 8 de diciembre de 2025,Sin puntuación,Marcos,"“Buena ubicación , precio alto .”",La ubicación,Precio elevado
MadridPalacioReal,Escrito en 24 de noviembre de 2025,Sin puntuación,Marcos,Fantástico,Ubicación,
MadridPalacioReal,Escrito en 31 de octubre de 2025,Sin puntuación,Ml,“Excelente estadía”,"La ubicación es excelente. El desayuno es muy completo. Destaco el trato del personal especialmente de quien estuvo a cargo de los desayunos. Su trato ha sido impecable, muy cordial y siempre atenta.","Lamentablemente me ha tocado trabajar los 3 días y solo diría que al ser un dúplex y tener los techos altos en el salón, me ha parecido que faltaba un poco de luz para poder trabajar."
MadridPalacioReal,Escrito en 23 de octubre de 2025,Sin puntuación,Javier,“Excelente volveré”,Excelente y céntrico,El ruido del portón principal
MadridPalacioReal,Escrito en 22 de octubre de 2025,Sin puntuación,Hugo,"“Limpio, amplio, buena ubicación.”","Alojamiento limpio y amplio, con cafetera (se agradece).","Todo bien. Solo diría que no pude usar la app para abrir la puerta del departamento con el teléfono (solo me funcionó para la puerta principal del edificio a la calle), pero el resto todo muy bien."
MadridPalacioReal,Escrito en 6 de octubre de 2025,Sin puntuación,Samuel,“Perfecta ubicación”,La localización y amplitud del apartamento,"Los aires acondicionados se encendían automáticamente por las tardes,a 16 grados frío,y cd llegábamos por las noches el apartamento estaba helado.
Está muy cerca de discotecas con lo que es una zona muy ruidosa,el propio apartamento como conoce ese problema te regala unos tapones para el ruido."
MadridPalacioReal,Escrito en 21 de septiembre de 2025,Sin puntuación,Javier,“Fantástico en el centro de Madrid”,Localización.,Sofá cama un poco incómodo
MadridPalacioReal,Escrito en 17 de septiembre de 2025,Sin puntuación,Javier,“Excelente ubicación”,La ubicación en el centro de madrid,La puerta principal muy ruidosa para las habitaciones cercanas
MadridPalacioReal,Escrito en 8 de septiembre de 2025,Sin puntuación,Ablgm,Bien,"Ubicación
Limpieza
Amplitud 
Atención personal desayuno","Al ser un edificio de apartamentos no hay persona (excepto en desayunos),  con lo que si tienes una necesidad, la atención es por WhatsApp y en nuestro caso no se llegó a atender.
Escalera del ""dúplex"" no aptas para personas mayores. No fue nuestro caso, pero algo peligrosas."
MadridPalacioReal,Escrito en 30 de agosto de 2025,Sin puntuación,Jerónimo,“Muy bien.”,"Muy bien ubicado, cómodo y limpio.","Le falta más ventilación, luz y la televisión no tenía Netflix."
MadridPalacioReal,Escrito en 22 de agosto de 2025,Sin puntuación,Magabmdq,Muy bien,Muy buena ubicación a un paso de Gran Via. Lugares para comer variado en la zona. Lo mismo todo cerca si vas de compras. Y también mercados si querés ahorrar y no comer siempre afuera.,El duplex que nos tocó era lindo y luminoso decorado con gusto pero un poco chico para 4 personas.  Además el sillón cama no es muy cómodo.
MadridPalacioReal,Escrito en 20 de agosto de 2025,Sin puntuación,Isabel,“Perfecta”,Ubicación perfecta,"La cocina muy pequeñita, la usamos poco pero no había sitio de encimera, aun así recomiendo el alojamiento sin duda alguna"
MadridPalacioReal,Escrito en 19 de julio de 2025,Sin puntuación,Vanessa,Fantástico,Apartamento bonito y muy buena ubicación,Algo elevado el precio para la fecha
MadridPalacioReal,Escrito en 10 de julio de 2025,Sin puntuación,Mercedes,Muy bien,La habitación,"Poco personal, solo en desayuno. La chica muy maja"
MadridPalacioReal,Escrito en 7 de julio de 2025,Sin puntuación,Liliana,Fantástico,"Las instalaciones impecables, la ubicación excelente. Nos robaron los pasaportes en el metro y la gente del alojamiento fue muy amable y solidaria.
Lo recomiendo",Nada
MadridPalacioReal,Escrito en 30 de junio de 2025,Sin puntuación,Daniel,Muy bien,"Tanto la Ubicación muy cerca de todo.,El desayuno completo muy bueno. La habitación amplia y completa",
MadridPalacioReal,Escrito en 25 de junio de 2025,Sin puntuación,Juan,“Excelente ubicación”,La ubicación,La hora de entrada es un poco tarde
MadridPalacioReal,Escrito en 6 de junio de 2025,Sin puntuación,Eduardo,“Libere debe tener un conversor de divisas”,La ubicación.  Las comodidades.,Que carecieran de un conversor de divisas. Tuve que recurrir a una persona amiga para pagar 15 euros  por un late check out. No existía para la persona que me atendió por teléfono absolutamente ninguna otra manera de abonar ese importe. Mis tarjetas argentinas están monetizadas al dolar. Libere rechazaba el pago. De alli que recurri a  un amigo para abonar ese gasto menor vía tarjeta. El  resto del personal excelente.
MadridPalacioReal,Escrito en 5 de junio de 2025,Sin puntuación,Danielsen,Fantástico,La habitación era espaciosa con buenos armarios. Muy buena ubicación.,
MadridPalacioReal,Escrito en 4 de junio de 2025,Sin puntuación,Soledad,"“Hermoso depto , ruidoso pero bien ubicado”","Excelente ubicación nos constó encontrarlo pero muy céntrico a 200 mts de la estación de metro callao , gran via , llegamo a pie a todos lados","Mucho ruido afuera , no pudimos descansar bien y eso que me quedé un lunes , pero si están muy cansados casi no es problema , pero si si mucho ruido afuera"
MadridPalacioReal,Escrito en 28 de mayo de 2023,Sin puntuación,Cristina,“Buena estancia de 5 días en Madrid.”,Me gustó la ubicación y la tranquilidad. La cama era cómoda. Limpio y tenía menaje para pasar unos días. Bien decorado.,"Entraba agua por las ventanas cuando llovía. 
Al levantarte de la cama hay que tener cuidado para no golpearte la cabeza ya que tiene el techo abuardillado."
MadridPalacioReal,Escrito en 27 de mayo de 2023,Sin puntuación,Pablo,Bien,La ubicación,"El colchon del sofa cama,se te clavavan los hierros,demasiado fino o usado,urge lo cambien"
MadridPalacioReal,Escrito en 26 de mayo de 2023,Sin puntuación,Ramirez,“Habitación incomoda”,Lo céntrico,"Habitación con pendiente fuerte del techo,  lo que NO permite desplazarse libremente en la habitación"
MadridPalacioReal,Escrito en 25 de mayo de 2023,Sin puntuación,Federico,“Pequeño apartamento en el centro de Madrid.”,Bien ubicado si lo que se quiere es llegar a zonas del centro a pie. Cocina completa puedes comer si eso quieres en tu habitación.,Cerca de la propiedad hay muchos bares y por la noche puede resultar un poco ruidoso si la prioridad es descansar.
MadridPalacioReal,Escrito en 16 de mayo de 2023,Sin puntuación,Leonardobv,“Excelente ubicación en Madrid”,"Es un estudio muy cómodo, la ubicación es sensacional y el restaurante que está a la vuelta es mexicano y es delicioso.",Que no hay un bote de basura en la sala de estar.
MadridPalacioReal,Escrito en 9 de mayo de 2023,Sin puntuación,Rebecca,"“Mi estadía fue excelente, solo los riidos en la noche fueron molestos.”","La habitación hermosa, muy limpia, con todas las comodidades. la ubicación inmejorable.","Muchísimo ruido de noche, nos despertamos varias veces ya que hay una discoteca en frente. 
Incluiría plancha."
MadridPalacioReal,Escrito en 7 de mayo de 2023,Sin puntuación,Ana,“Buena ubicación y muy cómodo”,Muy buena ubicación y todo muy cómodo. La cama era genial.,"En el baño a veces se filtraban olores al abrir los grifos y la ducha tenía muy muy poca presión.
Quizá coincidió, pero al ser la habitación en el último piso y ser un ático el techo de la habitación se hacía incómodo (muy bajo) para poder pasar al otro lado de la cama."
MadridPalacioReal,Escrito en 7 de mayo de 2023,Sin puntuación,Guillermo,“Buen lugar para hospedarse”,"muy agradable el lugar, todo es atraves de la app de ellos.",el cobro por dejar el equipaje
MadridPalacioReal,Escrito en 3 de mayo de 2023,Sin puntuación,Gabriela,“Un piso correcto en Madrid centro con detalles de confort para mejorar”,El diseño de la habitación y la ubicacion,"Que cobren por dejar el equipaje , que me hagan esperar para entregarlo. Que no haya baño en la recepción. Que no haya té o café de cortesía para poder usar los electrodomésticos. En el baño un único jabón líquido muy incómodo a la hora de ducharse"
MadridPalacioReal,Escrito en 24 de abril de 2023,Sin puntuación,Marcelo,“INTERESANTE”,"Excelente ubicación, lindo barrio. Duplex bien  equipado, es interesante como para conocer Madrid en pocos días. Muy cerca del centro, de la Gran Vía y de todo lo que eso significa.","La cocina estaba bien equipada, pero algunos utensilios y loza muy sucios. Les hace falta tener mas cuidados en los detalles, un poco ruidoso por las noches y la mañana, se produce tráfico temprano."
MadridPalacioReal,Escrito en 23 de abril de 2023,Sin puntuación,Emiliano,Muy bien,La ubicación y la comodidad de la habitación,Nos quedamos una semana y no hubo cambio de toallas
MadridPalacioReal,Escrito en 17 de abril de 2023,Sin puntuación,Oscar,“Perfecta ubicación en el centro”,Ubicación.,"El concepto de no tener personal de cara al público… demasiado frío, aún cuando hay un sistema de atención online que, por suerte, no llegamos a necesitar mas allá del registro. 
Se le nota algo batallero."
MadridPalacioReal,Escrito en 4 de abril de 2023,Sin puntuación,Patricia,Muy bien,,Ruido en la habitación de fuera
MadridPalacioReal,Escrito en 3 de abril de 2023,Sin puntuación,Gonzalo,Bien,,El desayuno un desastre. Regalado es caro.
MadridPalacioReal,Escrito en 29 de marzo de 2023,Sin puntuación,Cinthia,Fantástico,,"la puerta del baño tiene deja una hendija abierta Fe por los menos 1 cm, lo que da una intimidad nula. No es demasiado cómodo para 3 adultos"
MadridPalacioReal,Escrito en 26 de marzo de 2023,Sin puntuación,Joanna,Bien,El sistema automatizado me pareció excelente. Me parece super práctico que por pagar el suplemento de mascota coloquen en la habitación platitos y una camita.,"No me gusto la distribución de la habitación, la mesa para trabajar era grande pero el espacio muy pequeño, en en resumen nada cómoda para 2 personas."
MadridPalacioReal,Escrito en 23 de marzo de 2023,Sin puntuación,Javi,“corto pero intenso”,"ubicación, la limpieza, la amplitud, dos baños ventanales luz que entraba muchas toallas secador nevera vitro",el colchón del sofá cama y las almohadas de la cama de arriba
MadridPalacioReal,Escrito en 19 de marzo de 2023,Sin puntuación,Esteban,Fantástico,"Comodidad, colchón y almohadas perfectas",Las campanas matinales
MadridPalacioReal,Escrito en 12 de marzo de 2023,Sin puntuación,Saray,“Ubicación grandiosa”,"Estaba muy bien ubicado, a pocos minutos de la estación de metro callao y sol.","El baño no era cómodo, habian piezas del porcelanato rotas en el plato de la ducha. Los platos no estaban bien lavados."
MadridPalacioReal,Escrito en 6 de marzo de 2023,Sin puntuación,Wix,“Genial”,"Esta genial, muy comodo, practico, minimalista, limpio… En cuanto al apartamento todo genial!","La comunicación con el personal es un poco complicada, no hay nadie físicamente para atenderte y el timbre llama como a una centralita, en mas de una ocasion se me corto la llamada y vuelta a empezar a contarlo todo de 0… Pero el personal es muy amable."
MadridPalacioReal,Escrito en 25 de febrero de 2023,Sin puntuación,Itziar,Bien,"Ubicación excelente. El apartamento ubicado en la última planta. Muy tranquilo y cómodo. Como era abuardillado, la zona común un poco oscura, pero agradable y la habitación muy confortable.","No es económico, pero la ubicación es muy buena y el apartamento cómodo"
MadridPalacioReal,Escrito en 19 de febrero de 2023,Sin puntuación,Gonzalo,Muy bien,,el ruido de noche era muy intenso
MadridPalacioReal,Escrito en 5 de febrero de 2023,Sin puntuación,Juan,“mas o menos”,localização,escalones para llegar a elevador
MadridPalacioReal,Escrito en 24 de enero de 2023,Sin puntuación,María,“Bien ubicado a la par de ruidoso.”,"Ubicación ideal, habitación amplia y camas cómodas.","MUY ruidoso, se escucha durante toda la madrugada el trasiego de personas y coches en la calle, una pena."
MadridPalacioReal,Escrito en 25 de diciembre de 2025,Sin puntuación,Juan,“Madrid Navidad 2025”,Ubicación e instalaciones,Nada
MadridPalacioReal,Escrito en 17 de mayo de 2024,Sin puntuación,Montse,Aceptable,Ubicación,Se escuchaba mucho ruido de coches y gente de los bares
MadridPalacioReal,Escrito en 1 de mayo de 2024,Sin puntuación,Jaime,Aceptable,Amplitud habitación y ubicación,"La puerta no encajaba bien.
La factura tardaron en enviarla 2 semanas
Ducha muy pequeña"
MadridPalacioReal,Escrito en 24 de abril de 2024,Sin puntuación,Salvador,“Excelente”,Un poco ruidosa,El ruido de la calle
MadridPalacioReal,Escrito en 18 de abril de 2024,Sin puntuación,Mariajose,Aceptable,La ubicación genial,"Muy ruidoso,camas incomodas"
MadridPalacioReal,Escrito en 28 de marzo de 2024,Sin puntuación,Ignacio,Excepcional,El espacio y la habitación y el detalle al llegar y el kit de limpieza en la cocina,Había un papel de chocolatina en el suelo
MadridPalacioReal,Escrito en 19 de marzo de 2024,Sin puntuación,Amaia,“Buena ubicación.”,"Nos tocó ell último piso, el apartamento bien. La única pega el cuarto de baño, no tenía ventilación y olía a tuberías.",El olor del cuarto de baño.
MadridPalacioReal,Escrito en 9 de marzo de 2024,Sin puntuación,Cristina,Excepcional,Nos encantó el espacio abierto que tenía el apartamento. Estaba todo muy limpio. Dejaron detallitos para nosotros y nuestra perrita.,El colchón del sofá cama era mejorable. Por la noche se escucha el ruido de la gente que sale del pub de abajo y se quedan en la calle.
MadridPalacioReal,Escrito en 19 de febrero de 2024,Sin puntuación,Marta,“Sin más”,Localización,"Mucho ruido de la calle, las ventanas no cierran bien, pasa el frío y se escuchan las conversaciones . hace frío la. Calefacción es por split nunca llega a calentarse ."
MadridPalacioReal,Escrito en 15 de febrero de 2024,Sin puntuación,Anna,“Nos encantó <3”,"Mucho, nos encanto. Posición súper ideal, muy acogedor.","El baño, creo que para lo bonita que es la habitación el baño habría que valorarlo de alguna manera"
MadridPalacioReal,Escrito en 24 de enero de 2024,Sin puntuación,Isabel,Aceptable,Ubicacion,Poca limpieza. Ruido fuerte
MadridPalacioReal,Escrito en 22 de enero de 2024,Sin puntuación,Glenda,“Confortable”,"La habitación con todo lo necesario y limpio. Además con una mini terraza, muy agradable",
MadridPalacioReal,Escrito en 12 de enero de 2024,Sin puntuación,Enrique,"“Toda la habitación en si es fabulosa, x la ubicación y el precio, lo único q falta es tender las camas todos los días”","Limpiar las habitaciones diario, y cambiar las toallas diario",
MadridPalacioReal,Escrito en 3 de enero de 2024,Sin puntuación,Jfr2011,“Desgacia Total de Alojamiento en Booking”,"La ubicación, la idea de self check in","Por lo bonito q parece, Evita este alojamiento para ahorrarte tu dinero y estres. Primero, han publicado fotos que no era el que hemos reservado, y al avisarles q hemos reservado un suite con la mejor distribucion (que costaba mas), han cambiado las fotos publicados con la explicacion de las fotos no suelen reflejar los suites exactamente. Encima, nos dijo que el que estuvimos era ya un upgrade, mejor que la original..y claramente no era ni lo que eligio basado en las fotos.
Pues si era el suite mejor pq tenia el televisor roto? Al avisar tampoco lo arreglaron. Ademas, la calefacción no funciona, paredes finos, luces antiguos, mantas/almohadas sucias, decoración de calidad básica como de un estudiante..
Comunicación del personal es escaso e impersonal- por teléfono era una mujer muy borde y un hombre inutil. Mejor comunicar con los agente online, pero como dicho antes, Dan escusas y no hacen un seguimiento de las problemas del suite que he comunicado.
He alquilando varias veces los SMART checkins y funciona muy bien, pero en este caso parece una excusa para ser vago en el tratamiento de los huespedes.
Casi 700€ para 4 noches (ya descontado por ser Genius 3 en Booking), he podido haber gastado en un sitio mejor para asegurar que la visita de mis padres sea al minimo funcional..."
MadridPalacioReal,Escrito en 25 de diciembre de 2023,Sin puntuación,David,“Pocas espectativas cumplidas. Muy caro para lo que pueden ofrecer.”,LIMPIEZA,"CAMAS, INCOMODAS Y PEQUEÑAS"
MadridPalacioReal,Escrito en 5 de diciembre de 2023,Sin puntuación,Guillermo,“Funcional”,"El alojamiento es exactamente lo que publicita en todos los aspectos. Céntrico, funcional y con atención por parte del personal tanto telefónico como presencial verdaderamente exquisita.","No tengo quejas del establecimiento. Como en cualquier alojamiento, depende del azar que coincidas con clientes poco educados y ruidosos."
MadridPalacioReal,Escrito en 30 de noviembre de 2023,Sin puntuación,Miguel,“Muy conveniente para estar cerca de todo lo turistico de Madrid.”,The location and the privacy,Es muy impersonal. No dan ningún amenities como complemento a sus huespedes.
MadridPalacioReal,Escrito en 16 de noviembre de 2023,Sin puntuación,Luis,Excepcional,"Muy cómodo, buena relación calidad precio",
MadridPalacioReal,Escrito en 9 de noviembre de 2023,Sin puntuación,Luis,“Adorable departamento si toleras el ruido exterior”,"La ubicación definitivamente es muy buena en cuanto a los restaurantes, puntos de interés y compras. Todo a minutos caminando.","Ruido durante toda la noche, nula insonorización de las ventanas que dan a la calle hace que dormir sea imposible, escuchas todas las platicas de las personas que circundan la plaza colindante. Es una lástima porque el departamento esta muy bien equipado, pero con niños pequeños es complicado lograr que duerman bien."
MadridPalacioReal,Escrito en 19 de octubre de 2023,Sin puntuación,Mª,Excepcional,"La luz, la limpieza, la distribución, la atención...","Lo que menos el precio, sobre todo si usas muy escasamente el servicio de cocina."
MadridPalacioReal,Escrito en 14 de octubre de 2023,Sin puntuación,Hugo,“Muy recomendable”,Muy bonito muy cómodo volvería a repetir,
MadridPalacioReal,Escrito en 3 de octubre de 2023,Sin puntuación,Ana,Excepcional,Excelente ubicación. Apartamento muy cómodo y confortable. El acceso muy fácil con las instrucciones indicadas. Repetiremos,
MadridPalacioReal,Escrito en 1 de octubre de 2023,Sin puntuación,Noemi,“Buena opción apartamento madrid”,Era muy amplio y estaba muy céntrico,Tienes que esperar hasta la hora exacta debido a que no suele haber nadie al ser automatico
MadridPalacioReal,Escrito en 30 de septiembre de 2023,Sin puntuación,Maria,Excepcional,La ubicación es extraordinaria y el personal de lo más amable,No nos agradó que la limpieza se hiciera cada semana. Aunque sean departamentos es necesario que la limpieza se haga de manera regular y más que estuvimos 12 dias
MadridPalacioReal,Escrito en 24 de septiembre de 2023,Sin puntuación,Rodrigo,“no recomendable”,La habitación no estaba mal,"Lo peor el desayuno, horrible las instalaciones para el desayuno, el cuál fue muy pobre. Nada de personal para asistir a los pasajeros, no lo recomendaría a nadie."
MadridPalacioReal,Escrito en 21 de septiembre de 2023,Sin puntuación,Arce,"“Volveremos, y obvio que recomendaremos!”","Todo impecable, super lindom y la ubicación inmejorable.","Lo único que puedo criticar es el colchón del sofá cama... para dos.adultos, es muy finito y por ello incómodo.  Todo lo demás, de 10"
MadridPalacioReal,Escrito en 14 de agosto de 2024,Sin puntuación,Ederson,Muy bien,,
MadridPalacioReal,Escrito en 1 de agosto de 2024,Sin puntuación,Cesar,Muy bien,,
MadridPalacioReal,Escrito en 30 de julio de 2024,Sin puntuación,Jose,Fantástico,,
MadridPalacioReal,Escrito en 24 de julio de 2024,Sin puntuación,Raquel,Muy bien,,
MadridPalacioReal,Escrito en 23 de julio de 2024,Sin puntuación,Alejandra,Muy bien,,
MadridPalacioReal,Escrito en 22 de julio de 2024,Sin puntuación,Pere,Muy bien,,
MadridPalacioReal,Escrito en 17 de julio de 2024,Sin puntuación,David,Muy bien,,
MadridPalacioReal,Escrito en 8 de julio de 2024,Sin puntuación,Rosa,Fantástico,,
MadridPalacioReal,Escrito en 8 de junio de 2024,Sin puntuación,Amunategui,Muy bien,,
MadridPalacioReal,Escrito en 7 de junio de 2024,Sin puntuación,Nerea,Muy bien,,
MadridPalacioReal,Escrito en 2 de junio de 2024,Sin puntuación,Alex,Fantástico,,
MadridPalacioReal,Escrito en 27 de mayo de 2024,Sin puntuación,Juan,Fantástico,,
MadridPalacioReal,Escrito en 20 de mayo de 2024,Sin puntuación,Noel,Bien,,
MadridPalacioReal,Escrito en 23 de abril de 2024,Sin puntuación,Leslie,Fantástico,,
MadridPalacioReal,Escrito en 14 de febrero de 2024,Sin puntuación,Emi,Fantástico,,
MadridPalacioReal,Escrito en 25 de enero de 2024,Sin puntuación,Johngarvaz,Fantástico,,
MadridPalacioReal,Escrito en 20 de enero de 2024,Sin puntuación,Ebs2120,Fantástico,,
MadridPalacioReal,Escrito en 18 de noviembre de 2023,Sin puntuación,Ejaviers,Muy bien,,
MadridPalacioReal,Escrito en 29 de octubre de 2023,Sin puntuación,Tomas,Fantástico,,
MadridPalacioReal,Escrito en 22 de octubre de 2023,Sin puntuación,Alejandro,Fantástico,,
MadridPalacioReal,Escrito en 15 de octubre de 2023,Sin puntuación,Silvia,Bien,,
MadridPalacioReal,Escrito en 27 de septiembre de 2023,Sin puntuación,Francisco,Muy bien,,
MadridPalacioReal,Escrito en 24 de septiembre de 2023,Sin puntuación,Daniel,Fantástico,,
MadridPalacioReal,Escrito en 23 de septiembre de 2023,Sin puntuación,Jorge,Fantástico,,
MadridPalacioReal,Escrito en 20 de septiembre de 2023,Sin puntuación,Eva,Muy bien,,
MadridPalacioReal,Escrito en 6 de agosto de 2023,Sin puntuación,Kimberly,Agradable,,
MadridPalacioReal,Escrito en 1 de agosto de 2023,Sin puntuación,Maria,Excepcional,,
MadridPalacioReal,Escrito en 17 de julio de 2023,Sin puntuación,Viveca,Excepcional,,
MadridPalacioReal,Escrito en 27 de junio de 2023,Sin puntuación,Marcelo,"“Bien ubicado, muy buen nivel de hospedaje, plaza bastante ruidosa y algo marginal al frente.”",,
MadridPalacioReal,Escrito en 20 de junio de 2023,Sin puntuación,Rosmery,Excepcional,,
MadridPalacioReal,Escrito en 19 de junio de 2023,Sin puntuación,Emilio,Agradable,,
MadridPalacioReal,Escrito en 13 de junio de 2023,Sin puntuación,María,Excepcional,,
MadridPalacioReal,Escrito en 6 de junio de 2023,Sin puntuación,Carlos,Excepcional,,
MadridPalacioReal,Escrito en 4 de junio de 2023,Sin puntuación,Juan,Excepcional,,
MadridPalacioReal,Escrito en 15 de mayo de 2023,Sin puntuación,Esteban,Excepcional,,
MadridPalacioReal,Escrito en 13 de mayo de 2023,Sin puntuación,Manuel,Aceptable,,
MadridPalacioReal,Escrito en 9 de mayo de 2023,Sin puntuación,Torres,Excepcional,,
MadridPalacioReal,Escrito en 13 de abril de 2023,Sin puntuación,Orlando,Excepcional,,
MadridPalacioReal,Escrito en 13 de abril de 2023,Sin puntuación,Olga,Agradable,,
MadridPalacioReal,Escrito en 3 de abril de 2023,Sin puntuación,Rodrigo,Agradable,,
MadridPalacioReal,Escrito en 7 de marzo de 2023,Sin puntuación,Juzape93,Decepcionante,,
MadridPalacioReal,Escrito en 14 de febrero de 2023,Sin puntuación,Rossy,Excepcional,,
MadridPalacioReal,Escrito en 13 de febrero de 2023,Sin puntuación,Juan,Excepcional,,
MadridPalacioReal,Escrito en 1 de febrero de 2023,Sin puntuación,Francesca,Excepcional,,
MadridPalacioReal,Escrito en 22 de enero de 2023,Sin puntuación,Alicia,Excepcional,,
MadridPalacioReal,Escrito en 18 de enero de 2023,Sin puntuación,Manuel,Excepcional,,
MadridPalacioReal,Escrito en 13 de enero de 2023,Sin puntuación,Diego,Excepcional,,
MadridPalacioReal,Escrito en 22 de agosto de 2025,Sin puntuación,Anónimo,Excepcional,,
MadridPalacioReal,Escrito en 8 de junio de 2025,Sin puntuación,Anónimo,Excepcional,,
MalagaTeatroRomano,Escrito en 1 de enero de 2026,Sin puntuación,Maria,Bien,"La situación del apartamento es excelente. Pedimos una planta alta y se nos dio. Las ventanas daban al campanario de la iglesia. Los techos altos del Aparcamiento era bonito. Pero sencillo, en cuanto al contenido.",El sofá nada cómodo y con un color de estar algo sucio.
MalagaTeatroRomano,Escrito en 23 de diciembre de 2025,Sin puntuación,Antonio,"“Muy recomendable, cerca de todo.”",La ubicación excepcional y lo nuevo que era.,La habitación daba a un patio sin vistas al exterior.
MalagaTeatroRomano,Escrito en 22 de diciembre de 2025,Sin puntuación,Rebeca,Muy bien,Ubicación,Mantenimiento
MalagaTeatroRomano,Escrito en 23 de noviembre de 2025,Sin puntuación,Ana,Fantástico,"La ubicación excelente..el apartamento todo genial, muy limpio y camas comodas incluido el sofá cama(hemos dormido dos adultos sin problema). La atención por  telefóno tambien excelente y muy agradable y atentos.",El no tener taquillas
MalagaTeatroRomano,Escrito en 31 de agosto de 2025,Sin puntuación,Idoia,“Para repetir sin duda”,"La ubicación excelente pero a pesar de estar en pleno centro es tranquilo y genial para descansar . Las vistas desde la cama espectaculares . Mucha luz , amplio y bonita decoración.",Me gustó mucho pero por sacar una pega me hubiese gustado tener una cafetera Nespresso
MalagaTeatroRomano,Escrito en 31 de mayo de 2025,Sin puntuación,Evaristo,“Mala experiencia”,Situación. Limpieza.,"Toda la burocracia informática. Insufrible la entrada. Y me han cargado dos veces el costo. 2X 148,72. Espero que me devuelvan una, aunque no confío nada en su diligencia en devolver. Si en cobrar."
MalagaTeatroRomano,Escrito en 4 de mayo de 2025,Sin puntuación,Susana,Muy bien,La ubicación era genial!,El sofá era muy incómodo
MalagaTeatroRomano,Escrito en 2 de mayo de 2025,Sin puntuación,Miguel,"“En pleno centro, muy espacioso”","Muy bien ubicado, a pesar de estar en pleno centro no se oía ruido de la calle, era muy espacioso y cuidado el diseño","En la zona del dormitorio había un ruido continuo de maquinaria, algo molesto para dormir."
MalagaTeatroRomano,Escrito en 16 de marzo de 2025,Sin puntuación,Javier,“un lugar muy bien equipado”,"muy buena ubicación todo perfecto, volveré pronto",
MalagaTeatroRomano,Escrito en 26 de diciembre de 2024,Sin puntuación,Aleksey,Bien,Las vistas desde el apartamento,"La puerta del baño no se cierra del todo, si viajas con amigos es un poco incomodo ya que se te ve por una raja y no puedes sentrate tranquilo sin saber que nadie te mirará o que no se escuche un pedo :D"
MalagaTeatroRomano,Escrito en 22 de diciembre de 2024,Sin puntuación,Vicente,Bien,"Ubicación, limpieza, salón con sofá. Inmejorable",único pero cama ruidosa y gastada
MalagaTeatroRomano,Escrito en 26 de noviembre de 2024,Sin puntuación,María,“viaje de desconexión”,ubicación comodidad,horario de entrada tarde te parte el día y la comida
MalagaTeatroRomano,Escrito en 27 de octubre de 2024,Sin puntuación,Cristina,Muy bien,"la ubicación y la decoración del apartamento,cama comoda! te dejan una cajita de bienvenida con agua,unas patatas y unos tapones,un detalle.",por las mañanas hay ruido desde temprano.
MalagaTeatroRomano,Escrito en 28 de julio de 2024,Sin puntuación,Belén,“Bastante bien pero necesita aislar un poco el ruido”,"Ubicación excelente y muy bonito , con regalo de bienvenida y muy atentos con los animales tenía cama y comederos",Se escuchaba todo lo de fuera
MalagaTeatroRomano,Escrito en 21 de junio de 2024,Sin puntuación,Paloma,Bien,La ubicación,El desayuno. Excesivamente caro para lo que es ...
MalagaTeatroRomano,Escrito en 31 de mayo de 2024,Sin puntuación,Manuel,Fantástico,Excelente ubicación. El diseño .,
MalagaTeatroRomano,Escrito en 14 de abril de 2024,Sin puntuación,Maria,Bien,La Ubicación.Es muy bonito,"La iluminación escasa, pocos productos de baño, sofá incómodo."
MalagaTeatroRomano,Escrito en 19 de marzo de 2024,Sin puntuación,Fidel,“Bien”,La ubicación,"No hay nadie para recibir a los huéspedes, ningún teléfono de contacto, necesito mi factura y no hay un lugar donde reclamarla porque no hay comunicación con los clientes"
MalagaTeatroRomano,Escrito en 8 de febrero de 2024,Sin puntuación,José,“Alojamiento funcional y cómodo en ubicación inmejorable”,Emplazamiento y amplitud espacio y tamaño de cama,Falta de mobiliario y ruido poco aislamiento acústico entre habitaciones
MalagaTeatroRomano,Escrito en 26 de enero de 2024,Sin puntuación,Pilar,“Una estancia muy agradable con una estupenda ubicación. E”,"Me ha gustado mucho la estancia, muy agradable, estupenda ubicación y el apartamento precioso. El servicio de atención al público dia telefónica, estupendo.",Añadiría lamparitas de lectura a cada lado de la cama y tabla de planchar y plancha ;-) Por lo demás el apartamento es estupendo.
MalagaTeatroRomano,Escrito en 14 de enero de 2024,Sin puntuación,Hind,“Genial pero no son atentos a lo que uno pide”,Ubicación excelente. Limpio y cómodo.,Había pedido una cama doble y me dieron dos individuales
MalagaTeatroRomano,Escrito en 9 de enero de 2024,Sin puntuación,Francisco,“Genial”,Muy bien buena ubicación,La ducha
MalagaTeatroRomano,Escrito en 4 de enero de 2024,Sin puntuación,Jesús,“Bien y mal a la vez”,La ubicación,"La atención y la falta de personal físico , cuando llegamos al apartamento después de mucho tiempo intentando acceder por internet, la recepción fue de un perro ladrando justo en la puerta de al lado , si hubiese sabido que aceptaban mascotas no hubiese ido"
MalagaTeatroRomano,Escrito en 2 de enero de 2024,Sin puntuación,Carmen,“Ideal si quieres estar alojada por el centro de la ciudad”,La ubicación,Todo fue correcto
MalagaTeatroRomano,Escrito en 9 de agosto de 2023,Sin puntuación,Monica,“Sin agua caliente por alta ocupación”,"La localización, muy céntrico.",No dispusimos de agua caliente en toda la estancia (una noche) ni a la llegada ni para la salida. Llámanos para avisar para que nos pudieran dar una solución y podernos duchar. Nos dijeron que la alta ocupación del edificio imposibilitaba el abastecimiento de agua caliente para todos los apartamentos y que no había solución posible. Lo único que han hecho ha sido dar la explicación de la alta ocupación y hacerme una devolución del 33% del importe pagado por el alojamiento esa noche.
MalagaTeatroRomano,Escrito en 7 de agosto de 2023,Sin puntuación,Manuel,Aceptable,"Alojamiento muy céntrico, limpio y cómodo.","Utilicé el alojamiento después de llegar de trabajar. Solo quería una ducha y descansar, no tenía agua caliente, llamé al responsable y me dijo que estaba solucionado. Me duche con agua fría. Por la mañana volví a la ducha y seguía sin agua caliente. 
El alojamiento es perfecto, pero deben ser más eficientes en la resolución de averías."
MalagaTeatroRomano,Escrito en 6 de agosto de 2023,Sin puntuación,Jose,“Contrate una estancia para que no ocurriera lo pasado”,Limpieza y moderno,"Los baños con agua fría,toda la estancia con agua fría y con niños duchándose con agua fría"
MalagaTeatroRomano,Escrito en 29 de julio de 2023,Sin puntuación,Lola,“Correcto”,"Edificio bonito, muy céntrico, limpio y bien conservado","La televisión del apartamento no se corresponde con la que figura en las fotos, era una televisión pequeñita.
Una de las noches saltó la alarma y estuvo soñando ininterrumpidamente durante una hora."
MalagaTeatroRomano,Escrito en 22 de julio de 2023,Sin puntuación,Ana,“Bien”,"La ubicación excepcional. Centro de Málaga, cerca de todo tipo de comercios y restaurantes",Control de los huéspedes. Tuvimos una piara de guiris poniendo música y metiendo gritos en el rellano desde las 5 de la mañana hasta las 8.
MalagaTeatroRomano,Escrito en 19 de julio de 2023,Sin puntuación,Antonio,Excepcional,La ubicación,Un balcón o terraza
MalagaTeatroRomano,Escrito en 17 de julio de 2023,Sin puntuación,Pedro,Excepcional,Situación,Algo de ruido x la noche en la calle
MalagaTeatroRomano,Escrito en 16 de julio de 2023,Sin puntuación,Belen,"“Excelente, céntrico, moderno y limpio”",Ubicación perfecta en pleno centro de Málaga y todo muy nuevo con decoración bonita y además muy limpio. Nos encantó. Fácil check in con llave digital en tu móvil.,
MalagaTeatroRomano,Escrito en 14 de julio de 2023,Sin puntuación,Maria,Excepcional,Situación y limpieza,Me gustó todo
MalagaTeatroRomano,Escrito en 9 de mayo de 2023,Sin puntuación,Monica,Agradable,la ubicación es buena ya que está en centro turistico de Málaga.,"sobre todo las ventanas de los miradores,  dos de ellas no cerraban bien y se oia todo el ruido   sobre todo el nocturno por estar en centro de ocio de bares y restaurantes (muy dificil dormir ) tampoco tenia contraventanas un mirador por lo que entraba   la luz. Lo demás está bien salvo el armario muy pequeño y solo con barra ,"
MalagaTeatroRomano,Escrito en 22 de abril de 2023,Sin puntuación,Natalia,“genial”,Todo,
MalagaTeatroRomano,Escrito en 9 de abril de 2023,Sin puntuación,Julio,Excepcional,La amabilidad del personal,Nada
MalagaTeatroRomano,Escrito en 3 de abril de 2023,Sin puntuación,Eva,“Bien”,El desayuno fantástico,Sofá cama para los niños
MalagaTeatroRomano,Escrito en 27 de marzo de 2023,Sin puntuación,Tirado,Excepcional,la ubicación la limpieza,
MalagaTeatroRomano,Escrito en 18 de marzo de 2023,Sin puntuación,Jose,“decepción”,no. Nada que ver con fotos,Ruidoso. incómodo. Agobiante
MalagaTeatroRomano,Escrito en 8 de marzo de 2023,Sin puntuación,Javier,“El código es un fastidio”,"Esta muy bien ubicado y todo muy limpio,tiene muchas toallas extra y menaje","No dispone de portero automático, solo entras con código y si viene alguien tienes que bajar a abrirle o darle el código , un verdadero fastidio"
MalagaTeatroRomano,Escrito en 4 de marzo de 2023,Sin puntuación,Fabio,,,
MalagaTeatroRomano,Escrito en 26 de febrero de 2023,Sin puntuación,Maria,Aceptable,,"No hemos podido descansar por el ruido de la calle, íbamos con niños y era imposible   ya que el salón era un botellon hasta las 6 de la mañana. En la habitación se escuchaba bastante menos pero en el salón imposible."
MalagaTeatroRomano,Escrito en 2 de noviembre de 2025,Sin puntuación,Anónimo,Excepcional,,La ducha perdía agua y se mojó bastante el baño. Para estancia de una noche no fue un problema mayor
MalagaTeatroRomano,Escrito en 29 de julio de 2023,Sin puntuación,Anónimo,"“Ubicación inmejorable, en el centro en el punto más turístico. Limpieza e instalaciones perfectas .”","Las instalaciones, la limpieza y la ubicación perfecto.","No me ha gustado la recepción, era todo digital y cuando quería hacer consultas tenía que llamar ."
MalagaTeatroRomano,Escrito en 20 de diciembre de 2025,Sin puntuación,Begoña,Muy bien,,
MalagaTeatroRomano,Escrito en 10 de diciembre de 2025,Sin puntuación,Albert,Fantástico,,
MalagaTeatroRomano,Escrito en 2 de diciembre de 2025,Sin puntuación,Fernando,Fantástico,,
MalagaTeatroRomano,Escrito en 8 de noviembre de 2025,Sin puntuación,Virginia,Fantástico,,
MalagaTeatroRomano,Escrito en 19 de octubre de 2025,Sin puntuación,Angel,Fantástico,,
MalagaTeatroRomano,Escrito en 10 de abril de 2023,Sin puntuación,Rocío,Excepcional,,
MalagaTeatroRomano,Escrito en 5 de abril de 2023,Sin puntuación,Delfina,“Excelente!”,,
MalagaTeatroRomano,Escrito en 4 de abril de 2023,Sin puntuación,Noelia,Excepcional,,
MalagaTeatroRomano,Escrito en 5 de marzo de 2023,Sin puntuación,Sergio89sanchezherrera,Excepcional,,
MalagaTeatroRomano,Escrito en 23 de febrero de 2023,Sin puntuación,Ines,Excepcional,,
MalagaTeatroRomano,Escrito en 11 de febrero de 2023,Sin puntuación,Denisas,Excepcional,,
MalagaTeatroRomano,Escrito en 27 de agosto de 2025,Sin puntuación,Anónimo,Muy bien,,
GranadaCatedral,Escrito en 2 de enero de 2026,Sin puntuación,Nicolas,Excepcional,"La ubicacion es excelente , en el pleno centro de Granada","El apartamento de la ultima planta , le falta aislamiento en el techo"
GranadaCatedral,Escrito en 30 de diciembre de 2025,Sin puntuación,Molero,“Todo muy bien”,Localización y estancia,Nada
GranadaCatedral,Escrito en 25 de diciembre de 2025,Sin puntuación,Minda,“Estancia agradable y con todo lo necesario”,,La entrada con el coche  a la ciudad
GranadaCatedral,Escrito en 11 de diciembre de 2025,Sin puntuación,Daniel,"“Muy lindo el hospedaje, limpio y organizado. Excelente ubicación”","Cómodo, limpio, las vistas a plaza hermosas. Muy bien ubicado. Me gustó mucho.","El código no servía cuando llegué, pero me atendieron muy rápido por llamada y me ayudaron. El TV no es smart TV"
GranadaCatedral,Escrito en 9 de diciembre de 2025,Sin puntuación,Pac01969,“Muy buena. Excelente situación”,"Muy bien, la cafetería nos trato muy bien y la tostada eran grandes.",No hubo nada.
GranadaCatedral,Escrito en 30 de noviembre de 2025,Sin puntuación,Soledad,“Escapada maravillosa a Granada en pleno centro de la ciudad”,"Me encantó la ubicación, la limpieza y que dispone de todo lo necesario para la estancia. El sitio es precioso y justo debajo está la plaza Bibrambla, llena de bares , restaurantes, tiendas... a pesar de estar tan céntrico nada de ruido en El apartamento.  Todo genial.",No me gustó mucho que cuando abres el sofá cama no queda espacio para pasar. Es la única pega que Le pongo. Lo demás de lujo.
GranadaCatedral,Escrito en 15 de noviembre de 2025,Sin puntuación,Alessio,“Muy satisfecho”,Genial tanto el piso como la ubicación. Todo muy bien.,No había sartenes ni ollas para cocinar.
GranadaCatedral,Escrito en 25 de octubre de 2025,Sin puntuación,Montse,Fantástico,"La localización, la limpieza. Para dos personas es ideal.","Quizás eché de menos una persona con la que hablar físicamente, pero es verdad que al no surgir ningún contratiempo no fue necesario, quizás es solo que soy antigua."
GranadaCatedral,Escrito en 23 de octubre de 2025,Sin puntuación,M,“El apartamento muy bien”,El detalle de bienvenida y la limpieza,"El descargar una aplicación para poder hacerlo, meter los DNI y datos varias veces"
GranadaCatedral,Escrito en 22 de octubre de 2025,Sin puntuación,Maria,"“Buenisimo este apartamento, la ubicación fantástica”",Excelente,Algo ruidoso
GranadaCatedral,Escrito en 13 de octubre de 2025,Sin puntuación,Sergio,“volveria al mismmo lugar. El mejor departamento de este viaje”,"Muy bien ubicado, en el corazón de las peatonales, seguro y asi mismo silencioso. Pudimos hacer caminando casi todo",
GranadaCatedral,Escrito en 11 de octubre de 2025,Sin puntuación,Labella,Muy bien,"La ubicación, ñas dimensiones e instalaciones son excelentes","Al estar en pleno centro histórico de Granada, se escucha bastante el bullicio de la gente, esto dificulta el tiempo de descanzo"
GranadaCatedral,Escrito en 29 de septiembre de 2025,Sin puntuación,Elena,Excepcional,Es un apartamento precioso y súper limpio.,
GranadaCatedral,Escrito en 23 de septiembre de 2025,Sin puntuación,Nelson,"“In creíble, volvería a ir y súper recomendable”","La verdad que muy buena la ubicación , céntrica y accesible a todo los lugares turísticos de Granada. El piso muy moderno y con todo lo q  senecesita para estar unos días en Granada.","No tengo nada de negativo , al contrario , súper positivo en todo."
GranadaCatedral,Escrito en 20 de septiembre de 2025,Sin puntuación,Maria,“Excelente opción”,"Todo me gustó. La ubicación, el apartamento, la atencion",Todo me gustó
GranadaCatedral,Escrito en 14 de septiembre de 2025,Sin puntuación,Adrian,“Muy buena opción para parejas de finde.”,"La ubicación muy céntrica para poder moverte caminando a cualquier lado del centro y de servicios como restaurantes etc.Todo muy renovado y como de nueva construcción.Cocina con lo necesario para poder cocinar.Muy buena limpieza.","Tanto el edificio como el apartamento demasiado pequeño con tal de aprovechar el espacio.No puedes dejar las maletas en ningún lugar, teniendo que buscar una consigna."
GranadaCatedral,Escrito en 9 de septiembre de 2025,Sin puntuación,Jessica,Excepcional,Me encantó la comodidad y sobretodo la terraza me encantó,Que el aire acondicionado de fuera hace ruido y no llega a enfriar del todo.
GranadaCatedral,Escrito en 2 de septiembre de 2025,Sin puntuación,Annabel,“Excelente para 1 o 2 personas”,"La ubicación es muy buena, la entrada y la salida muy cómodas y fáciles. Todo muy nuevo y muy limpio. Lo recomiendo para una o dos personas.","Para 4 personas es un poco justo, al abrir el sofá cama se corta el paso a la habitación y había que hacer malabarismos para pasar."
GranadaCatedral,Escrito en 27 de agosto de 2025,Sin puntuación,Virtudes,“Ubicación inmejorable”,"Ubicación inmejorable, en pleno centro, al lado de la Catedral y a 12 minutos caminando de El Albaicín.
También un parking público próximo.
Limpísimo, un olor super agradable, todo nuevo, detalles cuidados al máximo, como la colocación de toallas, secador del pelo con difusor.
Silencioso.
La única objeción que las habitaciones eran muy pequeñas y con el sofá cama abierto tenías que hacer malabares para pasar.
También considero como punto negativo la distribución, ya que el para acceder al baño desde el dormitorio tienes que cruzar la Sala de estar con el Sofá cama y molestas a quien está durmiendo.
Por último, el mando a distancia del aire acondicionado del dormitorio no funcionaba, teníamos que compartir el mando de la otra Sala.
Se agradece la caja de bienvenida con agua snacks y demás detalles.
Repetiría pero en un apartamento más amplio, por lo demás perfecto.","El tamaño pequeño de las habitaciones, la distribución y que no funcionase el mando a distancia del aire acondicionado."
GranadaCatedral,Escrito en 23 de agosto de 2025,Sin puntuación,Nicolas,“Gran ubicación y confort para 2 personas!”,La ubicación,
GranadaCatedral,Escrito en 20 de agosto de 2025,Sin puntuación,Inma,“Para de descanso”,Su ubicación y la limpieza,Había goteras
GranadaCatedral,Escrito en 12 de agosto de 2025,Sin puntuación,Sheila,Muy bien,"Admite mascotas, buena ubicación,cómodo y limpio.",Que la mascota no pueda quedar sola en la habitación.
GranadaCatedral,Escrito en 8 de agosto de 2025,Sin puntuación,Alba,Muy bien,"El alojamiento estupendo, bien situado y limpio",
GranadaCatedral,Escrito en 2 de agosto de 2025,Sin puntuación,Maitecita,Fantástico,"La ubicación, cerca de todo y cómodo para moverse a cualquier sitio. Los detalles y amenitis para nosotros y nuestra mascota","Viaje con una mascota y me pareció excesivo el precio por día, en la inmensa mayoría de los sitios donde hemos ido, se pagaba menos de la mitad."
GranadaCatedral,Escrito en 21 de julio de 2024,Sin puntuación,Isabel,“BONITO APARTAMENTO PARA 2 PERSONAS”,"El apartamento está bastante bien, la cama cómoda, detalles como botellas de agua, kit de productos de limpieza para el fregador","Contraté el apartamento para 4 personas y el sofá cama no era demasiado cómodo, para niños tiene pase, es ideal para 2 personas. Para 2 personas es un buen apartamento, bonito y muy nuevo todo."
GranadaCatedral,Escrito en 19 de julio de 2024,Sin puntuación,Jose,“Granada una ciudad por descubrir”,Está muy bien ubicado y muy próximo de la catedral,
GranadaCatedral,Escrito en 14 de julio de 2024,Sin puntuación,Mari,Excepcional,"Zona super céntrica, encima de la mesita había un kit con 2 cartoncitos de agua, patatas y unos tapones para los oídos ,kit de limpieza,muy limpito todo",Éramos 4 personas y cuando abrimos el sofá cama no quedaba apenas espacio para pasar del baño a la habitación con la mesa del comedor y tal
GranadaCatedral,Escrito en 13 de julio de 2024,Sin puntuación,Morales,“Breve pero perfecta”,"Estaba todo genial, la decoración, la limpieza, y los detalles, realmente increíble",Al estar en el centro hay bastante ruido por la noche pero el apartamento lo compensa
GranadaCatedral,Escrito en 11 de julio de 2024,Sin puntuación,Lirios,Excepcional,"Atención al cliente inmejorable. Viajábamos con perritos y fueron súper atentos con sus camitas, bebederos y comederos. Apartamento completo y equipado. Ubicación inmejorable.",
GranadaCatedral,Escrito en 11 de julio de 2024,Sin puntuación,Lirios,“Estupendo!”,"Atención al cliente inmejorable. Viajábamos con perritos y fueron súper atentos con sus camitas, bebederos y comederos. Apartamento completo y equipado. Ubicación inmejorable.",
GranadaCatedral,Escrito en 11 de julio de 2024,Sin puntuación,Alejandra,Excepcional,"Ubicación excelente, apartamentos hermosos y un servicio al cliente muy rápido!",
GranadaCatedral,Escrito en 7 de julio de 2024,Sin puntuación,Isabel,“Para repetir”,"Ubicación muy buena, cómodo, opción de late check out. Muy limpio y con detalle de bienvenida","Mucho ruido, aunque te dan tapones"
GranadaCatedral,Escrito en 30 de junio de 2024,Sin puntuación,Rafael,Excepcional,"La ubicación excelente y el apartamento con todo como nuevo y muy bien tenido. Limpieza full
Definitivamente volvere",La cama del sofa cama es buena pero un poco más rígida sería mejor
GranadaCatedral,Escrito en 26 de junio de 2024,Sin puntuación,María,Excepcional,"Amplio, moderno, luminoso, las vistas des de la terraza, es un apartamento bonito con todo lo necesario para pasar una buena estancia. La ubicación es muy buena, cerca de la catedral y restaurantes.",
GranadaCatedral,Escrito en 24 de junio de 2024,Sin puntuación,Solaz,Excepcional,"Todo ha estado muy bien en general, sobre todo la ubicación",
GranadaCatedral,Escrito en 20 de junio de 2024,Sin puntuación,Sara,“Muy buena elección para visitar Granada”,"Alojamiento muy bien situado para conocer Granada, en pleno centro, muy limpio con fácil check-in, check-out. Se peude llegar andando a casi todos los lugares de la ciudad. Si volvemos, repetiríamos.",-
GranadaCatedral,Escrito en 16 de junio de 2024,Sin puntuación,María,“Frío por la noche”,"Súper bien situado, muy cómodo y limpio.un apartamento ideal.","Los q durmieron en el sofá cama pasaron frío solo con la sábana. No había ni una colcha, mantita ni nada para echarse. Mi hija se tuvo q tapar con una toalla. Había algo debajo de la cama del dormitorio, pero estaba candado😳"
GranadaCatedral,Escrito en 8 de junio de 2024,Sin puntuación,Victor,Excepcional,Lo céntrico que está y muy mono.,Es un poco pequeño pero muy bien arreglado.
GranadaCatedral,Escrito en 29 de mayo de 2024,Sin puntuación,Elías,"“Perfecto, muy recomendable! CÉNTRICO”","La ubicación, la higiene, los muebles",Nada
GranadaCatedral,Escrito en 27 de mayo de 2024,Sin puntuación,Toni,Muy bien,,El sofá cama está muy destrozado y es muy incomodo dormir en el
GranadaCatedral,Escrito en 26 de mayo de 2024,Sin puntuación,Chiara,Excepcional,El departamento fue lindo! La atencion y la ubicación espectacular!,Todo fue perfecto!
GranadaCatedral,Escrito en 7 de mayo de 2024,Sin puntuación,Pedro,Excepcional,la ubicación,
GranadaCatedral,Escrito en 27 de abril de 2024,Sin puntuación,Marisela,Excepcional,Cama comoda,
GranadaCatedral,Escrito en 23 de abril de 2024,Sin puntuación,Mario,"“Tranquilo, pero no use prácticamente el lugar”",Que desayuno??????,"Que funcione la cocina, mas silencio a la mañana cuando han limpiado, anticipar la clave del cheeck-in."
GranadaCatedral,Escrito en 20 de abril de 2024,Sin puntuación,Gudrun,“Ubicación y comodidad excelente”,"Ubicación perfecta, acceso a través del móvil muy cómodo.","Parece que había una avería de agua en el baño, faltaban losetas y el techo necesita reparación. Por un precio tan elevado no me parece bien alquilarlo sin arreglarlo."
GranadaCatedral,Escrito en 15 de abril de 2024,Sin puntuación,Elena,Muy bien,"La ubicación
Limpieza","Falta algún cuchillo de cocina, abridor de botellas, por ejemplo. 
El sistema de jabón del baño algo incomodo si no tienes fuerza, y sin mampara se pone todo lleno de agua."
GranadaCatedral,Escrito en 14 de abril de 2024,Sin puntuación,Maria,Excepcional,La situación,Nada todo muy bien!
GranadaCatedral,Escrito en 8 de abril de 2024,Sin puntuación,Aroa,Excepcional,Lo cómodo como y amplio que el apartamento. Está situado en el corazón de granada. Es el mejor sitio donde te puede quedar,"El aparcamiento, tienes q buscar un parking lejano para poner aparcar, los parking se la zona están todos completos."
GranadaCatedral,Escrito en 7 de abril de 2024,Sin puntuación,Ramon,Fantástico,,El calentador de agua no llega para 4 personas.
GranadaCatedral,Escrito en 18 de marzo de 2023,Sin puntuación,Victoria,“Buena elección en el centro de Granada”,"La ubicación perfecta
El departamento tiene de todo","Como tenía lavadora, aprovechamos de lavar ropa. Pero no terminaba el ciclo nunca... más de 4 horas... tuvimos que detenerla manualmente
Es el único detalle. El resto, muy bien"
GranadaCatedral,Escrito en 16 de marzo de 2023,Sin puntuación,Natalia,“excelente”,la decoración y la ubicación,que no tuviera personal físico en el hotel para resolver duda o cualquier problema
GranadaCatedral,Escrito en 13 de marzo de 2023,Sin puntuación,Enrique,Muy bien,,La cama un poco blanda
GranadaCatedral,Escrito en 27 de febrero de 2023,Sin puntuación,Ignaciomp,Fantástico,Excelente ubicación. Cerca de todo lo que buscabamos.,nada.
GranadaCatedral,Escrito en 26 de febrero de 2023,Sin puntuación,Susana,“APARTAMENTO MUY CENTRICO”,"la ubicación del aparmento, muy céntrico. Todo muy nuevo","La insonorización, al estar en el centro y encima de un bar se oye ruido cuando cierran el bar"
GranadaCatedral,Escrito en 23 de febrero de 2023,Sin puntuación,Raquel,Fantástico,"Me gustó todo, como de un espacio pequeño han aprovechado cada rincón con su buena distribución. La localización súper buena, pleno centro  y no hemos escuchado nada de ruido en la calle a la hora de dormir. Volveremos seguro.","La única pega que puedo poner es que para mi gusto las almohadas me han resultado un poco incómodas, por lo demás todo genial."
GranadaCatedral,Escrito en 22 de febrero de 2023,Sin puntuación,Emilia,Fantástico,En general bien,La almohada muy de muy mala calidad y el colchón demasiado duró sobre todo si sufres alguna enfermedad de espalda o dolencias. Por cortesía suelen dejar aunque sea una botellita de agua ..... El mandó del aire habitación no funciona bien. Emos tenido que utilizar el del salón. La televisión tampoco ya que llegamos pensando en echar un ratito antes de acostarnos viendo una película.
GranadaCatedral,Escrito en 19 de febrero de 2023,Sin puntuación,Maria,Excepcional,Todo. Repetiremos sin duda,No tengo nada que decir
GranadaCatedral,Escrito en 17 de febrero de 2023,Sin puntuación,Teresa,Excepcional,"El apartamento está muy céntrico, a escasos minutos andando de todo además de muy limpio. 
Aunque es pequeño resulta bastante cómodo y tiene todo lo necesario para la estancia.","Había cafetera pero no café, tampoco aceite, pimienta o sal que suelen incluirse en otros apartamentos. 
En general todo muy recomendable, repetiría sin duda."
GranadaCatedral,Escrito en 14 de febrero de 2023,Sin puntuación,Rosa,Muy bien,,"El checking fue algo complicado, no nos dieron muchas facilidades, y el checkout justo justo a las 11h, pero bueno."
GranadaCatedral,Escrito en 13 de febrero de 2023,Sin puntuación,Nuria,“Maravilloso”,"La ubicación era perfecta y el apartamento precioso, todo súper nuevo y muy limpio.",
GranadaCatedral,Escrito en 12 de febrero de 2023,Sin puntuación,Ana,“Céntrico y muy cómodo”,"La cama muy cómoda. Todo muy limpio. Ducha perfectaLa ubicación es perfecta",
GranadaCatedral,Escrito en 12 de febrero de 2023,Sin puntuación,Alicia,“Perfecto para repetir”,"La ubicación excelente, muy limpio y muy cómoda la cama. Bonito y completo. Te atienden súper rápido a pesar de ser todo online pero en mi caso lo prefiero. Todo en la recepción muy bien explicado incluso para el wifi",Un poco ruido pero con tapones sé solucionó
GranadaCatedral,Escrito en 12 de febrero de 2023,Sin puntuación,Alicia,“Repetiré”,"La ubicación excelente, muy limpio y muy cómoda la cama.Bonito y completo.Te atienden súper rápido a pesar de ser todo online pero en mi caso lo prefiero.Todo en la recepción muy bien explicado incluso para el wifi","Nos tocó el apartamento de la esquina y daba a dos calles por lo que en fin de semana se oía un poco de ruido de la calle, nada que no se solucione con tapones de oído."
GranadaCatedral,Escrito en 9 de febrero de 2023,Sin puntuación,Claudia,Muy bien,"piso muy moderno, y cama muy cómoda","éramos 4 y cuando se duchaba 1 persona ya el agua se quedaba fría, y el sofá cama al abrirlo no quedaba espacio para entrar y salir de una habitación a otra, por lo demás todo muy bien"
GranadaCatedral,Escrito en 8 de febrero de 2023,Sin puntuación,Diana,Excepcional,Todo estaba lindo cómodo y ordenado,"El tiempo, hicimos el check in a las 15:00 y a las 11:00 teníamos que hacer el check out"
GranadaCatedral,Escrito en 8 de febrero de 2023,Sin puntuación,Azucena,“SI PERO NO”,acogedor,"la ubicación ideal.. lo único, que la zona en donde está es una zona de bares y pub, transitada por la noche por adolescentes y demás y me costó bastante dormirme con el ruido.. es la única pega que le pondría."
GranadaCatedral,Escrito en 8 de febrero de 2023,Sin puntuación,Lola,“Agradable”,Esta bien situado y es limpio y confortable,"La asistencia virtual debería simplificarse, es difícil para las personas mayores que nos gusta viajar"
GranadaCatedral,Escrito en 6 de febrero de 2023,Sin puntuación,Demófilo,Fantástico,"Apartamento con dos terrazas en niveles diferentes con vistas y ubicación excepcionales, en pleno centro de Granada. Buen diseño y equipamiento. Cama principal confortable.",Las salidas de las ventilaciones no están bien resueltas y molestan un poco en las terrazas.
GranadaCatedral,Escrito en 5 de febrero de 2023,Sin puntuación,Maite,“Bonitos apartamentos muy bien ubicados”,"La ubicación, el sitio es estupendo. También la limpieza y la decoración sencilla y moderna. El precio genial.",El salón es un poco pequeño. En cuanto de abre el sofá cama el paso al dormitorio es complicado..
GranadaCatedral,Escrito en 3 de febrero de 2023,Sin puntuación,Aurora,Excepcional,"Ubicación, limpieza, insonorización y calefacción",
GranadaCatedral,Escrito en 28 de enero de 2023,Sin puntuación,Ana,Excepcional,todo pero sobre todo la cama,"a las 6 de la mañana los del apartamento de al lado llegaron gritando y dando portazos, por este motivo nos despertamos y fue casi imposible volver a dormir"
GranadaCatedral,Escrito en 22 de enero de 2023,Sin puntuación,José,"“Muy bien, con matices.”","Es un edificio de reciente construcción, todo se realiza digitalmente. El check-in se hace mediante una página web que te pide todos los datos de los alojados y el pago anticipado, una vez hecho esto te mandan un código para introducir en la puerta del portal y en el apartamento. Ciertamente resulta muy cómodo no llevar llave encima, por si la pierdes.
El apartamento está nuevo, limpio y con todo lo necesario. Cocina pequeña pero con utensilios. Baño de buen tamaño y muy cómodo, equipado con secador. Salón con sofá cama incómodo y pequeño armario (es el único) que guarda una plancha y una mini tabla de planchar. Dormitorio con cama de matrimonio cómoda. Hay varios ventanales sin persianas pero con cortinas opacas, cosa que no evita que entre la luz. Consolas de aire acondicionado en salón y dormitorio.
Tiene ascensor.
Ubicación excelente.","El sofá cama no tenía sábanas ni almohada, sólo edredón.
La información sobre el alojamiento (check-in, número de apartamento...) te la dan por correo electrónico unas pocas horas antes de alojarte. 
Entra luz en todo el apartamento porque no tiene persianas y las cortinas no son suficientes para tapar."
GranadaCatedral,Escrito en 12 de enero de 2023,Sin puntuación,Msensses,Excepcional,"Ubicación, limpio y todo nuevo",Un poco pequeño cuando abres el. Sofa cama se queda todo embutido sin poder casi moverte
GranadaCatedral,Escrito en 9 de enero de 2023,Sin puntuación,Narciso,Fantástico,"La ubicación del apartamento está genial, está justo en el centro de Granada","El aparcamiento es imposible, la única forma de acceso al apartamento es en taxi, si vas en coche debes dejar el coche en un parking y tomar un taxi hasta la plaza del ayuntamiento"
GranadaCatedral,Escrito en 19 de febrero de 2023,Sin puntuación,Ramón,Aceptable,,No había agua caliente.
GranadaCatedral,Escrito en 16 de febrero de 2023,Sin puntuación,Reyes,Aceptable,El baño y buena calefacción.Camas confortables,
GranadaCatedral,Escrito en 5 de febrero de 2023,Sin puntuación,Natalia,Bien,"Ubicación Comodidad de la cama","Es un apartamento muy pequeño para 4 personasSolo pudieron ducharse dos porque se acabo el agua caliente"
GranadaCatedral,Escrito en 28 de junio de 2025,Sin puntuación,Anónimo,Fantástico,Ubicacion excelente …y unas vistas maravillosas,
GranadaCatedral,Escrito en 29 de octubre de 2025,Sin puntuación,Anónimo,Aceptable,Ubicación muy buena,"MUCHO RUIDOEMPEZARON A TRABAJAR A LAS 2 DE LA MADRUGADA"
GranadaCatedral,Escrito en 27 de octubre de 2025,Sin puntuación,Anónimo,"“Ubicación perfecta, apartamento decepcionante.”","La ubicación perfecta y la limpieza buena.El desayuno es mas barato pagándolo directamente en el local, a parte de no poder elegir nada.","El apartamento fue decepcionante, no tiene nada que ver con la oferta (abrías la puerta y tropezabas con la cama), en el pack de bienvenida había unos tapones para la falta de insonorización de las ventanas (parecía estar las personas de la calle en la habitación). Los servicios como el desayuno son mas caros que en el local, el alojamiento no te avisa que si vas con vehículo propio no puedes acceder a descargar las maletas y si accedes te multaran y el alojamiento no gestiona tu matricula como alojado en sus instalaciones para evitar la multa como hacen en muchos alojamientos/hoteles y muchas ciudades."
GranadaCatedral,Escrito en 15 de agosto de 2025,Sin puntuación,Anónimo,“Buena localización”,La distribución del espacio y la localización es muy buena. El mobiliario es nuevo.,"El alojamiento no disponía de platos, a pesar de tener una cocina. No tenía los utensilios de cocina suficiente para cocinar. La luz del dormitorio parpadea y tuvimos que usar la lamparita de noche."
GranadaCatedral,Escrito en 2 de enero de 2026,Sin puntuación,Isabel,Muy bien,,
GranadaCatedral,Escrito en 2 de diciembre de 2025,Sin puntuación,Tamba,Excepcional,,
GranadaCatedral,Escrito en 29 de noviembre de 2025,Sin puntuación,José,Fantástico,,
GranadaCatedral,Escrito en 3 de noviembre de 2025,Sin puntuación,Andrea,Muy bien,,
GranadaCatedral,Escrito en 2 de noviembre de 2025,Sin puntuación,Roberto,Muy bien,,
GranadaCatedral,Escrito en 31 de octubre de 2025,Sin puntuación,Héctor,Excepcional,,
GranadaCatedral,Escrito en 17 de octubre de 2025,Sin puntuación,Tomas,Excepcional,,
GranadaCatedral,Escrito en 13 de octubre de 2025,Sin puntuación,Nieves,Excepcional,,
GranadaCatedral,Escrito en 6 de octubre de 2025,Sin puntuación,Ana,Excepcional,,
GranadaCatedral,Escrito en 21 de septiembre de 2025,Sin puntuación,Maria,Excepcional,,
GranadaCatedral,Escrito en 20 de septiembre de 2025,Sin puntuación,Rossana,Fantástico,,
GranadaCatedral,Escrito en 7 de septiembre de 2025,Sin puntuación,Ana,Excepcional,,
GranadaCatedral,Escrito en 4 de septiembre de 2025,Sin puntuación,Maria,Excepcional,,
GranadaCatedral,Escrito en 3 de septiembre de 2025,Sin puntuación,Milloux,Fantástico,,
GranadaCatedral,Escrito en 1 de septiembre de 2025,Sin puntuación,Candela,Excepcional,,
GranadaCatedral,Escrito en 19 de agosto de 2025,Sin puntuación,Manuel,Excepcional,,
GranadaCatedral,Escrito en 16 de agosto de 2025,Sin puntuación,Gloria,Muy bien,,
GranadaCatedral,Escrito en 9 de agosto de 2025,Sin puntuación,Maria,Muy bien,,
GranadaCatedral,Escrito en 1 de junio de 2024,Sin puntuación,Aitana,Excepcional,,
GranadaCatedral,Escrito en 25 de mayo de 2024,Sin puntuación,Sonia,Excepcional,,
GranadaCatedral,Escrito en 11 de mayo de 2024,Sin puntuación,Rosa,Muy bien,,
GranadaCatedral,Escrito en 6 de mayo de 2024,Sin puntuación,Carmen,Excepcional,,
GranadaCatedral,Escrito en 28 de abril de 2024,Sin puntuación,Maria,Excepcional,,
GranadaCatedral,Escrito en 25 de abril de 2024,Sin puntuación,Fuensanta,Fantástico,,
GranadaCatedral,Escrito en 14 de abril de 2024,Sin puntuación,Mora,Excepcional,,
GranadaCatedral,Escrito en 14 de abril de 2024,Sin puntuación,Ana,Muy bien,,
GranadaCatedral,Escrito en 6 de marzo de 2024,Sin puntuación,Fernández,Fantástico,,
GranadaCatedral,Escrito en 28 de febrero de 2024,Sin puntuación,Marina,Excepcional,,
GranadaCatedral,Escrito en 17 de febrero de 2024,Sin puntuación,Vanya,Excepcional,,
GranadaCatedral,Escrito en 4 de febrero de 2024,Sin puntuación,Itxaso,“Genial!”,,
GranadaCatedral,Escrito en 3 de febrero de 2024,Sin puntuación,Manu,Fantástico,,
GranadaCatedral,Escrito en 16 de enero de 2024,Sin puntuación,Marta,“Apartamento excepcional en pleno centro”,,
GranadaCatedral,Escrito en 1 de enero de 2024,Sin puntuación,Susana,Muy bien,,
GranadaCatedral,Escrito en 12 de diciembre de 2023,Sin puntuación,Vegas,Excepcional,,
GranadaCatedral,Escrito en 6 de diciembre de 2023,Sin puntuación,Vanesa,Fantástico,,
GranadaCatedral,Escrito en 6 de diciembre de 2023,Sin puntuación,Jose,Muy bien,,
GranadaCatedral,Escrito en 21 de noviembre de 2023,Sin puntuación,Elena,Excepcional,,
GranadaCatedral,Escrito en 10 de noviembre de 2023,Sin puntuación,Neus,Muy bien,,
GranadaCatedral,Escrito en 8 de noviembre de 2023,Sin puntuación,Zina,Excepcional,,
GranadaCatedral,Escrito en 4 de noviembre de 2023,Sin puntuación,Esperanza,Fantástico,,
GranadaCatedral,Escrito en 29 de octubre de 2023,Sin puntuación,Juan,Muy bien,,
GranadaCatedral,Escrito en 23 de octubre de 2023,Sin puntuación,Santos,Excepcional,,
GranadaCatedral,Escrito en 2 de octubre de 2023,Sin puntuación,Najib,Fantástico,,
GranadaCatedral,Escrito en 24 de junio de 2024,Sin puntuación,Francisco,Bien,,
GranadaCatedral,Escrito en 23 de diciembre de 2023,Sin puntuación,Natalia,Bien,,
GranadaCatedral,Escrito en 18 de noviembre de 2023,Sin puntuación,Javier,Bien,,
GranadaCatedral,Escrito en 7 de julio de 2023,Sin puntuación,Álvaro,Bien,,
GranadaCatedral,Escrito en 27 de marzo de 2023,Sin puntuación,Miguel,Muy mal,,
GranadaCatedral,Escrito en 12 de marzo de 2023,Sin puntuación,Javi,Aceptable,,
GranadaCatedral,Escrito en 23 de noviembre de 2025,Sin puntuación,Anónimo,Fantástico,,
MalagaLaMerced,Escrito en 27 de octubre de 2025,Sin puntuación,Cornelia,“Correcto pero mejorable”,La ubicacion,"Necesita reforma, en general esta bien, solo usamos el apartamento para dormir. Necesita reformase un poco. Fuimos en octubre y hacia mucho ruido, no me quiero imaginar los meses de temporada alta"
MalagaLaMerced,Escrito en 20 de septiembre de 2025,Sin puntuación,Carolina,“2 noches en Málaga”,"El departamento para 2 es hermoso. Cómodo. La ubicación es excelente. Bien equipado (plancha, caja fuerte, microondas, pava eléctrica). Bien el aire acondicionado. Dan kit de bienvenida. Si bien no contactamos con nadie del apartamento, las instrucciones fueron muy claras.","La primera noche casi no pudimos dormir de los ruidos. La segunda estuvo muchísimo mejor. Calculo que también es cuestión de suerte, pero es real que las paredes no aíslan nada acústicamente."
MalagaLaMerced,Escrito en 26 de agosto de 2025,Sin puntuación,Ezequiel,Muy bien,Bueno,Muy ruidoso.
MalagaLaMerced,Escrito en 22 de agosto de 2025,Sin puntuación,Pedro,“Apartamento extremadamente pequeño”,La ubicación del apartamento es muy buena en pleno centro de Málaga,"Es un apartamento extremadamente pequeño para 4 personas, la única puerta que existe en el apartamento es la de entrada y si está abierto el sofá cama ya no hay acceso ni a la otra cama ni a la terraza"
MalagaLaMerced,Escrito en 25 de julio de 2025,Sin puntuación,Iván,Bien,,"El alojamiento es para dos personas. Para cuatro fue muy incómodo dormir en el sofá cama, además del poco espacio"
MalagaLaMerced,Escrito en 14 de julio de 2025,Sin puntuación,Cuevas,Fantástico,Muy cómoda,Un poco de ruido y la televisión se enciende sola al conectarse otros huéspedes a netflix o aplicaciones similares.
MalagaLaMerced,Escrito en 11 de julio de 2025,Sin puntuación,Manuel,Fantástico,"Prácticamente, todo, ubicación, comodidad, limpieza","Aunque no sea culpa de los gestores, tengo que decirlo, por la noche hay mucho mal educado por la calle, gritos, insultos, en fin, gentuza"
MalagaLaMerced,Escrito en 8 de junio de 2025,Sin puntuación,Mesa,Fantástico,"Buena ubicación, muy bien equipado y muy cómoda",El aire no tiraba mucho .
MalagaLaMerced,Escrito en 1 de junio de 2025,Sin puntuación,Jared,Bien,Muy central. el tamaño del apartamento esta bien.,No esta bien aislado del ruido.
MalagaLaMerced,Escrito en 15 de abril de 2025,Sin puntuación,Jose,Muy bien,Ubicación,El sofá un poco incomodo
MalagaLaMerced,Escrito en 3 de abril de 2025,Sin puntuación,Valeriia,“Todo genial!”,"El apartamento está ubicado en una zona súper cómoda para conocer la ciudad y llegar caminando a todos los sitios. El parking está justo al lado, y con la app entrar al apartamento fue facilísimo. La verdad es que quedé muy contenta con todo.","Deberían promover un poco más el uso de la app, porque yo entré introduciendo el código, y solo después me di cuenta de que se pueden abrir todas las puertas con el móvil a través de la aplicación.No tengo ninguna queja importante, en general todo me gustó mucho. Es cierto que hay bastante ruido en la zona donde está el apartamento, pero los tapones que vienen en el ""Welcome kit"" al llegar son un buen detalle."
MalagaLaMerced,Escrito en 17 de marzo de 2025,Sin puntuación,Luz,“Bien”,Ubicación y estética del apartamento,Faltaban amenidades de  cocina y la comunicación con el personal no fue gran buena
MalagaLaMerced,Escrito en 21 de febrero de 2025,Sin puntuación,Mari,“Centrico y ruidoso”,El sitio muy centrico,"Hay mucho ruido, no esta bien insonorizado y al estar en pleno centro se nota"
MalagaLaMerced,Escrito en 24 de diciembre de 2024,Sin puntuación,Manuel,Muy bien,La limpieza y ubicacion,No esta insonorizado nada se oye una mosca que pase por la calle
MalagaLaMerced,Escrito en 22 de diciembre de 2024,Sin puntuación,Eulalia,“Sitio perfecto:descanso imposible”,La ubicacion es perfecta. En el centro de Malaga y con parking a 2 minutos del apartamento,"Mucho ruido y , aunque te dejan tapones para los oidos no sirven. La calle es muy centrica y hay mucho ruido. El apartamento no esta bien insonorizado. El sofa cama tambien es incomodo y,abierto impide el paso al baño de los que duermen en cama principal"
MalagaLaMerced,Escrito en 22 de diciembre de 2024,Sin puntuación,Jorge,Fantástico,"la ubicación, está en pleno centro, y la habitación muy acogedora",
MalagaLaMerced,Escrito en 12 de diciembre de 2024,Sin puntuación,Anastasia,Muy bien,La ubicación,"No me gustó que entraron al apartamento sin avisar, para dejar un papel para rellenar. Tampoco me gustó que el apartamento no se cierra por dentro. Si han entrado mientras que estábamos fuera, me hace pensar que pueden entrar de noche mientras que estamos dormidos, no sé."
MalagaLaMerced,Escrito en 10 de diciembre de 2024,Sin puntuación,Sheila,Muy bien,"Ubicacion perfecta, todo limpio",La cama algo incomoda
MalagaLaMerced,Escrito en 10 de diciembre de 2024,Sin puntuación,Rafael,Muy bien,La ubicación.,Poco aislamiento de ruido.
MalagaLaMerced,Escrito en 10 de diciembre de 2024,Sin puntuación,Jose,Muy bien,Muy bien la situación y el apartamento detallazo de bienvenida con agua y cápsulas de café y tapones para los oídos para el ruido que claro lo hacían los varenderos,Por poner algo las ventanas no quitan el ruido que entra de la calle
MalagaLaMerced,Escrito en 9 de diciembre de 2024,Sin puntuación,Carmen,"“Ubicacion y estado del apartamento muy buena, aunque un poco pequeño y ruidoso”","La ubicacion es excelente, el apartamento estaba limpio y muy fácil de hacer el check in. Tuvimos un problema con un objeto que nos dejamos en el apartamento y el personal fue muy rápido y amable.","Al abrir el sofá cama, no queda espacio para pasar a la zona del dormitorio y tienes que pasar por encima de la cama. Además de que nos pareció algo ruidoso"
MalagaLaMerced,Escrito en 7 de diciembre de 2024,Sin puntuación,Cristina,Fantástico,"La ubicación es estupenda. El apartamento estaba muy limpio. La forma de acceder al check in, cómoda y fácil. Abrimos la puerta con tan sólo acercar el móvil. El edificio tiene ascensor. La cama firme y cómoda para mi gusto.","Es una zona de tránsito de gente,  algo ruidosa. Pero a partir de la medianoche ya no hay tanto trasiego y ya no se oye nada."
MalagaLaMerced,Escrito en 4 de noviembre de 2024,Sin puntuación,Jose,“En general bien”,"La ubicación, estaba limpio y era cómodo",La aplicación para poder entrar en el apartamento no funcionaba
MalagaLaMerced,Escrito en 1 de agosto de 2024,Sin puntuación,Giulietti,Fantástico,"Limpio, bien distribuido","Alto el precio 
A la noche se escucha mucho la gente"
MalagaLaMerced,Escrito en 11 de agosto de 2023,Sin puntuación,M,Excepcional,Muy cómodo muy tranquilo todo yo y mi pareja estuvimos súper bien  y mi mascota también gracias,Aparcamiento muy difícil pero si arregla
MalagaLaMerced,Escrito en 29 de junio de 2023,Sin puntuación,Rosa,Excepcional,"Perfecta ubicación, limpio y cama súper cómoda",Todo genial
MalagaLaMerced,Escrito en 20 de junio de 2023,Sin puntuación,Luis,“incomoda por abuso de posicion dominante”,,"Se me cobro por un error en la reserva por lo cual debí pagar nuevamente, no obstante haber informado que se trataba de un error y no de cambio en la reserva. al solicitar que se considerara un cambio justificado de la reserva me respondieron que no era posible por falta de cupo, afirmación falsa, tal como quedo demostrado, lo que refleja un abuso de posición dominante."
MalagaLaMerced,Escrito en 29 de mayo de 2023,Sin puntuación,Rafael,Mal,,La cerradura del portal no abrió bien. Tuve que intentar varias veces metiendo los números del codigo. La gente en la calle se oía mucho después de las 12 de la noche y también algun otro inquilino. El agua de la ducha se salía hacia el suelo del baño porque el sumidero no desaguaba bien.
MalagaLaMerced,Escrito en 25 de mayo de 2023,Sin puntuación,Angeles,Mal,la situación.,"Me enviaron un link para hacer el enlace.
No funcionaba. Mesicen que lo haga al llegar. No funcionaba.
Tuve que esperar a una persona para que me abriera la puerta. iba muy cargada y no se molesto para ayudarme. Le dijo que no hay ascensor !! me contesta que si,pero no funciona.
se va sin decir adios.
La puntuación es de un cero ."
MalagaLaMerced,Escrito en 8 de mayo de 2023,Sin puntuación,Miguel,“No se lo aconsejo a nadie ruidos insoportable y mal olor”,La ubicación,"Falta de insonorizacioón del apartamento, ruidos insoportables de un almacén de vevidas desde la 6 de la mañana, olor de cañerías en el cuarto  de baño y no tener un teléfono donde llamar"
MalagaLaMerced,Escrito en 3 de mayo de 2023,Sin puntuación,Ana,“Todo genial”,"La habitación es muy bonita y funcional, me encantó el detalle de la cama y comederos para mascotas. La cocina tenía de todo. La forma de acceder con código es muy cómoda y la ubicación es ideal.","Un poco alto el precio, pero se entendía por las fechas que eran."
MalagaLaMerced,Escrito en 23 de febrero de 2023,Sin puntuación,Mónica,Aceptable,,No me gustó el ruido y que no había una segunda cama cñómoda
MalagaLaMerced,Escrito en 23 de enero de 2023,Sin puntuación,María,"“el apartamento está bien ubicado , limpio, yo tuve el problema del agua caliente, pero una vez k lo resuelvan , está bie”",buena ubicación,"no había agua caliente, se había estropeado la caldera y no fue posible arreglarlo durante mi estancia , que fue un fin de semana , me descontaron un 15%del precio por esto"
MalagaLaMerced,Escrito en 18 de enero de 2023,Sin puntuación,Ariza,“acogedor”,"la cocina, la habitación",el salón
MalagaLaMerced,Escrito en 22 de diciembre de 2025,Sin puntuación,Rocio,Muy bien,,
MalagaLaMerced,Escrito en 17 de octubre de 2025,Sin puntuación,Eduardo,Muy bien,,
MalagaLaMerced,Escrito en 7 de junio de 2025,Sin puntuación,Francisco,Muy bien,,
MalagaLaMerced,Escrito en 27 de enero de 2025,Sin puntuación,Francisco,Fantástico,,
MalagaLaMerced,Escrito en 31 de diciembre de 2024,Sin puntuación,Yolanda,Muy bien,,
MalagaLaMerced,Escrito en 25 de diciembre de 2024,Sin puntuación,Ruben,Muy bien,,
MalagaLaMerced,Escrito en 20 de agosto de 2024,Sin puntuación,Alejandro,Fantástico,,
MalagaLaMerced,Escrito en 16 de julio de 2024,Sin puntuación,Rosa,Bien,,
MalagaLaMerced,Escrito en 17 de junio de 2024,Sin puntuación,Massa,Muy bien,,
MalagaLaMerced,Escrito en 24 de mayo de 2024,Sin puntuación,Manuel,Bien,,
MalagaLaMerced,Escrito en 17 de diciembre de 2023,Sin puntuación,Diego,Muy bien,,
MalagaLaMerced,Escrito en 4 de noviembre de 2023,Sin puntuación,Ana,Fantástico,,
MalagaLaMerced,Escrito en 8 de mayo de 2023,Sin puntuación,Saavedra,Fantástico,,
MalagaLaMerced,Escrito en 27 de febrero de 2023,Sin puntuación,Marger2008,“excelente”,,
CordobaPatio,Escrito en 8 de enero de 2026,Sin puntuación,Yolanda,Fantástico,Todo muy bien,
CordobaPatio,Escrito en 7 de enero de 2026,Sin puntuación,Facundo,“Bien!”,"Todo bien, en orden y limpio.",
CordobaPatio,Escrito en 4 de enero de 2026,Sin puntuación,Santiago,Fantástico,El edificio y el entorno,Nada.aen especial
CordobaPatio,Escrito en 3 de enero de 2026,Sin puntuación,Sorkunde,Fantástico,"Camas muy cómodas. Edificio muy bonito, con una zona común donde se puede comer. Piscina.
Habitación cuádruple con baño ideal para familias.
Zona tranquila y cerca del centro.",Nos gustó todo.
CordobaPatio,Escrito en 3 de enero de 2026,Sin puntuación,Cindy,“Accequible”,La tranquilidad,El no acceso vehicular
CordobaPatio,Escrito en 29 de diciembre de 2025,Sin puntuación,Bona,Excepcional,"Lugar bonito, muy limpio, i buena atención del personal",
CordobaPatio,Escrito en 28 de diciembre de 2025,Sin puntuación,Eva,Muy bien,"La localización, cercano a plaza de Colon","La limpieza de las habitaciones, los colchones estaban manchados y había cabello en el suelo del baño y en el interior de las camas"
CordobaPatio,Escrito en 18 de diciembre de 2025,Sin puntuación,Isabel,Excepcional,Todo estuvo muy bien,
CordobaPatio,Escrito en 18 de diciembre de 2025,Sin puntuación,Moreno,Fantástico,"Me gustó mucho , el patio el decorado, la comodidad , todo en general",
CordobaPatio,Escrito en 16 de diciembre de 2025,Sin puntuación,Maria,Excepcional,Genial todo,"Nada, todo bien"
CordobaPatio,Escrito en 16 de diciembre de 2025,Sin puntuación,Andrés,Excepcional,"La ubicación, el espacio. La habitación una pasada.",Estaba todo muy limpio salvo un burruño de pelo en el suelo del baño. Se les debió pasar.
CordobaPatio,Escrito en 16 de diciembre de 2025,Sin puntuación,Andrea,“Sorprendida para bien”,"Sitio moderno, decorado con mucho gusto. Camas cómodas y personal atento. Es un plus que la llave sea un código porque da más rapidez a la hora del check in y check out. Muy buena experiencia.",No pude regular la temperatura de la habitación y pasamos calor.
CordobaPatio,Escrito en 15 de diciembre de 2025,Sin puntuación,Sergio,Excepcional,"Excelentes instalaciones, super cómodo",No tengo nada para decir
CordobaPatio,Escrito en 15 de diciembre de 2025,Sin puntuación,Laura,Muy bien,"El patio, la decoración, el nórdico súper calentito. Las instalaciones nuevas y muy cordobesas :)","Que el baño estuviera dentro de la habitación y que no hubiera cortinas en las literas (al menos en las de abajo), falta de privacidad... La entrada está en un callejón que, por la noche, no da mucha confianza."
CordobaPatio,Escrito en 13 de diciembre de 2025,Sin puntuación,Amparo,Muy bien,"Instalaciones muy nuevas. Ubicación muy céntrica. El desayuno tipo bufé es básico pero con fruta fresca, leche con opciones vegetales, zumo, dos tipos de pan muy buenos, cruasán, y fiambre.  bastante bueno para el precio de 6€.",
CordobaPatio,Escrito en 9 de diciembre de 2025,Sin puntuación,Rosa,Excepcional,Las instalaciones y la ubicación,
CordobaPatio,Escrito en 7 de diciembre de 2025,Sin puntuación,Diego,Muy bien,La ubicación y las instalaciones,El no decirle al resto de huéspedes el respeto para el descanso nocturno
CordobaPatio,Escrito en 4 de diciembre de 2025,Sin puntuación,Bemuse,Muy bien,La ubicación es bastante buena. Y las instalaciones muy cuidadas y limpias. El personal muy agradable.,"Lo único malo (aunque no es una cuestión del alojamiento) es que cuando estás en habitaciones para compartir la gente se olvida eso de no hacer ruido de noche.
Además sigo echando en falta el tema de la separación con cortinas en las camas en la mayoría de hosteles."
CordobaPatio,Escrito en 3 de diciembre de 2025,Sin puntuación,Diaz,“Buen hostal”,"El hostal es precioso, muy bonito, esta bien ubicado. Marina y todos los de la recepción super amables.","La segunda noche cuando llegué, la habitación olía inmundo, era por un huésped que no se bañaba e hizo que todo el cuarto oliera así. No es un tema del hostal pero a tener en cuenta. Me cambiaron de cuarto y en el otro habia un señor que convirtió su cama en un tendedero de ropa. En general temas de hostales y el hecho que no hubiera cortinas o algo para dar más privacidad le quita puntos"
CordobaPatio,Escrito en 2 de diciembre de 2025,Sin puntuación,Mohammed,Excepcional,"Excelente lugar, muy limpio, moderno, espacioso y con todos los servicios. Está ubicado en el centro de la ciudad, cerca de todo. También quiero agradecer al personal; son excepcionales, respetuosos y amables. Te sientes como en casa. Lo recomiendo ampliamente; es el mejor lugar disponible actualmente.",Todo es excelente
CordobaPatio,Escrito en 1 de diciembre de 2025,Sin puntuación,María,Muy bien,"El edificio antiguo es hermosísimo, muy bien decorado y mantenido. Me encantó. El personal muy amable.","El desayuno era regular, con pocas opciones."
CordobaPatio,Escrito en 28 de noviembre de 2025,Sin puntuación,Antonio,"“Lugar bonito, confortable y tranquilo cerca del centro.”","El lugar es como un convento reformado o algo así. Desde fuera sólo se ve una puerta. Hay que tocar el timbre y te abren. La recepción está dentro y el personal es muy muy amable. Hay una sala común con nevera donde puedes guardar tu comida y comer. Por la mañana ahí hacen el desayuno. Las habitaciones está bien, modernas, y las camas son cómodas, aunque no son muy grandes. La calle es muy tranquila.","El sitio está bien, pero por fuera no se ve más que una puerta, y no vimos el timbre, así que estuvimos un rato hasta que salió alguien. Pero fue despiste nuestro: llamen al timbre que les atenderán, son muy amables. Y otra cosa: las camas de arriba de las literas no tienen barandillas (o nosotros no las vimos), cuidado con los niños."
CordobaPatio,Escrito en 27 de noviembre de 2025,Sin puntuación,Mary,Excepcional,"Ambiente agradable, espacioso y tranquilo",Le faltaría algún lugar de apoyo en las habitaciones ( yo estuve en la de seis)
CordobaPatio,Escrito en 27 de noviembre de 2025,Sin puntuación,Carla,“Excelente!”,"Es súper lindo! La ubicación es súper cómoda, estás cerca caminando de todo! Las instalaciones son modernas y cómodas! Las habitaciones modernas, camas super cómodas, con baño dentro de la habitación! Hay un lugar para estar con mesas y sillas y muchísimas mesas y sillones por los pasillos. El personal muy buena onda! Me encantó!",Nada! Me gustó todo! Solo para comentar que el agua de la ducha se filtraba por abajo de la puerta y se mojaba el piso.
CordobaPatio,Escrito en 24 de noviembre de 2025,Sin puntuación,Vicente,Excepcional,"Lo que más me gustó es la amplitud de la habitación, las camas son cómodas y la ubicación está genial",Por poner alguna pega que tienes que dejar la habiatacion a las 11:00h y te la dan a las 15:00h
CordobaPatio,Escrito en 7 de septiembre de 2025,Sin puntuación,Bea,Fantástico,Muy buena ubicación.  Personal muy amable. La piscina es pequeña pero perfecta para refrescarse.,
CordobaPatio,Escrito en 6 de septiembre de 2025,Sin puntuación,Jonatan,Excepcional,"La ubicación a 15 minutos de la mezquita y la judería.. habitación familiar amplia y comoda.
La piscina con el calor que hace en Córdoba de lujo.
Check-in i check out facil y rapido con unas tablets que hay en la entrada del hotel.
El personal servicial y agradable. Repetiremos!!!",
CordobaPatio,Escrito en 6 de septiembre de 2025,Sin puntuación,Esther,Fantástico,"El espacio de la habitación,el personal de recepción, zonas comunes",.
CordobaPatio,Escrito en 2 de septiembre de 2025,Sin puntuación,Alicia,Excepcional,Trato del personal.,
CordobaPatio,Escrito en 2 de septiembre de 2025,Sin puntuación,Eva,Excepcional,"Personal La organización e información vía email fantasticaTodo el sistema que tienen de información y de utilizar una clave para entrar",Todo bien
CordobaPatio,Escrito en 2 de septiembre de 2025,Sin puntuación,Yomissma,“Una experiencia maravillosa 😊”,"El hostel me gusto mucho. La piscina aunque pequeña, estaba muy bien para refrescarse, deberían de limpiarla un poco más ya que todos los días había varios mechones de pelo, pero tenía una temperatura muy buena. Me gustó que hubiera zonas comunes con mesas, hamacas en el patio que podías llevar también a la piscina, el patio  estaba muy bien y por la noche la iluminación era maravillosa. Tenían varios microondas, una nevera y dos hervidores. Las habitaciones estaban muy bien, pero deberían poner una puerta en la zona del váter y la ducha, para que en las habitaciones mixtas los huéspedes tengan más intimidad para vestirse y podrían poner unas luces en el lavabo que se encienden independientemente para no molestar a los demás huéspedes cuando se encienden.
También deberían de limpiar alguna vez más al día porque una vez no es suficiente y contratar alguna persona más de limpieza, ya que me pareció ver que son dos personas pero no es suficiente y no les da tiempo a poder limpiar bien los rincones, taquillas y paredes de la ducha y baño. El personal es super majo, amable, resolutivo y te ayudaban siempre en todo lo que podían.","Que las camas no tuvieran cortinas para más intimidad y que solo pusieran dos rollos de papel pequeños, ya que faltaba siempre papel. Podrían poner más papel o rollos más grandes."
CordobaPatio,Escrito en 31 de agosto de 2025,Sin puntuación,Yomissma,“Una experiencia maravillosa 😊😍”,"Me gustó mucho el hostel en general, la piscina aunque pequeña está genial para refrescarse. Tienen hamacas que puedes mover a la piscina o al patio que es muy bonito y de noche con la iluminación es lo más..y super tranquilo. 
Algunas habitaciones deberían de tener ventana para poder airear la habitación y que entre luz natural de día, y en el baño que en las habitaciones  mixtas es muy pequeño y al no tener ventana no sé ventila. Podrían poner una puerta en la zona del váter y la ducha, para que las habitaciones mixtas tengan más intimidad, también una puerta en la zona de los lavabos para no molestar o poner una luz solo en esa zona. En general la habitación muy bien distribuida, pero deberían poner rollos de papel más grandes o más rollos porque ponen dos rollos por habitación de 8 personas y se queda corto siempre.
El desayuno por 6€ muy escueto, jamón, croissant, pan de dos tipos, Nocilla, mermeladas, zumos, alguna fruta, café y leche, podrían poner queso, huevos cocidos, tortilla de patatas, para la gente que no come carne por lo menos. 
Las chicas de recepción majisimas no...lo siguiente, super amables, atentas, generosas, te ayudan en todo lo que pueden.
Me gustó que tengan muchas zonas comunes con mesas y asientos, microondas, nevera, hervidor y algunos fregaderos en la primera planta.","Que permitan niños😅, que las camas no tengan cortinas para mayor intimidad y deberían de tener más personal de limpieza para poder limpiar más veces al día, ya que son habitaciones compartidas y hay personas que no son muy limpias."
CordobaPatio,Escrito en 30 de agosto de 2025,Sin puntuación,Belén,Excepcional,Hermoso!!!,
CordobaPatio,Escrito en 30 de agosto de 2025,Sin puntuación,Belén,Excepcional,Hermoso!!!,
CordobaPatio,Escrito en 29 de agosto de 2025,Sin puntuación,Montse,Fantástico,"Todo , la habitación privada súper amplia, limpia y con todos los servicios ( toalla , secador etc )",
CordobaPatio,Escrito en 28 de agosto de 2025,Sin puntuación,Sergio,Muy bien,Casa con encanto muy bien ubicada con todo lo necesario,Las almohadas muy delgadas
CordobaPatio,Escrito en 28 de agosto de 2025,Sin puntuación,Esther,Muy bien,"Era cómodo,mi segunda hb fue amplia,aire acondicionado y baño completo.
El personal que trabaja en las instalaciones",.
CordobaPatio,Escrito en 27 de agosto de 2025,Sin puntuación,Israel,Muy bien,Habitaciones amplias y modernas para familias,"Zona muy céntrica para aparcar, pero ya lo sabíamos, así que todo no se puede tener!!."
CordobaPatio,Escrito en 26 de agosto de 2025,Sin puntuación,Natalia,“Excelente ubicación”,"Excelente ubicación, habitacion familiar amplia y camas muy cómodas, todo muy limpio y cuidado.
Situado en pleno centro con acceso fácil a cualquier sitio. 
Una agradable estancia, un plus extra que tenga piscina.",Nada
CordobaPatio,Escrito en 25 de agosto de 2025,Sin puntuación,Alejandro,Fantástico,"Excelentes instalaciones y un ambiente muy acogedor. Muy buena ubicación y gran facilidad para acceder al lugar.
La piscina un súper plus para el calor del verano y para relajarse un rato, sin embargo, sí estaba un poco turbo el agua. Le hacía falta un poco de limpieza
En general muy bien para el precio del hospedaje",
CordobaPatio,Escrito en 23 de agosto de 2025,Sin puntuación,Lola,Excepcional,"La organización y la limpieza eran muy buenos.
Los empleados muy atentos.
Las zonas comunes muy buenas, limpias y respetando el descanso de los visitantes.",
CordobaPatio,Escrito en 23 de agosto de 2025,Sin puntuación,Pascal,“50 grados celsius es mucho calor”,Millones agradecimientos mantenimiento camareras de pisos recepcionistas y la CEO por ser solidarios Es importante compartir,El no poder gastar mas en helados
CordobaPatio,Escrito en 19 de agosto de 2025,Sin puntuación,Mateco,Excepcional,muy bonito y el personal muy atento. Encantada además de que acepten tan bien a mi perro,Me gustó todo pero hay que tener en cuenta de que las literas no son aptas para cualquier forma física jajajaja
CordobaPatio,Escrito en 19 de agosto de 2025,Sin puntuación,Amelia,“Increíble”,El edificio,Nada
CordobaPatio,Escrito en 19 de agosto de 2025,Sin puntuación,Eva,Fantástico,La limpieza y el personal de recepción.,Los accesos. Imposible acercar el vehículo a la entrada. Contratamos parking y estaba bastante lejos del alojamiento.
CordobaPatio,Escrito en 18 de agosto de 2025,Sin puntuación,Plata,Muy bien,"Lo fresquita que era la habitación. Con el calor que hacía en Córdoba, no lo notamos nada por la noche . Cuando llegamos teníamos puesto el aire acondicionado lo que se agradece 😄 
La piscina tb estaba bien. Sin masificación de gente",Si tengo que decir algo es que no se podía acceder en coche a la puerta del hotel porque era zona restringida. Pero no fue problema porque aparcamos el coche a 2min
CordobaPatio,Escrito en 18 de agosto de 2025,Sin puntuación,Itxaso,Fantástico,"La habitación las camas muy cómodas, la ubicación y el personal",La limpieza de la piscina de podría mejorat
CordobaPatio,Escrito en 17 de agosto de 2025,Sin puntuación,Bayona,Excepcional,"La cercanía al centro, la limpieza y el trato",
CordobaPatio,Escrito en 16 de agosto de 2025,Sin puntuación,Adrián,Excepcional,"Calidad/precio es inmejorable, atención perfecta, muy limpio, tranquilo, ubicación perfecta y también con piscina!",Me gustó todo!
CordobaPatio,Escrito en 15 de agosto de 2025,Sin puntuación,Beatriz,Excepcional,Súper recomendable,
CordobaPatio,Escrito en 26 de junio de 2025,Sin puntuación,Guadalupe,“Fantástico e ideal en todo los aspectos!!!”,"Me encanto, segunda vez que repito!",
CordobaPatio,Escrito en 25 de junio de 2025,Sin puntuación,Ruth,“Buenas instalaciones en un hostel con encanto”,La habitación familiar privada estaba muy bien. Camas cómodas y baño nuevo. Bastante espacio para todos. La piscina pequeña pero suficiente para refrescarse. Un sitio con encanto,"La situación es céntrica pero no demasiado buena. No se puede llegar en coche. El desayuno sencillo, pero correcto."
CordobaPatio,Escrito en 24 de junio de 2025,Sin puntuación,Isabel,“perfecto”,"limpio , comodo , tranquilo ,,, ambiente agradable , personal super ,,,, ubicacion bien ,,,",aparcar cerca imposible
CordobaPatio,Escrito en 23 de junio de 2025,Sin puntuación,Andrea,Excepcional,"Habitación amplia, moderno y muy cómodo",
CordobaPatio,Escrito en 22 de junio de 2025,Sin puntuación,Iván,“Ambiente Acojedor”,Todo En General,Todo Me Gusto
CordobaPatio,Escrito en 22 de junio de 2025,Sin puntuación,Marta,"“Todo muy bien. Cómodo, práctico y muy bien ubicado”",La comodidad del apartamento y la tranquilidad.,
CordobaPatio,Escrito en 21 de junio de 2025,Sin puntuación,Nahikari,“Perfecto”,Es un sitio precioso y acogedor.,No puedo decir nada malo.
CordobaPatio,Escrito en 21 de junio de 2025,Sin puntuación,Belinda,Fantástico,"La ubicación, es bastante céntrico a 15 min de la Mezquita. La atención muy buena, limpio, moderno y con algún detalle excepcional como su fuente de agua fresca a disposición de los huéspedes y su piscinita. La atención del bar muy buena y servicial.","El baño necesitaba un repaso de fontanería estaba un poco suelto...El desayuno estaba muy correcto por el precio, pero era mejorable, algún yogurt o algo caliente..."
CordobaPatio,Escrito en 21 de junio de 2025,Sin puntuación,Clara,“Muy agradable y buena ubicación”,"El patio interior, baño, acceso a microondas y demás está muy bien pensado, ambiente tranquilo y agradable, estuve teletrabajando sin problema",
CordobaPatio,Escrito en 20 de junio de 2025,Sin puntuación,Sanae,Excepcional,La ubicación porque está en pleno centro de la zona antigua y la tranquilidad .,Que hubiera solo una ducha para 8 persona en mi caso .
CordobaPatio,Escrito en 20 de junio de 2025,Sin puntuación,Hernandez,“El mejor hostel en el que he estado”,"Todo! Las instalaciones nuevas, todo muy cómodo y limpio, hermoso lugar, ubicación excelente, el personal muy amable y la piscina limpia, volvería a ir 100%",
CordobaPatio,Escrito en 15 de junio de 2025,Sin puntuación,Maria,“Excelente”,Muy bonito y cuidado. Muy buen ambiente,
CordobaPatio,Escrito en 13 de junio de 2025,Sin puntuación,Alexander,Excepcional,Todo me ha gustado  y la atención,Me ha gustado todo
CordobaPatio,Escrito en 13 de junio de 2025,Sin puntuación,Maria,Excepcional,Excelente instalaciones y todo impecable!  Volvería,
CordobaPatio,Escrito en 12 de junio de 2025,Sin puntuación,Amir,“Excelente estadía”,"Excelente todo: instalaciones, ubicación y personal. Recomendado 100%",
CordobaPatio,Escrito en 10 de junio de 2025,Sin puntuación,Gregoret,“Super Recomendable”,Excelentes las instalaciones!!! muy modernas y super limpio!!! Hermosa la pileta para estos días de tanto calor. Ubicación inmejorable. El Personal con la mejor onda y predisposición siempre!!!,No hubo ningún detalle que no me haya gustado.
CordobaPatio,Escrito en 9 de junio de 2025,Sin puntuación,Leticia,Excepcional,Las instalaciones,Que está un poco rebuscado
CordobaPatio,Escrito en 8 de junio de 2025,Sin puntuación,Elisabet,“Lugar agradable. Muy bien atendida. Repetiré!”,Desayuno correcto. Ubicación perfecta. Atención recepción muy buena. Personal muy agradable.,Todo ok
CordobaPatio,Escrito en 5 de junio de 2025,Sin puntuación,Mary,“Tranquilo”,"La ubicación está muy bien,  un local tranquilo y agradable para pasar unos días,  cómodo, limpio y barato",Todo bien
CordobaPatio,Escrito en 4 de junio de 2025,Sin puntuación,Davila,“Muy amable su personal”,Bueno,Todo bien
CordobaPatio,Escrito en 2 de junio de 2025,Sin puntuación,Silvia,Excepcional,"Exelente el lugar, la relación calidad precio. Impecable limpieza y destacar  la atención de recepcionistas!",
CordobaPatio,Escrito en 2 de junio de 2025,Sin puntuación,Yolanda,“Muy bien para nuestra escapada a Córdoba”,La piscina y la limpieza. El personal muy agradable y siempre dispuestos a ayudar.,El agua de la piscina muy turbia. Me gustaría que hubiera nevera en las habitaciones . En general muy bien. Volveremos
CordobaPatio,Escrito en 26 de mayo de 2025,Sin puntuación,Barrionuevo,“Hostel inmejorable”,"Hotel excelente, limpio,cómodo, céntrico.  Repetiría sin duda.",
CordobaPatio,Escrito en 26 de mayo de 2025,Sin puntuación,Gusluz,Fantástico,"La ubicación ,la atención del personal y su recepción ,la limpieza.","La relación precio calidad ,estaba sobre valuado ,no fue una fecha muy adecuada pero no valía lo que me ofrecieron ,me pareció caro lo que pagué,todo lo demás correcto"
CordobaPatio,Escrito en 25 de mayo de 2025,Sin puntuación,Karlyta,Muy bien,El personal de 10,
CordobaPatio,Escrito en 10 de febrero de 2025,Sin puntuación,Ana,Excepcional,Muy bien situado y muy limpio. Muy recomendable.,
CordobaPatio,Escrito en 10 de febrero de 2025,Sin puntuación,Carlos,Excepcional,"Excelente!!!La ubicación del hostal es perfecta.La amabilidad del personal.Muy limpio.Amplias las habitaciones.El desayuno tiene cereales, leches, pan, croissant, cafés.",
CordobaPatio,Escrito en 10 de febrero de 2025,Sin puntuación,Ana,“Buenísima estancia”,"El alojamiento era impecable y la ubicación excelente. En mi caso viajé con amigas y llenamos una habitación entera, pero tenía taquillas y sistemas seguros por si hay que compartir con desconocidos. Limpieza buenísima.",
CordobaPatio,Escrito en 10 de febrero de 2025,Sin puntuación,Ivi,"“Muy recomendable!!!!
Las instalaciones super modernas; limpias. 
Muy céntrico y buena ubicaci”",Las instalaciones,Deberían filtrar mejor el tipo de gente que va porque las instalaciones y atención es muy buena. Pero había personas que volvían borrachas olor a cigarrillos y mal educada.
CordobaPatio,Escrito en 9 de febrero de 2025,Sin puntuación,Jpss,Excepcional,Limpieza y todo nuevo,Falto una cocina y nevera
CordobaPatio,Escrito en 9 de febrero de 2025,Sin puntuación,Daniela,“Supero expectativas”,"Excelente hostel, el personal muy servicial y amable, impeccable y bien ubicado. Fue una excelente experiencia!",Nada
CordobaPatio,Escrito en 6 de febrero de 2025,Sin puntuación,Matías,Excepcional,"Desayuno, la habitación, baño dentro de la habitación y el espacio común.",Las camas podrían tener más privacidad sobre todo para no molestar con la luz de las camas
CordobaPatio,Escrito en 4 de febrero de 2025,Sin puntuación,Maria,“Fantástico”,Todo muy limpio y la habitación con todo lo necesario.,Al desayuno le falta variedad
CordobaPatio,Escrito en 3 de febrero de 2025,Sin puntuación,Mawi,Muy bien,La ubicación y el patio interior,"La ubicación es buena, pero si vas con carrito de bebé es un poco complicado circular por los adoquines de sus calle de acceso al hospedaje"
CordobaPatio,Escrito en 3 de febrero de 2025,Sin puntuación,Fernando,Excepcional,"El trato del personal, siempre dispuesto a ayudar, las instalaciones, la ubicación. Lo recomiendo.","Como sugerencia, podían colocar unas cortinas en las camas, para dar un poco más privacidad."
CordobaPatio,Escrito en 2 de febrero de 2025,Sin puntuación,Beatriz,"“Habitación moderna, limpia y económica”",Muy bonito y moderno,"Un pelín alejado del centro con una calle de difícil acceso, me falto una recepción para que alguien del equipo le diera un toque más personal. En la habitación había un detector de humos y otros aparatos más que no identifique que daban una luz muy molesta durante la noche con “flashes” en mitad de la oscuridad"
CordobaPatio,Escrito en 1 de febrero de 2025,Sin puntuación,Valentina,“Muy cómodo y pintoresco”,Muy limpia y pintoresca. El patio es precioso,El microondas estaba muy lejos
CordobaPatio,Escrito en 30 de enero de 2025,Sin puntuación,Carrasco,“Excelente relación precio-calidad”,"Fácil check in y check out, el lugar es lindo y los espacios comunes son cómodos. Estaba limpio, tenía miedo por algunos comentarios en google, pero mi habitación estaba limpia y ordenada, al igual que los pasillos y espacios comunes/zonas de estar","El espacio del baño (wc) de la habitación es muy pequeño, y , pese a que la ducha era espaciosa, no había lugar para dejar la ropa durante la ducha."
CordobaPatio,Escrito en 30 de enero de 2025,Sin puntuación,Romina,“Muy bueno”,"Muy buena ubicación, limpieza y atención.",Nada.
CordobaPatio,Escrito en 30 de enero de 2025,Sin puntuación,Marta,Muy bien,,Las almohada. Por mi gusto demasiado blandas.
CordobaPatio,Escrito en 27 de enero de 2025,Sin puntuación,Samir,Excepcional,De todo bien,Nada
CordobaPatio,Escrito en 27 de enero de 2025,Sin puntuación,Jose,“Agradable”,"Habitación cómoda, original, limpia y agradable",Almohada
CordobaPatio,Escrito en 27 de enero de 2025,Sin puntuación,Cristiano,Excepcional,"La ubicación, el personal muy cordial y las instalaciones fueron todos genial. El sitio es precioso.","Nada, todo estupendo, para repetir."
CordobaPatio,Escrito en 27 de enero de 2025,Sin puntuación,Andressa,Excepcional,"Me encantó, el sitio es muy bonito y las instalaciones muy buenas. Hay enchufe dentro de la taquilla, baño completo en la habitación. Todo muy limpio.",
CordobaPatio,Escrito en 26 de enero de 2025,Sin puntuación,Estela,“Genial”,"La habitación era muy bonita y estaba limpia. Fue muy fácil hacer el check-in y el check-out. Tiene un patio muy bonito también, y nos dejaron una mantita y un comedero para nuestro perro.","Es difícil aparcar cerca, tuvimos que dejar el coche algo lejos y estaba lloviendo. La calle donde está es de piedrecitas y se anda algo mal con maletas."
CordobaPatio,Escrito en 23 de enero de 2025,Sin puntuación,Bruno,“Conociendo Córdoba por primera vez”,La terraza y las literas.,Que la ducha perdía mucha agua.
CordobaPatio,Escrito en 23 de enero de 2025,Sin puntuación,Rocio,“Muy bueno”,"La ubicación es muy buena, es un hostel moderno y limpio. Muy lindo el patio central.",El lavamanos estaba dentro de la habitación (en habitación femenina compartida) y era un poco incomodo por los ruidos que otro o uno mismo genera mientras hay gente durmiendo. El resto impecable
CordobaPatio,Escrito en 23 de enero de 2025,Sin puntuación,Prado,“Fusión de estilos”,La mezcla de la arquitectura antigua con el diseño moderno. La amplitud de la habitación.,"El check in es muy tarde, debería ser a media mañana."
CordobaPatio,Escrito en 23 de enero de 2025,Sin puntuación,Karen,Muy bien,"Tiene un patio súper lindo. Las habitaciones tienen baño adentro Con secador de pelo, lockers, y en la cama una luz propia y espacio para colgar tus cosas. Super práctico y cómodo.","El check in es a las 15, con el código de acceso no pude ingresar a los espacios comunes antes de ese horario."
CordobaPatio,Escrito en 22 de enero de 2025,Sin puntuación,Lombardi,“Lo ideal para conocer cordoba”,"Todo de primera calidad !  Lo súper recomiendo 
 El desayuno es muy bueno",Nada
CordobaPatio,Escrito en 4 de noviembre de 2024,Sin puntuación,Christian,Muy bien,La ubicación está a menos de 10 minutos caminando a todas las principales atracciones turísticas y las instalaciones están muy bien,"Las camas en las habitaciones compartidas no tienen cortinas por lo que no hay mucha privacidad, sobretodo considerando que son mixtas. Ese es el único detalle"
CordobaPatio,Escrito en 28 de octubre de 2024,Sin puntuación,Josefina,“Si vuelvo a Córdoba seguro me quedo aquí!”,"La casa es preciosa, el desayuno muy rico, hay un locker extra debajo de las camas que ayuda mucho. Por sobre todo quiero destacar a Borja y el otro chico ya que son un amor, muy atentos, relajados y con buena disposición. No es el típico hostel, diría que es un nivel más arriba en todo sentido. Te hacen sentir como en casa.","Todos los espacios comunes estaban impecables pero lo que sí faltó fue mayor regularidad en ir a limpiar a la habitación, teníamos los basureros llenos y se notaba el ajetreo. Creo que arreglando eso tendrían la nota máxima."
CordobaPatio,Escrito en 28 de octubre de 2024,Sin puntuación,Carlos,“Bien”,El patio interno y el espacio de cocina,"Baños muy pequeños,poca intimidad,las camas no cuentan con cortinas. Demasiado pequeño los baños"
CordobaPatio,Escrito en 27 de octubre de 2024,Sin puntuación,Alicia,Fantástico,"Nos ha gustado bastante a todo el grupo. Un lugar con encanto, sobretodo por sus zonas comunes.
Las habitaciones con lo justo para dormir en el centro de Córdoba a muy buen precio",Las almohadas demasiado finas. Por lo demás todo 8de 10
CordobaPatio,Escrito en 20 de octubre de 2024,Sin puntuación,Valentina,“Volveré siempre que vaya a Córdoba”,"Cuando reservé leí muchas reseñas malas y no fui muy convencida pero era donde quedaba disponibilidad para este finde. Me llevé una sorpresa muy buena al ver que lo que leí estaba todo muy alejado de lo que realmente es el hostel. El personal es muy amable, el check in fue fácil, los baños son cómodos y tienen jabón y secador de pelo. Las instalaciones son preciosas, hay una cafetería dentro y pude dejar las mochilas sin costo antes de hacer el check in y después de hacer el check out.",Lo único que dejaría como comentario es que podrían agregar cortinas en las camas y las almohadas son bastante bajas.
CordobaPatio,Escrito en 16 de octubre de 2024,Sin puntuación,María,“me gusta ver el telediario”,"En general todo, limpio nuevo y los demás turistas muy agradable",No tener una sala con tele
CordobaPatio,Escrito en 16 de octubre de 2024,Sin puntuación,Maria,“fin de semana para repetir”,,"las almohadas son algo incomodas, son muy bajas!"
CordobaPatio,Escrito en 15 de octubre de 2024,Sin puntuación,Leandro,Muy bien,"Sistema de tecnología muy automatizado, seguro,  moderno y limpio! Muy bueno!",Sugerencia constructiva: colocar cortina en las camas para aislar y dar cierta privacidad.
CordobaPatio,Escrito en 14 de octubre de 2024,Sin puntuación,Roy,“Muy buena calidad/precio”,El personal fue siempre muy cordial a la vez que amable y las instalaciones estaban muy limpias,
CordobaPatio,Escrito en 14 de octubre de 2024,Sin puntuación,R,"“Comodidad, sencillez, orden y limpieza en una excelente ubicación”",No desayuné. La ubicación muy buena,"No es muy importante, el hecho de que no tenga ventanas al exterior"
CordobaPatio,Escrito en 14 de octubre de 2024,Sin puntuación,Charo,"“Un lugar moderno, económico y con encanto”","El alojamiento me sorprendió gratamente. Las instalaciones son modernas y bien cuidadas, y el desayuno es bastante completo. El personal, aunque no está físicamente presente, es muy amable y accesible cuando lo necesitas.","Al principio me preocupaba la idea de un alojamiento totalmente virtual, pero está muy bien organizado y no tuve mayores problemas. La única complicación fue con la aplicación para abrir las puertas, que me dio algunos problemas, pero también teníamos un código alternativo que funcionaba bien. En general, una experiencia cómoda y eficiente."
CordobaPatio,Escrito en 12 de octubre de 2024,Sin puntuación,Jesus,Excepcional,Las instalaciones … limpias … ordenadas … cómodas camas … La atención .. me gustó todo,Me gustó todo
CordobaPatio,Escrito en 11 de octubre de 2024,Sin puntuación,Yasmin,Excepcional,Superó completamente mis expectativas. Y la ubicación inmejorable.,
CordobaPatio,Escrito en 7 de octubre de 2024,Sin puntuación,Agustina,Fantástico,La ubicación y la infraestructura de las instalaciones. Camas cómodas.,Muy poco espacio para guardar cosas. La habitación no tenía ventana.
CordobaPatio,Escrito en 7 de octubre de 2024,Sin puntuación,Isabel,Excepcional,Ubicación,Nada
CordobaPatio,Escrito en 7 de octubre de 2024,Sin puntuación,Juan,Fantástico,"Todo muy bueno, el personal de 10.","Nada, todo bien"
CordobaPatio,Escrito en 3 de octubre de 2024,Sin puntuación,Junior,“Cool”,Cool,Cool
CordobaPatio,Escrito en 3 de octubre de 2024,Sin puntuación,Vicente,Excepcional,Las instalaciones son muy nuevas. Mucho comfort. La atención del personal genial.,Nada
CordobaPatio,Escrito en 1 de octubre de 2024,Sin puntuación,Paloma,Excepcional,La piscina y era muy práctico que estuviera separado la ducha del váter del lavabo y no todo en un mismo baño. De esta manera no ocupas el baño entero y lo pueden utilizar varias personas con diferentes funciones,"En la zona común podría añadirse alguna silla más y también para la piscina. El desayuno aunque estaba muy bien podría haber más variedad en panes, solo había de dos tipos. Mi taquilla estaba rota así que no pude usarla con esa función, solo guardé cosas"
CordobaPatio,Escrito en 28 de septiembre de 2024,Sin puntuación,Ana,“Céntrico y cómodo”,Todo.,
CordobaPatio,Escrito en 27 de septiembre de 2024,Sin puntuación,Daniel,Muy bien,"Ubicación, personal, camas cómodas, ambiente, piscina",Para ser un hostal debería disponer de frigoríficos comúnes y lugar habilitado para cocinar
CordobaPatio,Escrito en 27 de septiembre de 2024,Sin puntuación,Angela,“muy nuevo”,"está todo muy nuevo, las camas son robustas y si uno se mueve no se tambalea todo, baños nuevos y habitación limpia.",me hubiera gustado que hubiera habitación exclusiva de mujeres y que no fueran todas mixtas.
CordobaPatio,Escrito en 25 de septiembre de 2024,Sin puntuación,Juan,Fantástico,"Al principio fui muy reacio para compartir habitación con desconocidos, fue tan positiva la experiencia que he vuelto a repetir",Por poner algo negativo (que no lo es realmente) el desayuno buffet algo escaso pero lo suficiente para satisfacer las necesidades
CordobaPatio,Escrito en 22 de septiembre de 2024,Sin puntuación,Youssef,“Genial”,"El hostal en sí, está genial, súper limpio, se nota que está nuevo, además la chica que nos atendió fue súper amable y atenta, 10/10 en todos los sentidos. 100% recomendable.","Me gustó todo, 10/10."
CordobaPatio,Escrito en 17 de septiembre de 2024,Sin puntuación,Mayte,Fantástico,Me ha encantado todo.,"Solo por poner un pero, en el desayuno no estaría nada mal ,poner algo más de entremeses y algun tipo queso ,solo habia jamon de york ."
CordobaPatio,Escrito en 30 de junio de 2024,Sin puntuación,Esther,Excepcional,Me gustó todo.. las habitaciones  y las zonas comunes.,
CordobaPatio,Escrito en 27 de junio de 2024,Sin puntuación,Danniel,Fantástico,"Moderno, tecnológico.
Siempre hace falta una persona cálida que te reciba pero entiendo el concepto, las instalaciones están muy bien cuidadas y no hay quejas!","Sería bueno poner cortinas en cada litera, para una mayor privacidad"
CordobaPatio,Escrito en 27 de junio de 2024,Sin puntuación,Ainhoa,“Recomendable”,"Buena ubicación,camas cómodas y que es muy acogedor",El desayuno cuesta 6€ y no merece la pena para lo que ofrece me pareció escaso y la piscina necesita limpieza mas a menudo puesto que revolotean muchisimas palomas alrededor y las heces caen al agua
CordobaPatio,Escrito en 26 de junio de 2024,Sin puntuación,Mikel,"“Moderno, buena ubicación y con piscina.”",Instalaciones modernas. Ubicación excelente. Piscina. Personal atento y cercano.,El excesivo calor pero eso no es culpa del Hostel 😄
CordobaPatio,Escrito en 25 de junio de 2024,Sin puntuación,Bayron,“Excelente opción moderna pero con la escencia de Córdoba.”,"La ubicación está bastante bien y es muy bonito y tranquilo, la piscina está súper bien de tamaño y tiene variedad en las cosas que venden. El recepcionista es muy amable y te atiende de muy buena manera. Las camas son cómodas y tiene varios toma corrientes. Hay 2 lockers aprox por persona disponibles lo cual está muy bien por que aparte son bastante amplios.","Las camas no tienen cortinas para que no entre la luz, el baño no cerraba bien la puerta. Cosas que pueden mejorar pero aún así es increíble el lugar."
CordobaPatio,Escrito en 25 de junio de 2024,Sin puntuación,José,Muy bien,"Buena ubicación.bonito lugar.Moderno","No dispone de nevera sobretodo ahora cuando Empieza el calor.La Puerta del bańo hace ruido."
CordobaPatio,Escrito en 25 de junio de 2024,Sin puntuación,Ane,“Muy recomendable”,"El alojamiento es muy bonito, está muy bien ubicado, cerca del ayuntamiento y a 15 minutos andando de la Mezquita. Todo se ve muy cuidado y nuevo, limpio y agradable. Las camas muy cómodas.
La piscina es pequeña pero está bien, se agradece.",Nos gustó todo pero hemos echado de menos una nevera para mantener el agua fría.
CordobaPatio,Escrito en 23 de junio de 2024,Sin puntuación,Gaona,Excepcional,La tranquilidad y el silencio del orden y la seguridad,Piscina quizás demasiado pequeña
CordobaPatio,Escrito en 23 de junio de 2024,Sin puntuación,Alvaro,“Fantástico”,"La ubicación, el silencio por la noche para descansar debidamente. Las habitaciones muy cómodas, el personal muy amable y atento, aunque todo es digital, hay personal que te atiende muy amablemente en la cafetería. Un diez, sin duda.","Quizás la falta de un espejo grande en la habitación, sólo hay uno pequeño en el baño."
CordobaPatio,Escrito en 23 de junio de 2024,Sin puntuación,Daniela,“Muy bueno”,Las areas comunes y piscina,Los lavamanos estaban incluidos dentro de la habitación.
CordobaPatio,Escrito en 22 de junio de 2024,Sin puntuación,Micaela,Excepcional,"Muy lindo lugar! Habitación confortables.Cuentsn con lockers individuales que disponen de enchufes para dejar cargando pertenencias en forma segura.Vistoso y cómodo espacio común, con reposeras y puffs para lectura, merienda...",
CordobaPatio,Escrito en 22 de junio de 2024,Sin puntuación,Anabel,Fantástico,"El lugar es hermoso,muy cómodo y muy buen gusto",
CordobaPatio,Escrito en 17 de junio de 2024,Sin puntuación,Daniel,Excepcional,Limpieza y ubicación,Habitación de 10 un poco masiva
CordobaPatio,Escrito en 17 de junio de 2024,Sin puntuación,Antonella,“Cálida y agradable”,El patio y la zona de la pileta.,La ducha no tenía buen desagüe y en muchas ocasiones había agua al frente de las camas.
CordobaPatio,Escrito en 17 de junio de 2024,Sin puntuación,Grace,"“Excelente hostel, lo recomiendo mucho.”","Me encantò este hostel, es uno de los mas bonitos en los que he estado. Definitivamente se siente lujoso y acojedor. Todo muy limpio, las instalaciones muy bellas y las literas muy comodas. La ubicaciòn excelente tambien. Ademas, durante mi estancia me sucedio un evento inesperado y el staff fue muy amable conmigo en querer ayudarme.","Todo me gustò, aunque tal vez podria decir que habia poca ventilaciòn porque solo habia una ventana lejos de la litera en la que yo estaba, por lo demas todo bien."
CordobaPatio,Escrito en 16 de junio de 2024,Sin puntuación,Miquel,Excepcional,"Ubicación excelente, instalaciones muy bonitas y cómodas",
CordobaPatio,Escrito en 14 de junio de 2024,Sin puntuación,Cynthia,“.”,"Me encantó la limpieza, la cordialidad de las personas, lo acogedor y cálido que es sus flores y pileta!!
Gracias",Solo agregaría la parte de una nevera para mantener la bebida fría
CordobaPatio,Escrito en 11 de junio de 2024,Sin puntuación,Maria,“Satisfecha”,"Su patio, limpieza, agua caliente ….",Muchas camas en un habitáculo pequeño
CordobaPatio,Escrito en 11 de junio de 2024,Sin puntuación,Alberto,Fantástico,"El hostel es impresionante en todos los sentidos,tiene casi todo lo que se le puede pedir a buen precio",
CordobaPatio,Escrito en 10 de junio de 2024,Sin puntuación,Carrasco,Muy bien,"El personal,
Y los espacios exteriores ,patio y piscina",El.primer dormitorio era demasiado pequeño para poder pernoctar 8 personas pude cambiarme
CordobaPatio,Escrito en 10 de junio de 2024,Sin puntuación,Ana,“Maravillosa”,Todo,.
CordobaPatio,Escrito en 8 de junio de 2024,Sin puntuación,Eduardo,“Estancia muy agradable”,"Habitación amplia, cómoda y limpia.",El parking está muy lejos.
CordobaPatio,Escrito en 8 de junio de 2024,Sin puntuación,Jessica,Excepcional,"Las habitaciones estaban climatizadas y eso fue hermoso puesto que hacía muchísimo calor en Córdoba 😅
Además, cada cama tenía una repisa con compartimentos para colocar tus cosas, lo cual lo hacía muy práctico 
De igual forma, el gabinete donde guardas tu maleta tenía ganchos para colgar la ropa",Todo estuvo bien
CordobaPatio,Escrito en 8 de junio de 2024,Sin puntuación,Maria,Fantástico,Muy central y buenas opciones de habitaciones,"El desayuno , me parece que deben ampliar el menú, faltó huevos y queso."
CordobaPatio,Escrito en 3 de junio de 2024,Sin puntuación,José,Fantástico,"La terraza, la forma de códigos xa entrar tanto al alojamiento como las habitaciones",Baño compartido
CordobaPatio,Escrito en 27 de febrero de 2024,Sin puntuación,Berenice,“Muy buena ubicación”,"Muy buena localización, instalaciones modernas y cómodas",
CordobaPatio,Escrito en 26 de febrero de 2024,Sin puntuación,Alejandro,Muy bien,"Hubo problemas al hacer la reserva (cambios en el tipo de camas y condiciones de cancelación al llamar para pedir otros cambios en la reserva), por lo que de entrada, íbamos con un poco de desconfianza. Sin embargo, desde que llegamos el personal fué de lo más amable, desde el primer día hasta el último momento. Además nos dieron consejos muy acertados sobre lugares para conocer...así que de lo mejor del lugar, destacamos  sin duda al personal. Además, el patio es bonito, cómodo y agradable. Hemos estado a gusto","El baño de la habitación olía mal, como a humedad (tipo tubería atascada o así), pero todo funcionaba bien. Por lo demás todo bien."
CordobaPatio,Escrito en 26 de febrero de 2024,Sin puntuación,Valen,"“Espectacular. Ubicación, ambiente, personal y comodidad.”","Es demasiado!!! Lindo, cómodo, bien ubicado, excelente servicio; el personal de día y el chico de noche siempre están atentos a lo que se necesite y con una actitud genial y sobretodo genuina. 
Llegar después de un día de recorrido a relajarse en el café o en las diversas sillas que tienen en el l patio es buenísimo. 
Y el ambiente del hostel es amigable y se transmite a los huéspedes. 
Las camas son muy cómodas. Incluiría una cortina, hace mucha falta la privacidad. 
Queda a 20 mins de la Mezquita y está bien por qué te permite caminar por calles hermosas para llegar allí.","Mejoraría la limpieza d la habitación y principalmente de la ducha: el piso estuvo muy sucio los dos días. No fue limpiada evidentemente. 
Las basureras estuvieron siempre a tope :("
CordobaPatio,Escrito en 25 de febrero de 2024,Sin puntuación,Maria,Excepcional,"Ell edificio muy bonito, esta muy bien situado y muy limpio todo, el personal muy amable",Todo perfecto
CordobaPatio,Escrito en 20 de febrero de 2024,Sin puntuación,Sara,“escapada de amigas”,"El sitio es precioso, nosotros cogimos una habitacion unica para cuatro amigas con baño dentro el precio fue muy bueno y la atencion tambien, facil cheking en la puerta con pantallas para facilitar entrada y salida",el desayuno buffet podria tener algo mas de variedad pero suficiente para coger fuerzas
CordobaPatio,Escrito en 19 de febrero de 2024,Sin puntuación,Zapperi,Excepcional,Las instalaciones son.muy lindas y todo está impecable.,
CordobaPatio,Escrito en 19 de febrero de 2024,Sin puntuación,Santiago,"“Hermosa estadía, con espacios comunes para charlar con gente y muy limpio todo.”","Muy limpio, estético y bonito.",Solo agregaría que pusieran cortinas en las camas
CordobaPatio,Escrito en 19 de febrero de 2024,Sin puntuación,Moises,“Directo”,Todo,
CordobaPatio,Escrito en 19 de febrero de 2024,Sin puntuación,Susana,“Agradable estancia en Córdoba”,"La habitación era grande y confortable. Disponía de todo lo necesario. El personal muy amable, nos ayudó en todo lo que necesitamos. El servicio de guarda de maletas gratuito nos permitió seguir visitando la ciudad cómodamente tras el check-out.El patio es una preciosidad. Muy agradable con sus mesas y tumbonas, donde puedes hacer un descanso para tomar algo, leer o simplemente pasar un rato.","El comedor para el desayuno se queda un poco pequeño para la gente que hay. El desayuno me pareció poco variado y lo que había no estaba especialmente bien (de embutido sólo había jamón cocido, dos tipos de fruta, los cruasanes no eran frescos, el café era bastante malo...). En mi opinión, fue lo peor del alojamiento, por lo demás todo muy bien."
CordobaPatio,Escrito en 18 de febrero de 2024,Sin puntuación,Jose,"“Limpieza, ubicación y servicio excelente muy recomendable”",Limpieza y ubicacion,
CordobaPatio,Escrito en 16 de febrero de 2024,Sin puntuación,Maariirevelo,Excepcional,"Increíble lugar! Tranquilo, limpio, cómodo... Volveré sin lugar a duda. Esta además bien conectado con el centro de la ciudad. Es un lugar encantador.",
CordobaPatio,Escrito en 16 de febrero de 2024,Sin puntuación,Alonso,“Perfecto para fin de semana con amigos”,"Funcional, limpio, muy bien atendido. Ideal para estancias cortas en grupo",No tengo comentario negativo.Se adecuó perfectamente a nuestras necesidades .
CordobaPatio,Escrito en 16 de febrero de 2024,Sin puntuación,Pablo,“Estuvo muy bien”,"La verdad el lugar es muy bueno, llegas todo limpio, el patio y la parte del bar es lo mejor. Las habitaciones bien y las camas tb. El personal muy amable",Quizás el baño privado en una habitación compartida no es lo mejor( por si alguien hace sus necesidades) pero la ducha un 10 y el baño muy bien
CordobaPatio,Escrito en 15 de febrero de 2024,Sin puntuación,Roser,Excepcional,"¡Una estancia preciosa, en una ciudad preciosa! Me encantó pasar un par de días aquí, las camas super comodas, se puede teletrabajar comodamente, el staff muy agradable y las habitaciones muy bonitas y las camas cómodas. Sin duda, repetiré.",
CordobaPatio,Escrito en 13 de febrero de 2024,Sin puntuación,Sandra,“Alojamiento estupendo”,"Un alojamiento estupendo! Todo limpio, amplio y el personal muy amable!",
CordobaPatio,Escrito en 13 de febrero de 2024,Sin puntuación,Jesús,Excepcional,La estructura se encontraba en muy buenas condiciones,
CordobaPatio,Escrito en 9 de febrero de 2024,Sin puntuación,Anna,Muy bien,La limpieza y decoración.,Que no se podía acceder en coche al casco antiguo sin un permiso del hostal y no nos informaron con anterioridad. Eso hubiera facilitado mucho la carga y descarga de equipaje.
CordobaPatio,Escrito en 8 de febrero de 2024,Sin puntuación,Jonathan,“100 % recomendado”,Todo muy bueno ..primero la.buena atencion que dan en la recepcion..el sistema de abrir las puertas con una app buenisimo y el.edificio en general muy lindo ...el patio da para compartir todo estaba muy limpio y se ve todo muy nuevo o en muy buen estado...de los mejores hostel en que me he quedado...muy cerca del casco antiguo y en medio de esas callecitas estrechas magicas de Cordoba....muy recomendable lugar,
CordobaPatio,Escrito en 7 de febrero de 2024,Sin puntuación,Valentina,“Buena experiencia”,"Áreas comunes muy lindas y bien cuidadas, buena ubicación, personal amable, opción de desayuno buffet",Demasiado calor en las habitaciones
CordobaPatio,Escrito en 6 de febrero de 2024,Sin puntuación,Javiera,Fantástico,"Todo nuevo, buena ubicación, lindo y acogedor","La habitación no tenia ventana, el aire quedaba muy encerrado, las camas podrían tener cortinas para mayor privacidad"
CordobaPatio,Escrito en 5 de febrero de 2024,Sin puntuación,Nathali,Excepcional,Todo genial! En pleno centro y muy tranquilo,Todo bien.
CordobaPatio,Escrito en 31 de enero de 2024,Sin puntuación,Fe,Excepcional,"Limpio, nuevo, comodísimo, ordenado. Las camas muy cómodas y la ducha fantástica. Pedimos una almohada extra y no hubo ningún problema. El desayuno muy bien, por el precio que tiene no puedes pedir más.",Nada.
CordobaPatio,Escrito en 29 de enero de 2024,Sin puntuación,Alejandra,Excepcional,"El patio, la habitación, la cama súper cómoda, los baños muy bien.",Todo estaba bien
CordobaPatio,Escrito en 26 de enero de 2024,Sin puntuación,Daniel,Excepcional,"La ubicación, la limpieza y todo el personal❤️❤️❤️ las camas comodísimas, las duchas perfectas, etc. Todo hermoso 🤗",
CordobaPatio,Escrito en 26 de enero de 2024,Sin puntuación,Rocio,“Fin de semana en amigos”,Moderno y funcional. Buena limpieza.,
CordobaPatio,Escrito en 26 de octubre de 2023,Sin puntuación,Andrea,“Una buen lugar donde quedar por un rápido descanso”,La calidad precio y el desayuno incluido,La toalla del baño con pelo
CordobaPatio,Escrito en 25 de octubre de 2023,Sin puntuación,Vignolo,Fantástico,El patio. El desayuno. Las habitacio??n?es,Todo de 10
CordobaPatio,Escrito en 24 de octubre de 2023,Sin puntuación,Cecilia,“Excelente calidad/Precio”,"El hostel y la ubicación es lo mejor. Todo digital, no hay recepción. Las camas son muy comodas y el hostel tiene bar y piscina. Excelente calidad/precio.",El tamaño de la habitación para 10 personas considero que era pequeña.
CordobaPatio,Escrito en 23 de octubre de 2023,Sin puntuación,Alberto,“Debuten”,El sitio era bonito y bien equipado. Buen ambiente,"Tratan de automatizar la reserva y otros servicios con máquinas y apps y eso es bastante tedioso, aburrido y a veces no funciona"
CordobaPatio,Escrito en 23 de octubre de 2023,Sin puntuación,María,Excepcional,"PErfecto alojamiento, limpieza, comodidad, tranquilidad...",
CordobaPatio,Escrito en 22 de octubre de 2023,Sin puntuación,Esteban,“Todo ha sido excellent!”,"Excelente ubicación, limpieza y atención! El edificio es fantástico y muy cómodo.",
CordobaPatio,Escrito en 22 de octubre de 2023,Sin puntuación,Sorin,Excepcional,Todo perfecto,
CordobaPatio,Escrito en 20 de octubre de 2023,Sin puntuación,Joseph,"“Fui a Córdoba con intención de conocer, el hospedaje fue tan agradable como su localidad, thanks.”","La atención es muy buena y servicial, cumple con todas las espectativas.",
CordobaPatio,Escrito en 20 de octubre de 2023,Sin puntuación,Francisca,“Excelente noche”,"Excelente ubicación, limpieza y atención por parte del personal! Jose Carlos un genio y muy amable! Sin dudas lo recomendaría y volveria.",
CordobaPatio,Escrito en 18 de octubre de 2023,Sin puntuación,María,Muy bien,Lo bien cuidado que está y la amabilidad del personal,Poca ventilación en las habitaciones
CordobaPatio,Escrito en 17 de octubre de 2023,Sin puntuación,Alberto,Fantástico,La ubicación,
CordobaPatio,Escrito en 16 de octubre de 2023,Sin puntuación,Daniel,“Buena ubicación pero caro.”,La ubicación y el trato del personal.,Caro para ser una habitación compartida de diez personas.
CordobaPatio,Escrito en 16 de octubre de 2023,Sin puntuación,Andrés,Muy bien,Estaba muy limpio y el sitio era bonito.,El precio para una habitación con literas me pareció excesivo
CordobaPatio,Escrito en 12 de octubre de 2023,Sin puntuación,Laura,“muy bueno”,la limpieza del hostel,"no es bueno el desayuno, y no tiene suficiente espacio común como para trabajar"
CordobaPatio,Escrito en 11 de octubre de 2023,Sin puntuación,Rafael,“Patio cordobés”,Edificio,Desayuno
CordobaPatio,Escrito en 10 de octubre de 2023,Sin puntuación,Alerus,Excepcional,Me encantó todo. La gente un amor. El desayuno genial. El patio maravilloso. TIENE PILETAAAAAAA es el mejor hostel q fui en mi vida,El sábado no pude quedarme porque se había puesto muy caro... me tuve que ir a otro. Si no me quedaba.
CordobaPatio,Escrito en 9 de octubre de 2023,Sin puntuación,Olga,“Un sitio para repetir”,"La instalaciones muy limpias y nuevas, la ubicación fantástica y el personal encantador",
CordobaPatio,Escrito en 8 de octubre de 2023,Sin puntuación,Jose,“Muy buenos en todo!”,"Todo, desde la piscina pasando por las cómodas camas y como no, la atención de Borja, Yaiza y Ana!",Faltan más baños y un poco de privacidad en las duchas
CordobaPatio,Escrito en 8 de octubre de 2023,Sin puntuación,Francesco,Fantástico,"Es sitio super lindo, moderno, limpio, la habitaciones buenisima.","Todo super, pero falta la cocina"
CordobaPatio,Escrito en 7 de octubre de 2023,Sin puntuación,Fuensanta,“Muy tranquilo”,"El hotel es muy bonito, tiene un patio interior con hamacas y otro con piscina. La cama es grande y el baño con buena ducha y toallas. Muy nuevo. Con buen aire acondicionado. Muy tranquilo","Está un poco alejado de la mezquita.No tiene nevera."
CordobaPatio,Escrito en 7 de octubre de 2023,Sin puntuación,Alejandra,“Recomendado”,"Muy bonito, limpio, la amabilidad del personal, la ubicación. Sin duda regresaremos",
CordobaPatio,Escrito en 6 de octubre de 2023,Sin puntuación,María,Fantástico,El patio es precioso y todo es muy moderno.El personal muy agradable y dispuesto a resolverte cualquier duda.,"La parte donde estaba el retrete en la habitación es muy pequeño,para entrar y cerrar la puerta es bastante justo,pero todo lo demás muy bien."
CordobaPatio,Escrito en 4 de octubre de 2023,Sin puntuación,Raúl,Muy bien,,"Viajamos con mis padres (74 y 71 años), nosotros (un matrimonio de 44 años cada uno) y tres niños (10, 9 y 2 años).Nos dieron una habitación ¡para 10 personas!, que sobre el papel no habría ningún problema, el problema es que yo solicité dos habitaciones: una para mis padres y otra para nosotros 5 y nos colocaron en una, que tampoco habría problemas, siempre que hubiera habido, al menos, una cama de matrimonio o dos camas en planta para mis padres, pero nos ubicaron en literas a todos. No hay problema con ello, no tenemos nada contra las literas, pero deberían haberlo especificado. Todo quedó en una anécdota, pero si lo sabes puedes optar por seguir adelante o pedir otra configuración de las habitaciones."
CordobaPatio,Escrito en 1 de octubre de 2023,Sin puntuación,Sandra,Excepcional,"El patio es espectacular, tiene encanto. Las habitaciones geniales, limpias, incluso la cama es cómoda. Va todo con código así que no corres riesgo de perder tarjeta o llave. Repetiría sin lugar a duda por su ubicación y el precio tan bueno.","Echo en falta personal, que te reciba una persona y no tener que hacerlo todo por tablet, pero eso es muy personal."
CordobaPatio,Escrito en 1 de octubre de 2023,Sin puntuación,Vicente,“Todo correcto. Buenas instalaciones”,Céntrico.Muy buenas instalaciones. Muy limpio. Todo bien accesible. El equipo que trabaja es muy amable y atento y me han resuelto pequeñas cosas que surgen.,Para mi gusto necesita un poco más de actividades sociales para facilitar la interacción entre huéspedes. Detalle menor si no quieres sociabilizar.
CordobaPatio,Escrito en 6 de julio de 2023,Sin puntuación,Betsabe,“Excelente”,"Excelente, muy cuidado, silencioso, amorosos los chicos que trabajan ahí.. limpieza y todo muy bien cuidado✨",
CordobaPatio,Escrito en 6 de julio de 2023,Sin puntuación,Montaño,“Espectacular”,Todo espectacular dese el trato del personal hasta las instalaciones,Solo me gustaría que las literas tuvieran cortina
CordobaPatio,Escrito en 3 de julio de 2023,Sin puntuación,Lidia,“Estancia agradable”,"La ubicación,las instalaciones,la piscina y la comodidad de la cama","Las habitaciones un poco pequeñas, sólo tenías el jabón como utensilios del baño y no había nevera.No hay aparcamiento por las inmediaciones.El hotel no estaba señalizado y tuvimos que tirar del Gps.El desayuno a base de croissant,cereales,leche,zumo y pan."
CordobaPatio,Escrito en 3 de julio de 2023,Sin puntuación,Silvia,Excepcional,"Exc lugar, relación precio-calidad fue genial. La ubicación fue muy buena también.",Me gustó todo
CordobaPatio,Escrito en 2 de julio de 2023,Sin puntuación,Fructuoso,Excepcional,"La ubicación, el personal.",
CordobaPatio,Escrito en 1 de julio de 2023,Sin puntuación,Olivia,“Estancia perfecta en el casco histórico de Cordoba.”,Todo. Desde la ubicación hasta las instalaciones. La piscina te da la oportunidad de pasar las horas centrales del día de manera más agradable por el calor que hace. Muy bien situado lo que te permite desplazarte a pie a las zonas de interés. Ambiente muy relajado y tranquilo. Volvería sin dudarlo,
CordobaPatio,Escrito en 30 de junio de 2023,Sin puntuación,Ariel,“Viaje Córdoba business”,"Las habitaciones están muy limpias y ordenadas, tal como se ve en las fotos.","El aire acondicionado por la noche está demasiado frío, aconsejo subirlo un par de grados."
CordobaPatio,Escrito en 28 de junio de 2023,Sin puntuación,Francisco,Excepcional,"De vez en cuando me hospedó en este hostal, y la verdad todo a mi gusto, es más la atención personalizada de Ana la encargada del bar, es imprescindible me ayudó en todo lo que pudo para que mi estancia fuese lo más amena posible cuando quise hacer la entrada y luego cuando quise cambiar de habitación, agradecido por su parte...","Ya me paso en Navidades, ahora de nuevo al hacer la entrada, para mi es lioso todo, debería haber recepción, si no es imposible, o sease que te llevas un tiempo hasta que haces el trámite, y luego por fin consigues entrar al hostal, que conste..."
CordobaPatio,Escrito en 27 de junio de 2023,Sin puntuación,Ybe,“INCREÍBLE”,"TODO, de lejos el mejor Hostel que he visitado en este viaje por espana",Todo estaba perfecto !!
CordobaPatio,Escrito en 25 de junio de 2023,Sin puntuación,Elena,“Bien situado y buenas instalaciones”,"Instalaciones y personal, todo ha sido un placer",
CordobaPatio,Escrito en 25 de junio de 2023,Sin puntuación,Claudia,Excepcional,"Todo es increíble, tal cual las fotos. El alojamiento está súper céntrico y todo está muy nuevo. La piscina es un acierto en esta época. Además, los chicos de recepción son geniales, tuvimos un problema con booking y nos cambiaron de habitación sin coste alguno. ¡Para volver si o si!",Nada.
CordobaPatio,Escrito en 24 de junio de 2023,Sin puntuación,Gaby,"“Hermoso Hostel, lo recomiendo y sin dudas volvería.”","Era muy limpio, amplio y cómodo.",
CordobaPatio,Escrito en 24 de junio de 2023,Sin puntuación,Lucia,“Muy acogedor”,"Las comodidades de la habitación, la amabilidad del personal y la facilidad para el proceso de reserva y check in",Falta algún tipo de queso en el desayuno. Y sumaría huevo
CordobaPatio,Escrito en 19 de junio de 2023,Sin puntuación,Isaac,Muy bien,"Hotel muy limpio, con instalaciones nuevas y bien cuidadas. Personal atento y amable. La piscina es un plus. Camas muy cómodas.",Nada a destacar. Todo muy bien.
CordobaPatio,Escrito en 15 de junio de 2023,Sin puntuación,Maria,Excepcional,"En general todo,  limpieza, ubicación, atención personal, tranquilidad...",
CordobaPatio,Escrito en 9 de junio de 2023,Sin puntuación,Rocio,Fantástico,Ubicación Perfecta.,
CordobaPatio,Escrito en 9 de junio de 2023,Sin puntuación,Sebastian,“Fabuloso”,Las instalaciones y el trato de les encargades,Quedarme tan poco tiempo
CordobaPatio,Escrito en 8 de junio de 2023,Sin puntuación,Margaret,“Tranquilidad.”,La independencia que se siente al estar ahí. Me gustaría fuera más familiar.,"Esta bien, no desayune porque no se si estaba incluido desayuno no estaba bien informado aquello."
CordobaPatio,Escrito en 7 de junio de 2023,Sin puntuación,Burgoin,Fantástico,Los cuartos tenian un muy buen espacio. Perfecto para 6 personas,"Que no limpiaran los cuartos, pues no vi que barrieran ni un solo dia que estuve ahi"
CordobaPatio,Escrito en 5 de junio de 2023,Sin puntuación,Encarna,“Repetiré”,"Su ubicación excepcional
Personal encantador","Al estar en el centro, el aparcamiento es imposible"
CordobaPatio,Escrito en 5 de junio de 2023,Sin puntuación,Cristina,Excepcional,"Las instalaciones son modernos, con muchos detalles. Está muy céntrico.
Buen ambiente","La habitación era un poco pequeña, pero suficiente"
CordobaPatio,Escrito en 5 de junio de 2023,Sin puntuación,Nemo,“Mejor de lo esperado”,Las instalaciones,El receptáculo de ducha ya que se apozaba el agua y no había separación de este lugar con el resto del baño
CordobaPatio,Escrito en 4 de junio de 2023,Sin puntuación,Cristian,“tranqui”,"es cómodo, los viajeros son muy amigable habían personas habían haciendo co working. Es un buen ambiente. tranquilo.","El barrio es muy lindo, aunque un poco lejos de la zona central. es decir unos 20 min caminando. que no está mal por un día."
CordobaPatio,Escrito en 2 de junio de 2023,Sin puntuación,Leonardo,Excepcional,"Todo, la piscina excelente",
CordobaPatio,Escrito en 2 de junio de 2023,Sin puntuación,Maria,“Hostel recomendado en Córdoba”,Hostel grande con muchos espacios comunes y moderno.,"Falta poner perchero dentro de ducha para poner toallas, etc"
CordobaPatio,Escrito en 22 de marzo de 2023,Sin puntuación,Alvaro,Muy bien,"Camas cómodas, todo muy nuevo y limpio, patio agradable","El precio es algo superior a otros albergues similares,  la necesidad de hacer el check in en el teléfono antes de llegar"
CordobaPatio,Escrito en 20 de marzo de 2023,Sin puntuación,Jose,“con poco tiempo para disfrutar pero genial”,entorno,checking online
CordobaPatio,Escrito en 16 de marzo de 2023,Sin puntuación,Yas,“Muy buena experiencia”,"Esta muy bien ubicado. Todo estaba limpio y en condiciones. El hostel es muy lindo, las instalaciones son cómodas y tiene un patio realmente hermoso. Las habitaciones son silenciosas y comodas. El personal es muy amable y servicial.",El hostel no tiene un frigo comunitario aunque si es algo pequeño pueden guardar las cosas en el frigo del bar.  A las habitaciones les agregaría algo más de ventilación. Si se quiere dejar las maletas después del check out hay que pagar 5 euros.
CordobaPatio,Escrito en 8 de marzo de 2023,Sin puntuación,Karla,“buen lugar para hospedarte”,"habitación amplia cómoda, todo moderno, el baño bien distribuido que si estás en grupo no atrapa el uso de varios al mismo tiempo. camas cómodas. el encargado que conocimos en cafetería súper amable y te ayuda con indicaciones de que visitar por la ciudad",nada todo perfecto
CordobaPatio,Escrito en 6 de marzo de 2023,Sin puntuación,Díaz,Fantástico,La buena atención del personal,
CordobaPatio,Escrito en 3 de marzo de 2023,Sin puntuación,Mili,“Excelente relación precio-calidad”,"Siempre que vengo a Córdoba elijo este lugar y la habitación de 8 femenina. Siempre está impecable. Las camas son muy cómodas y bien equipadas. El espacio del dining room siempre está limpio y ordenado, además contas con cubiertos y condimentos. El patio tiene sillones y espacio para quedarte. En 1 piso hay microondas por si quieres calentarte algo de comer. El acceso al establecimiento, con la app o código es muy sencillo. El precio está muy bien.","Sólo para tener en cuenta, si quieres toalla, estas tienen un adicional de 2€."
CordobaPatio,Escrito en 26 de febrero de 2023,Sin puntuación,Melysillero,Excepcional,"La habitación muy muy cómodo, todo perfecto",
CordobaPatio,Escrito en 23 de febrero de 2023,Sin puntuación,Jaduarte9,Muy bien,Las habitaciones son amplias y las camas son cómodas.,"El desayuno es algo escaso, si no llegas el primero te quedas sin alguna cosa."
CordobaPatio,Escrito en 23 de febrero de 2023,Sin puntuación,Cristina,“ESTUPENDA”,"El desayuno buffet increíble por solo 6€, la habitación y el baño super limpios y en general todo ha estado estupendo",las almohadas son malisimas
CordobaPatio,Escrito en 21 de febrero de 2023,Sin puntuación,Amaia,“Excelente alojamiento para tu visita a Córdoba”,"Precioso y limpio. Excelente relación calidad precio. Muy agradable personal y muy bien el desayuno. Bonito, bonito.","La calle por la que se accedía al hotel era algo oscura, no muy atractiva. La subida a las literas superiores podía resultar complicada"
CordobaPatio,Escrito en 21 de febrero de 2023,Sin puntuación,Bianchini,Muy bien,"el personal muy amable, las instalaciones estan bien, todo muy limpio. la ubicacion tmb esta buena. la camada fue muy comoda","no habia mucho espacio en la habitacion para las valijas. no tenia heladera ni cocina, solo un lavavo y para calentar agua."
CordobaPatio,Escrito en 21 de febrero de 2023,Sin puntuación,Ana,Excepcional,Muy acogedor,
CordobaPatio,Escrito en 20 de febrero de 2023,Sin puntuación,Susana,“Muy divertido y limpio”,"Esta muy bien,zona muy buena.
Personal súper atentó. 
La habitación muy divertida y el desayuno genial. 
Gracias","Yo pondría una toalla de baño.
Son toalla pequeña. 
Aunque te secas bien dentro de la ducha.
La ducha muy buena"
CordobaPatio,Escrito en 13 de febrero de 2023,Sin puntuación,María,“Todo genial”,"El alojamiento está fenomenal, todo muy moderno, limpio y cómodo. Borja ha sido un encanto, súper amable y simpático y el desayuno genial!!!!. Lo recomiendo 100%",No ha habido nada que no me haya gustado.
CordobaPatio,Escrito en 13 de febrero de 2023,Sin puntuación,Magda,"“Una estancia diferente, como de lujo”","Era un sitio precioso, tranquilo y muy cómodo. Nos encantó todo, el tamaño de la habitación, su distribución, el baño, era una maravilla",El no ver a nadie del personal físicamente y que no estén bien detalladas las indicaciones para luego salir del parking
CordobaPatio,Escrito en 12 de febrero de 2023,Sin puntuación,Noemi,Muy bien,"El desayuno bueno, son amables, el patio es precioso.",La habitación donde nos alojamos no tenia luz natural
CordobaPatio,Escrito en 9 de febrero de 2023,Sin puntuación,Alessia,Excepcional,"el patio, la habitación",nada
CordobaPatio,Escrito en 6 de febrero de 2023,Sin puntuación,Alexander,“Hermosa casona con un patio en el centro de Córdoba.”,"excelente todo, a pesar de que casi todo es digitalizado, comunicarse por mensaje o teléfono siempre hay una solución y se notó lo disponibles que estaban para ayudarte con cualquier consulta. las instalaciones hermosas, siempre limpias.",no me quejo de nada.
CordobaPatio,Escrito en 6 de febrero de 2023,Sin puntuación,Eva,Excepcional,"Me encantó el sistema de reserva y opciones a través de la web. Todo muy detallado y si tenía algunas dudas me las resolvían en el telf. 24 h. Por ejemplo en todos lados ponía que cobraban las toallas, pero si reservas una habitación sólo para ti y familia o amigos, ahí no te las cobran. La habitación muy moderna y funcional. El parking estaba como a 800 metros pero realmente no nos importó. Íbamos a visitar toda la ciudad y andar es bueno. Se puede llegar al hotel en coche, pero como llegamos muy pronto, no podíamos hacer el check in, así que dejamos la maleta en el coche, dentro del parking. El parking (que es de una empresa externa al hotel) si es realmente incomodo. Muy estrecho, las subidas parecía que rozabas el coche, tenías que maniobrar para que eso no ocurriera. Desaconsejado para automóviles grandes. El personal muy amables y simpático.","Todo me gustó, el hotel es moderno y decorado con mucho gusto, La ubicación es perfecta"
CordobaPatio,Escrito en 1 de febrero de 2023,Sin puntuación,Romina,Fantástico,"Limpio, ambiente muy agradable y su personal súper preparado y amable.",
CordobaPatio,Escrito en 1 de febrero de 2023,Sin puntuación,Sofia,Muy bien,Estaba limpio y bien ubicado.,La habitación de 8 era muy pequeña para la cantidad de personas
CordobaPatio,Escrito en 1 de febrero de 2023,Sin puntuación,Anahi,Excepcional,"Buenas instalaciones, limpio. Moderno estético. Tranquilo. Hermosos espacios en común. Las habitaciones son cómodas, cuentan con todo, jabón secador. 
El baño dentro de la habitación. 
No hay cocina, si microondas, pava electrica. Utencilios vaso, tasa, plato. Los chicos te guardan las cosas en la heladera. 
Zona cerca de las atracciones culturales.","El check in es virtual. Todo es con códigos.
Detalle para sumar en la ducha no hay donde apoyar los objetos personales y cambiarse dentro de la ducha puede resultar un poquito incómodo.
Es establecimiento en sí es maravilloso"
CordobaPatio,Escrito en 30 de enero de 2023,Sin puntuación,Rosa,Excepcional,"El lugar es muy acogedor y bonito y es bastante céntrico. En cuanto a la habitación, las camas comodísimas, la temperatura de la habitación ideal. Todo muy limpio y con un olor agradable. 
 En general todo estupendo.",
CordobaPatio,Escrito en 24 de enero de 2023,Sin puntuación,Bren,“CÓMO NO ME QUEDÉ MAS DÍAS !”,"El estilo, el diseño, calidad de las instalaciones del los baños, puertas, carteles, iluminación.",Que no tenga ventana la habitación. Había otra puerta al lado de la principal pero no sabía si podíamos abrirla.
CordobaPatio,Escrito en 19 de enero de 2023,Sin puntuación,Claudia,“Aprendiendo cosas nuevas”,"La ubicación, el patio",Un poco complicado el check-in 😅
CordobaPatio,Escrito en 2 de enero de 2025,Sin puntuación,Angel,“Mucha tecnología... poco trato humano”,Ubicación,"Llegas tarde, cansado... no ves los números para introducir el código. Te recibe una chica que está más a sus cosas que a darte indicaciones... wi-fi... pasando de todo... uffff"
CordobaPatio,Escrito en 27 de diciembre de 2024,Sin puntuación,Yanina,Bien,"No habian banquitos ni nada para poder estar mas comodos en la habitacion, muy angosto todo y en la ducha habia solo un pequeño lugar para colgar con surte la toalla , no tenias para apoyar ni el shampu .. sumando a que no te permitian en acceso a la sala comun hasta las 8 de la mañana",Las camas eran comodas y el patio muy bonito para estar pero si es invierno te la regalo
CordobaPatio,Escrito en 11 de diciembre de 2024,Sin puntuación,María,"“Sí vuelvo a Córdoba, no vuelvo a este sitio”",Buena ubicación,"NO LIMPIAN LA HABITACIÓN A DIARIO. ESPERAN A LIMPIAR HASTA EL SÉPTIMO DÍA DE ESTANCIA. Y NO HAY UTENSILIOS PARA LIMPIAR EN TODOS ESOS DIAS. Mala relación calidad/precio. No hay armario, son taquillas pequeñas e incómodas. El parking concertado con el hotel es muy incómodo"
CordobaPatio,Escrito en 9 de diciembre de 2024,Sin puntuación,Verónica,Bien,"A mis hijos les gustó mucho el tipo de habitación.
A nosotros la ubicación, está muy cerca del centro.
El personal muy amable.",Las almohadas son muy finitas y el buffet del desayuno poco variado.
CordobaPatio,Escrito en 29 de noviembre de 2024,Sin puntuación,Renata,Agradable,Era lindo el alojamiento,No me gusto la calle donde quedaba era como fea y la habitación no tenia buena ventilación
CordobaPatio,Escrito en 23 de noviembre de 2024,Sin puntuación,Lina,"“Creo que no fue mi estilo de hostal, pero está bien.”",Colchones y almohadas limpias y muy cómodas. Las instalaciones son modernas y de estilo práctico.,"Me faltó revisar con un poco más de detenimiento la forma en que estaban previstas las camas al momento de escoger el sitio, ya que no tienen ningún tipo de cortina o separador, por lo que si quieres privacidad al estar en tu cama, tienes que colgar tu toalla (que fue lo que ví que hacían varias personas)."
CordobaPatio,Escrito en 18 de noviembre de 2024,Sin puntuación,Belkis,Bien,El lugar es muy lindo Limpio y prolijo Pero el ser tan poco personalizado creo que no brinda calidez al lugar,"No ofrecen ni te ni café Sólo microondas y jarra eléctrica por los pasillos Si necesitas utensillos, cómo cubiertos o plato, vaso o tasa tendrás que recorrer y pedir de favor si te lo brindan, para luego volver al pasillo de tu piso, si necesitas calentar, para después bajar y buscar donde poder comer o tomar algo Me parece que deberían implementar algo más práctico a esos efectos"
CordobaPatio,Escrito en 15 de noviembre de 2024,Sin puntuación,Paula,"“Para una noche, ok!”",Buena ubicación y hermoso patio. La atención de la gente en recepción fue excelente y el check in muy fácil.,"La habitación de 8 era extremadamente pequeña, con casi cero ventilación así no era muy agradable. Los espacios para guardar maletas eran bastante pequeños y no había cortinas en la cama para evitar despertarte con cada persona que ingresaba a la habitación. Por una noche, ok pero no sé si lo recomiendo para más."
CordobaPatio,Escrito en 4 de noviembre de 2024,Sin puntuación,Nestor,“Finde familiar en Córdoba”,Bien situado y fácil de llegar.,El ruido en el patio de otros huéspedes. El parking está a un paseo andando un poco largo
CordobaPatio,Escrito en 18 de octubre de 2024,Sin puntuación,Elizabeth,Bien,El lugar era lindo,Un solo baño para demasiadas personas
CordobaPatio,Escrito en 17 de octubre de 2024,Sin puntuación,Tito,“Satisfactoria”,Las instalaciones impecables y ubicación centrica,El barrio
CordobaPatio,Escrito en 11 de octubre de 2024,Sin puntuación,Elizabeth,“Personal amables y espacios compartidos exteriores muy acogedores”,"La atención del personal fue muy buena, el espacio abierto, la limpieza, el silencio y tranquilidad. Es realmente hermoso el lugar.  Ademas esta prohibido fumar asi que le suma muchos puntos a los espacios compartidos que es donde permanecia cuando llegaba de los tours hasta que me daba sueño.","Me toco en la 103-3 y lamentablemente la persona que estaba en la 4 ponía botellas de vidrio en la escalera donde debia subir o los vasos de vidrio de la cafetería con agua, dejaba regados sus tenis por lo que al bajar tropezaba con ellos  y le aumentaba al aire para que fuera helado a pesar de que ella tosía toda la noche, a mi cama daba justo la luz del ingreso y al no tener cortina cada que alguien la prendia me despertaba (como sugerencia a esta cama deberían ponerle cortina) por lo que dormi en dirección contraria. Como estaba en la litera de arriba cuando me iba a poner los zapatos me tocaba de pie xq no hay sillas en la habitación, además que el espacio de las maletas es mediano, algunas personas tenian sus maletas atravesadas.  En conclusión un espacio muy reducido para tantas personas.  Es la primera vez que le doy una puntuación tan baja a un alojamiento, pero es que no me había pasado nunca tantas cosas en un solo lugar en tan solo dos dias."
CordobaPatio,Escrito en 9 de octubre de 2024,Sin puntuación,Mónica,Muy mal,Pues la verdad no estuvimos muy contentas.,"El llegar fue una hora de espera hasta que llegaron las demás compañeras, no nos dió tiempo ni a situarnos para el evento que teníamos. Y después de que pedí quedarnos más tarde ya que no descansamos,me dijeron que 15€ más por salir a las 14:00 . No volveríamos a ir a ese lugar. Pésimo como nos trató la recepcionista."
CordobaPatio,Escrito en 4 de octubre de 2024,Sin puntuación,David,“Hotel bonito para dormir sin servicios. Caro para lo que ofrecen. Poco personal.”,"Hotel bonito, habitación limpia, buen colchón.","Falta de personal para atenderlo, tienen una sola persona para todo(un 10 para ella, fue muy agradable),que tome nota la dirección. No limpian habitación a diario.
Desayuno malo muy escaso en variedad, algo de pavo, nada de queso. No volvería a elegir opción con desayuno. No hay recepción y todo tienes que hacerlo online o por teléfono. Es el nuevo concepto de ganar dinero, sin poner personal, y que el cliente lo haga todo."
CordobaPatio,Escrito en 3 de octubre de 2024,Sin puntuación,Saraid,Bien,Muy bonito la planta baja,"El ambiente había muchos  jóvenes haciendo bulla el día que llegamos y el siguiente, tuvimos que llamar al encargado por la bulla no dejaban dormir"
CordobaPatio,Escrito en 29 de septiembre de 2024,Sin puntuación,Rosa,"“Estos lugares sobreviven porque tienen una alta rotación , dudo que nadie repita . Me ha costado 300 e dos noches en tem”",,"A la llegada llamamos para que nos indicaran donde se ubicaba el parking , y nos dijeron que no lo sabían porque la persona que nos atendía al teléfono no era de Córdoba sino de otro Líbere de otra ciudad . Tuvimos que dejar el coche a 20 minutos andando , y llegar con las maletas todo el recorrido y con dos niños pequeños . 
A la mañana siguiente en el desayuno , nos indican que nuestra habitación no lo tiene incluido , cuando cogimos el hotel por booking en la publicidad ponía expresamente “ desayuno incluido “ . La chica que nos atendió nos comunicó que esa misma mañana le había pasado a más clientes , que llamásemos a booking y nos despacho sin dar más explicaciones . 
Booking no nos dio ninguna solución . 
Llegamos más personas detrás nuestra con el mismo problema . El hotel no se volvió a poner en contacto con nosotros en todo el fin de semana , ni nos volvieron a preguntar ."
CordobaPatio,Escrito en 23 de septiembre de 2024,Sin puntuación,Francisco,"“Buen sitio donde dormir, pero sin acceso en coche para descargar”",Moderno y limpio,"Almohada muy fina, no hay opción de entrar con el vehículo para dejar maletas"
CordobaPatio,Escrito en 27 de agosto de 2024,Sin puntuación,Juan,“El alojamiento está muy bien si vas sin malestas”,Las instalaciones.,"Que ponga que tiene Parking. No es cierto, el Parking está a 15 min andando por calles y escalera empedrada que con la maleta y en agosto fue una tortura."
CordobaPatio,Escrito en 22 de agosto de 2024,Sin puntuación,Samir,Bien,Aunque era una habitación para cuatro pudimos tenerla solo para nosotros. Estaba limpia y era cómoda. Hay un happy hour en las tardes de cerveza apenas para el calor en verano.,Podría haber más sombrillas en el área de la piscina para cubrirse del sol.
CordobaPatio,Escrito en 22 de agosto de 2024,Sin puntuación,Anna,“Agradable”,"El hotel está muy bien situado, muy cerquita del centro histórico. Las habitaciones son muy correctas y la piscina es pequeñita. El desayuno también es muy correcto, no hay mucha variedad pero está todo muy rico y cuidado.","El garaje/pàrquing con el que el hotel tiene un acuerdo queda a 15 minutos caminando del hotel, demasiado lejos para las.entradas y salidas teniendo en cuenta el calor que hace en Córdoba en verano."
CordobaPatio,Escrito en 20 de agosto de 2024,Sin puntuación,Fabio,Bien,Habitaciones chulas para los niños. Buena ubicación,Acceso muy complicado. Parking lejano. Algo incomoda la llegada con accesos informáticos y mini callejón donde no puedes dejar el coche. Piscina algo sucia. Ni una máquina de Vending para comprar una botella de agua en horario sin recepción.
CordobaPatio,Escrito en 11 de agosto de 2024,Sin puntuación,Francisco,Agradable,"Ubicación
Habitación tamaño correcto
Personal muy correcto","Piscina muy sucia
No hay nevera en habitación"
CordobaPatio,Escrito en 7 de agosto de 2024,Sin puntuación,Eva,“FALLÓ LA PISCINA”,"Ubicación,ya que se puede visitar el centro andando sin problema, la habitación es grande  y  está limpia.El diseño del conjunto de apartamentos está cuidado y el patio central es super agradable de ver por su decoración cuidada.","La piscina no estaba operativa durante nuestra estancia y  teniendo en cuenta que uno de los motivos  importantes de selección  de el alojamiento[Córdoba, agosto, niños] era precisamente la piscina...pues ha sido una decepción...Por otra parte, la zona central del patio por las condiciones es climáticas tampoco era una zona cómoda para estar... Por último destacar un desayuno con muy poca variedad y bastante escaso."
CordobaPatio,Escrito en 29 de julio de 2024,Sin puntuación,José,“Conforme”,"El desayuno, las bebidas y la piscina.",Recoger diariamente el cubo de basura.
CordobaPatio,Escrito en 22 de julio de 2024,Sin puntuación,David,Aceptable,La piscina,
CordobaPatio,Escrito en 22 de junio de 2023,Sin puntuación,Mauricio,Bien,,Las camas no tienen una cortina para tener mas privacidad.
CordobaPatio,Escrito en 15 de junio de 2023,Sin puntuación,Pilar,“Buena estadía”,el hostel es muy lindo pero le falta un poco de privacidad a las camas,falta un poco de privacidad tanto en las camas como en los baños.
CordobaPatio,Escrito en 3 de junio de 2023,Sin puntuación,Veronica,“Esperaba algo más.”,Colchón cómodo. Ambiente tranquilo.,"La habitación no tenía ventana, el espacio del WC era minúsculo con la puerta abriendo hacia adentro (era muy difícil entrar y salir), no hay frigorífico para los huéspedes en ningún lugar del hostal."
CordobaPatio,Escrito en 30 de mayo de 2023,Sin puntuación,Marina,Bien,la ducha estaba en medio dd la habitación. no habia puerta independiente de baño,
CordobaPatio,Escrito en 21 de mayo de 2023,Sin puntuación,Tulio,“Si mejoran la limpieza sería un extraordinario lugar.”,Buena ubicación e instalaciones.,Limpieza.
CordobaPatio,Escrito en 20 de mayo de 2023,Sin puntuación,4,Bien,La ubicación,
CordobaPatio,Escrito en 7 de mayo de 2023,Sin puntuación,Piuma,“Bien para 2 días”,El desayuno bastante bien. La ubicación perfecta y bastante limpio todo.,"Lo veo caro para ser un hostel, que también cobra las toallas e incluso candados para taquillas. Además  faltaban algunos accesorios como papelera, ya que la del baño estaba llena y no la vaciaban cada día o toalleros para colgar las toallas húmedas, o que el papel higiénico no te lo dejaran en el suelo de la puerta, sino en una cestita por ejemplo. Pequeñas cositas que seguro se pueden mejorar :)"
CordobaPatio,Escrito en 6 de mayo de 2023,Sin puntuación,Simon,Bien,Acceso traves de móvil sin complicaciones.,La puerta del baño arruinada no se cerrò facilmente.
CordobaPatio,Escrito en 5 de mayo de 2023,Sin puntuación,Elena,“Buena”,El desayuno excelente. La ubicación muy buena.,Para ser habitación doble era muy pequeña. Tuve que echar la maleta al suelo para poderme organizar y no manchar la cama. No había un espejo para verse entera.
CordobaPatio,Escrito en 29 de abril de 2023,Sin puntuación,Alberto,“HOSTEL”,"La ubicación y su personal... Borja, excelente atención.","Sinceramente no me quedo claro que era un hostel, teniendo familia de 4, no es cómodo para nosotros, no era lo que buscábamos, por ello abandonamos el hospedaje horas después."
CordobaPatio,Escrito en 26 de abril de 2023,Sin puntuación,Jiménez,Bien,Me costó mucho dar con la ubicación,La ubicación
CordobaPatio,Escrito en 20 de abril de 2023,Sin puntuación,Sl,“No hagan reservas en este hotel.!!!!!!!!”,,"No he podido alojarme por no encontrar parking en la zona, muy muy difícil un parking estuve hora y media buscando donde aparcar, estaba agotada. 
Cuando pregunté me dijeran de un parking pago que mencionan en la oferta, pero esta a casi 1km del hotel. 
¿Cómo se puede ir cargando maletas? 
Envíe un email en el mismo día solicitando la anulación. No la aceptarán, y cobrarán igual. 
Les llamé y poco les importa perder un cliente. No recomiendo, hay más personas que escribieran notas que han tenido problemas similares.
 Les gusta dificultar la estancia, para luego cobrar sin recibir el huéspedes. Booking debería mirar eso con lupa."
CordobaPatio,Escrito en 20 de abril de 2023,Sin puntuación,Paolo,“Muy bonita estructura pero con graves fallos”,Limpieza. Las instalaciones modernas. El patio con los columpios,"-He encontrado muy estresante el proceso de check-in. Todo es electronico sin presencia de personal.  Cuando voy de vacaciones no me gusta estresarme con descarga de aplicaciones, contraseñas, códigos por recordar, formulario por rellenar. Aqui hay que hacer todo esto para entrar en el alojamiento. Luego hay que tener el movil siempre en la mano para entrar y salir. Evitar el alojamiento si no tienes confianza con la tecnología. 
-el precio de la estancia debería reflejar la ausencia física de personal de recepción. Al alojamiento le cuesta menos una recepción virtual que una física.  El precio es igual que los otros alojamientos y incluso más  caro.
-No hay una verdadera cocina que para mi es muy necesaria en un hostel. Hay un microondas y un fregadero en el primer piso (no esta bien señalado). Hay platos y cobiertos en el comedor del bar en la planta baja. Para nada cómodo.  No hay nevera (se puede pedir en el bar si te hacen el favor de guardar cosas en su nevera).
- el lavamanos está dentro de la misma habitación.  podría ser molesto si uno se cepilla los dientes mientras otro duerme.
-la ducha falta de privacidad.  La puerta de la misma es transparente aunque está opacada en la parte central. Además no hay pestillo para encerrarse dentro.
-Te cobran 5 euros si quieres dejar la maleta después  del checkout y incluso antes del check-in. En mi opinión es algo abusivo."
CordobaPatio,Escrito en 19 de abril de 2023,Sin puntuación,Hanna,Agradable,me gustó el patio era muy chill,"tenias que hacer el trabajo del recepcionista de hotel dándote el check in y el check out lo cual me disgustó bastante de entrada
para conseguir una toalla era mas fácil aprender a montar un dragón 
se escuchaba muchísimo ruido desde la calle
y me tocó un vecino de cama acosador por si era poco y otro que roncaba muchísimo , asique directamente ni dormí , la ducha transparente era muy inquietante porque no sabias si te estaban viendo mientras te duchabas, me tuve que duchar con la ropa interior puesta por ello"
CordobaPatio,Escrito en 14 de abril de 2023,Sin puntuación,Juan,"“MENTIRA, FALSOS Y  POCO EMPÁTICOS”",EL ESTABLECIMIENTO MIENTE CON RESPECTO AL PODER ACEPTAR MASCOTAS. TRAS IR TUVE QUE PASAR LA NOCHE EN EL COCHE PORQUE ME PUSIERON EN UNA HABITACION COMPARTIDA POR NO DEJAR A MIS MASCOTAS ABANDONADAS EN MI VEHICULO,QUE HUBIERAN DADO POSIBILIDADES DE CAMBIAR LA FECHA O DE PODER ESTAR EN UNA HABITACION DONDE PODRIAN ESRTAR MIS MASCOTAS
CordobaPatio,Escrito en 11 de abril de 2023,Sin puntuación,Sergi,"“Este Hostel es un 10, pero creo que le falta más comodidad en las habitaciones, por tanto lo rebaja a un 6.”","muy bonito, en pleno centro. La verdad que es un sitio de 10 para poder hospedarte unos días.","No hay cortina en las camas compartidas. Es muy importante poder tener intimidad. Hubiese estado mejor con más comodidades en la cama: estanteria, espacio final de la cama para dejar las cosas… el enchufe en la parte de la cabeza te limita mucho espacio."
CordobaPatio,Escrito en 10 de abril de 2023,Sin puntuación,Sara,Agradable,El diseño.de los espacios.,Colchones baratos sin protectores. Zumo artificial
CordobaPatio,Escrito en 8 de abril de 2023,Sin puntuación,Jose,Decepcionante,La ubicación,"Las fotos de la habitación no se correspondía con la oferta, era muchísimo más pequeño"
CordobaPatio,Escrito en 27 de marzo de 2023,Sin puntuación,Miguel,Bien,Buena ubicacion,El desayuno no esta incluido en el precio.
CordobaPatio,Escrito en 24 de marzo de 2023,Sin puntuación,Bojel,“LUGAR PRECIOSO CON SERVICIO DECEPCIONANTE”,Las instalaciones son modernas y el patio de ocio y descanso muy bonito. Tiene los elementos para relajarte o simplemente sentarte a leer un libro o trabajar en tu ordenador,"El servicio. 
Tuve la mala suerte de coincidir con un grupo que claro se lleva TODA la atención ya que es una fuente de ingresos mayor que el que una pérdida en particular puede aportar,;
- Tuve que esperar 45 minutos para poder coger un lugar para desayunar en medio del ruido increíble de niños y jóvenes
- Tuve que esperar el mismo tiempo o más para poder ordenar una cena con el inconveniente de que ya no habían platos que se indicaban en el menú porque sencillamente se habían acabado. Hay algo que debo resaltar, los chicos que trabajan allí se portaron MIY BIEN. 
- Cuando pregunto si hay algún lugar donde pueda calentar o dejar algún yugurt en alguna nevera me dicen que si hay pero no las puedo usar porque están ocupadas por el ""grupo"". En last noches el ruido era muy fuerte porque el grupo estaban en sus horas de ocio,  juegos y algarabilla
- La luz de mi habitación en el término de unas horas de fue 5 veces y tomé un video como prueba de ello, con el añadido que podía haber dañado cualquier apartado electrónico que pudiéramos estar recargando
- Al final, tenía unas visitas pendientes la mañana que me iba y solicité dejar mi equipaje: una mochila MEDIANA  para entrar a los museos que intentaba visitar ya que mi partida de Córdoba era al mediodía y me dijeron que si pero debía pagar extra.  Eso no se ve en ningún hostal y más sencillos y menos modernos
La conclusión
La CALIDAD no es lo que se quiere aparentar ni lo moderno que se quiere ser lo que realmente diferencia es ir más allá en el servicio al que hace posible estos negocios prosperen: EL CLIENTE
No lo recomendaré porque me pareció muy mal y gracias a este gesto no pude entrar a día museos por llevar mi mochila"
CordobaPatio,Escrito en 23 de marzo de 2023,Sin puntuación,Leandro,Agradable,,En la descripción decía parking. Y finalmente no tenía. Tuvimos que dejar el coche a 15 minutos de distancia caminando.
CordobaPatio,Escrito en 20 de marzo de 2023,Sin puntuación,Sergi,Aceptable,"El lugar está muy bien. El problema para mi. Es un lugar para gente joven. Quiero decir, es como un albergue pues tiene habitaciones para 5o 6 Px. A mi me costó 95 euros por día. Cierto es que  tuve una habitación para 2 Px. Para mi un poco pequeña. Y el precio alto. Tema desayuno no merece la pena desayunar aquí. Solo vale la pena el café. De embutido solo jamón dulce,nada más. Croissant el típico de bollería industrial. Lo dicho mejor desayunar fuera. Lo que el lugar eso sí  un 10.",El desayuno muy flojo. Sólo vale el café. De embutidos sólo tienen jamón dulce. Y de bollería solo croissant de esos de bollería industrial. Más vale desayunar fuera.
CordobaPatio,Escrito en 13 de marzo de 2023,Sin puntuación,Carmen,“No volvería porque el baño dentro de la habitación sin limpieza no tiene sentido .Mucho ruido y luz al estar pegada la l”,Me gusto que el personal que era amable y los exteriores bonitos,Limpieza muy deficiente. Además los baños están dentro de la habitación compartida así que todos los olores también. Pero sobretodo la limpieza empezando por las sabanas y acabando por el baño / duchas
CordobaPatio,Escrito en 12 de marzo de 2023,Sin puntuación,Raquel,Aceptable,El patio central es muy bonito,"El baño , la habitación cuádruple es pequeña"
CordobaPatio,Escrito en 9 de marzo de 2023,Sin puntuación,Petrafernandez,“Habitaciones incómodas”,Es nuevo y el patio agradable.,"Las habitaciones compartidas, no tienen un espacio suficiente, por debajo incluso del mínimo. Están sin ventilación y solo un baño pequeñísimo para ocho personas."
CordobaPatio,Escrito en 21 de septiembre de 2025,Sin puntuación,José,Fantástico,,
CordobaPatio,Escrito en 19 de septiembre de 2025,Sin puntuación,Pardillo,Muy bien,,
CordobaPatio,Escrito en 19 de septiembre de 2025,Sin puntuación,Maikel,Excepcional,,
CordobaPatio,Escrito en 13 de septiembre de 2025,Sin puntuación,Carlos,Muy bien,,
CordobaPatio,Escrito en 8 de septiembre de 2025,Sin puntuación,Víctoria,Excepcional,,
CordobaPatio,Escrito en 30 de agosto de 2025,Sin puntuación,André,Fantástico,,
CordobaPatio,Escrito en 29 de agosto de 2025,Sin puntuación,David,Excepcional,,
CordobaPatio,Escrito en 28 de agosto de 2025,Sin puntuación,Marta,Excepcional,,
CordobaPatio,Escrito en 27 de agosto de 2025,Sin puntuación,Lorena,Muy bien,,
CordobaPatio,Escrito en 27 de agosto de 2025,Sin puntuación,Fernando,Muy bien,,
CordobaPatio,Escrito en 26 de agosto de 2025,Sin puntuación,Laura,Excepcional,,
CordobaPatio,Escrito en 24 de agosto de 2025,Sin puntuación,Caro,Muy bien,,
CordobaPatio,Escrito en 24 de agosto de 2025,Sin puntuación,Lorena,Excepcional,,
CordobaPatio,Escrito en 23 de agosto de 2025,Sin puntuación,Joan,Fantástico,,
CordobaPatio,Escrito en 20 de agosto de 2025,Sin puntuación,Merche,Fantástico,,
CordobaPatio,Escrito en 20 de agosto de 2025,Sin puntuación,Javier,Excepcional,,
CordobaPatio,Escrito en 20 de agosto de 2025,Sin puntuación,Francisco,Excepcional,,
CordobaPatio,Escrito en 19 de agosto de 2025,Sin puntuación,Cristina,Muy bien,,
CordobaPatio,Escrito en 18 de agosto de 2025,Sin puntuación,Beñat,Excepcional,,
CordobaPatio,Escrito en 18 de agosto de 2025,Sin puntuación,Nati,Muy bien,,
CordobaPatio,Escrito en 17 de agosto de 2025,Sin puntuación,Susana,Excepcional,,
CordobaPatio,Escrito en 17 de agosto de 2025,Sin puntuación,Maria,Excepcional,,
CordobaPatio,Escrito en 13 de agosto de 2025,Sin puntuación,Raquel,Muy bien,,
CordobaPatio,Escrito en 13 de agosto de 2025,Sin puntuación,Geovanny,Muy bien,,
CordobaPatio,Escrito en 12 de agosto de 2025,Sin puntuación,María,Muy bien,,
CordobaPatio,Escrito en 8 de mayo de 2025,Sin puntuación,Raul,Fantástico,,
CordobaPatio,Escrito en 6 de mayo de 2025,Sin puntuación,Andrea,Excepcional,,
CordobaPatio,Escrito en 2 de mayo de 2025,Sin puntuación,Julia,Muy bien,,
CordobaPatio,Escrito en 29 de abril de 2025,Sin puntuación,Marcos,Excepcional,,
CordobaPatio,Escrito en 25 de abril de 2025,Sin puntuación,Pérez,Fantástico,,
CordobaPatio,Escrito en 24 de abril de 2025,Sin puntuación,Isabela,Muy bien,,
CordobaPatio,Escrito en 18 de abril de 2025,Sin puntuación,Cervio,Excepcional,,
CordobaPatio,Escrito en 16 de abril de 2025,Sin puntuación,Olga,Fantástico,,
CordobaPatio,Escrito en 13 de abril de 2025,Sin puntuación,Chari,Fantástico,,
CordobaPatio,Escrito en 13 de abril de 2025,Sin puntuación,Narela,Fantástico,,
CordobaPatio,Escrito en 30 de marzo de 2025,Sin puntuación,Betzabe,Muy bien,,
CordobaPatio,Escrito en 30 de marzo de 2025,Sin puntuación,Pimentel,Fantástico,,
CordobaPatio,Escrito en 28 de marzo de 2025,Sin puntuación,Hernán,Muy bien,,
CordobaPatio,Escrito en 24 de marzo de 2025,Sin puntuación,Maria,Muy bien,,
CordobaPatio,Escrito en 23 de marzo de 2025,Sin puntuación,Nerea,Excepcional,,
CordobaPatio,Escrito en 23 de marzo de 2025,Sin puntuación,Marta,Excepcional,,
CordobaPatio,Escrito en 23 de marzo de 2025,Sin puntuación,Arcones,Fantástico,,
CordobaPatio,Escrito en 23 de marzo de 2025,Sin puntuación,Segura,Excepcional,,
CordobaPatio,Escrito en 22 de marzo de 2025,Sin puntuación,Jesica,Fantástico,,
CordobaPatio,Escrito en 22 de marzo de 2025,Sin puntuación,Joan,Excepcional,,
CordobaPatio,Escrito en 16 de marzo de 2025,Sin puntuación,Belen,Excepcional,,
CordobaPatio,Escrito en 15 de marzo de 2025,Sin puntuación,Angela,Muy bien,,
CordobaPatio,Escrito en 11 de marzo de 2025,Sin puntuación,Khelifa,Excepcional,,
CordobaPatio,Escrito en 7 de marzo de 2025,Sin puntuación,Casayes,Excepcional,,
CordobaPatio,Escrito en 6 de marzo de 2025,Sin puntuación,Trick,Muy bien,,
CordobaPatio,Escrito en 17 de noviembre de 2024,Sin puntuación,Vanesa,“Estancia corta pero muy agradable”,,
CordobaPatio,Escrito en 17 de noviembre de 2024,Sin puntuación,Plaza,Excepcional,,
CordobaPatio,Escrito en 12 de noviembre de 2024,Sin puntuación,Catalina,Fantástico,,
CordobaPatio,Escrito en 7 de noviembre de 2024,Sin puntuación,Leonardo,Fantástico,,
CordobaPatio,Escrito en 6 de noviembre de 2024,Sin puntuación,Rosa,Excepcional,,
CordobaPatio,Escrito en 4 de noviembre de 2024,Sin puntuación,Alvaro,Fantástico,,
CordobaPatio,Escrito en 4 de noviembre de 2024,Sin puntuación,Hugo,Excepcional,,
CordobaPatio,Escrito en 4 de noviembre de 2024,Sin puntuación,Joséorus,Muy bien,,
CordobaPatio,Escrito en 3 de noviembre de 2024,Sin puntuación,Pedro,Excepcional,,
CordobaPatio,Escrito en 3 de noviembre de 2024,Sin puntuación,Andrea,Fantástico,,
CordobaPatio,Escrito en 28 de octubre de 2024,Sin puntuación,Ezequiel,Muy bien,,
CordobaPatio,Escrito en 24 de octubre de 2024,Sin puntuación,Lidiagc21,Muy bien,,
CordobaPatio,Escrito en 21 de octubre de 2024,Sin puntuación,Victor,Muy bien,,
CordobaPatio,Escrito en 18 de octubre de 2024,Sin puntuación,Jordi,Fantástico,,
CordobaPatio,Escrito en 16 de octubre de 2024,Sin puntuación,Jordi,Excepcional,,
CordobaPatio,Escrito en 15 de octubre de 2024,Sin puntuación,Luis,Excepcional,,
CordobaPatio,Escrito en 12 de octubre de 2024,Sin puntuación,Josefina,Excepcional,,
CordobaPatio,Escrito en 11 de octubre de 2024,Sin puntuación,Komal,Excepcional,,
CordobaPatio,Escrito en 11 de octubre de 2024,Sin puntuación,Amos,Excepcional,,
CordobaPatio,Escrito en 9 de octubre de 2024,Sin puntuación,Maria,Excepcional,,
CordobaPatio,Escrito en 8 de octubre de 2024,Sin puntuación,Andrea,Excepcional,,
CordobaPatio,Escrito en 7 de octubre de 2024,Sin puntuación,Julia,Excepcional,,
CordobaPatio,Escrito en 7 de octubre de 2024,Sin puntuación,María,Excepcional,,
CordobaPatio,Escrito en 6 de octubre de 2024,Sin puntuación,Garrido,Excepcional,,
CordobaPatio,Escrito en 6 de octubre de 2024,Sin puntuación,Mangelesmartin,Excepcional,,
CordobaPatio,Escrito en 21 de mayo de 2024,Sin puntuación,Fernando,Fantástico,,
CordobaPatio,Escrito en 19 de mayo de 2024,Sin puntuación,Soraya,Excepcional,,
CordobaPatio,Escrito en 10 de mayo de 2024,Sin puntuación,Ana,Excepcional,,
CordobaPatio,Escrito en 5 de mayo de 2024,Sin puntuación,Mohammed,Excepcional,,
CordobaPatio,Escrito en 4 de mayo de 2024,Sin puntuación,Francesca,Muy bien,,
CordobaPatio,Escrito en 1 de mayo de 2024,Sin puntuación,Sierra,Excepcional,,
CordobaPatio,Escrito en 29 de abril de 2024,Sin puntuación,Maria,Excepcional,,
CordobaPatio,Escrito en 28 de abril de 2024,Sin puntuación,Cleo,Excepcional,,
CordobaPatio,Escrito en 24 de abril de 2024,Sin puntuación,Matías,Fantástico,,
CordobaPatio,Escrito en 24 de abril de 2024,Sin puntuación,Ezequiel,Excepcional,,
CordobaPatio,Escrito en 22 de abril de 2024,Sin puntuación,Nieves,Fantástico,,
CordobaPatio,Escrito en 20 de abril de 2024,Sin puntuación,Maria,Excepcional,,
CordobaPatio,Escrito en 15 de abril de 2024,Sin puntuación,Belen,Excepcional,,
CordobaPatio,Escrito en 10 de abril de 2024,Sin puntuación,Daniel,Excepcional,,
CordobaPatio,Escrito en 5 de abril de 2024,Sin puntuación,Cristinamooral,Excepcional,,
CordobaPatio,Escrito en 4 de abril de 2024,Sin puntuación,Camila,Excepcional,,
CordobaPatio,Escrito en 3 de abril de 2024,Sin puntuación,Enrique,Excepcional,,
CordobaPatio,Escrito en 28 de marzo de 2024,Sin puntuación,Alicia,Fantástico,,
CordobaPatio,Escrito en 23 de marzo de 2024,Sin puntuación,Manuel,Muy bien,,
CordobaPatio,Escrito en 18 de marzo de 2024,Sin puntuación,José,Excepcional,,
CordobaPatio,Escrito en 17 de marzo de 2024,Sin puntuación,Ayrton,Excepcional,,
CordobaPatio,Escrito en 12 de marzo de 2024,Sin puntuación,Victoria,Excepcional,,
CordobaPatio,Escrito en 12 de marzo de 2024,Sin puntuación,Gabriella,Excepcional,,
CordobaPatio,Escrito en 11 de marzo de 2024,Sin puntuación,Susana,Fantástico,,
CordobaPatio,Escrito en 11 de marzo de 2024,Sin puntuación,Antonio,Excepcional,,
CordobaPatio,Escrito en 1 de noviembre de 2023,Sin puntuación,Omar,Muy bien,,
CordobaPatio,Escrito en 31 de octubre de 2023,Sin puntuación,Juan,Muy bien,,
CordobaPatio,Escrito en 30 de octubre de 2023,Sin puntuación,Alejandro,Excepcional,,
CordobaPatio,Escrito en 21 de octubre de 2023,Sin puntuación,Sobrino,Muy bien,,
CordobaPatio,Escrito en 20 de octubre de 2023,Sin puntuación,Ibai,Fantástico,,
CordobaPatio,Escrito en 19 de octubre de 2023,Sin puntuación,Fiorella,Excepcional,,
CordobaPatio,Escrito en 16 de octubre de 2023,Sin puntuación,Jesús,“Excelente”,,
CordobaPatio,Escrito en 15 de octubre de 2023,Sin puntuación,Diego,Muy bien,,
CordobaPatio,Escrito en 15 de octubre de 2023,Sin puntuación,Soraya,Muy bien,,
CordobaPatio,Escrito en 14 de octubre de 2023,Sin puntuación,Cristina,Muy bien,,
CordobaPatio,Escrito en 6 de octubre de 2023,Sin puntuación,Carlos,Fantástico,,
CordobaPatio,Escrito en 5 de octubre de 2023,Sin puntuación,Schéhrazade,Excepcional,,
CordobaPatio,Escrito en 2 de octubre de 2023,Sin puntuación,Francisca,Excepcional,,
CordobaPatio,Escrito en 29 de septiembre de 2023,Sin puntuación,V*,Fantástico,,
CordobaPatio,Escrito en 22 de septiembre de 2023,Sin puntuación,Judith,Fantástico,,
CordobaPatio,Escrito en 21 de septiembre de 2023,Sin puntuación,Catalina,Excepcional,,
CordobaPatio,Escrito en 21 de septiembre de 2023,Sin puntuación,Casarotti,Muy bien,,
CordobaPatio,Escrito en 17 de septiembre de 2023,Sin puntuación,Lazaro,Excepcional,,
CordobaPatio,Escrito en 16 de septiembre de 2023,Sin puntuación,Diego,Muy bien,,
CordobaPatio,Escrito en 12 de septiembre de 2023,Sin puntuación,Ïbrahîm,Fantástico,,
CordobaPatio,Escrito en 12 de septiembre de 2023,Sin puntuación,Angie,Excepcional,,
CordobaPatio,Escrito en 11 de septiembre de 2023,Sin puntuación,Estefanía,Excepcional,,
CordobaPatio,Escrito en 11 de septiembre de 2023,Sin puntuación,Ana,Excepcional,,
CordobaPatio,Escrito en 6 de septiembre de 2023,Sin puntuación,Liviu,Excepcional,,
CordobaPatio,Escrito en 6 de septiembre de 2023,Sin puntuación,Juan,Excepcional,,
CordobaPatio,Escrito en 5 de junio de 2023,Sin puntuación,Ornella,Fantástico,,
CordobaPatio,Escrito en 5 de junio de 2023,Sin puntuación,Jose,Excepcional,,
CordobaPatio,Escrito en 4 de junio de 2023,Sin puntuación,Imasumu,Excepcional,,
CordobaPatio,Escrito en 2 de junio de 2023,Sin puntuación,Amina,Muy bien,,
CordobaPatio,Escrito en 29 de mayo de 2023,Sin puntuación,Yolanda,Muy bien,,
CordobaPatio,Escrito en 24 de mayo de 2023,Sin puntuación,M,Fantástico,,
CordobaPatio,Escrito en 21 de mayo de 2023,Sin puntuación,Carme,Fantástico,,
CordobaPatio,Escrito en 14 de mayo de 2023,Sin puntuación,Carlos,Excepcional,,
CordobaPatio,Escrito en 14 de mayo de 2023,Sin puntuación,Sierra,Fantástico,,
CordobaPatio,Escrito en 13 de mayo de 2023,Sin puntuación,Patiño,Muy bien,,
CordobaPatio,Escrito en 10 de mayo de 2023,Sin puntuación,Mariel,Fantástico,,
CordobaPatio,Escrito en 10 de mayo de 2023,Sin puntuación,Javier,Excepcional,,
CordobaPatio,Escrito en 3 de mayo de 2023,Sin puntuación,Maximiliano,Excepcional,,
CordobaPatio,Escrito en 3 de mayo de 2023,Sin puntuación,Tache,Excepcional,,
CordobaPatio,Escrito en 1 de mayo de 2023,Sin puntuación,Cristian_kny,Muy bien,,
CordobaPatio,Escrito en 1 de mayo de 2023,Sin puntuación,Sergio,Fantástico,,
CordobaPatio,Escrito en 29 de abril de 2023,Sin puntuación,Marylen,Fantástico,,
CordobaPatio,Escrito en 28 de abril de 2023,Sin puntuación,Tardones,Muy bien,,
CordobaPatio,Escrito en 28 de abril de 2023,Sin puntuación,Elena,Excepcional,,
CordobaPatio,Escrito en 28 de abril de 2023,Sin puntuación,Lopez,Excepcional,,
CordobaPatio,Escrito en 24 de abril de 2023,Sin puntuación,Jenni,Fantástico,,
CordobaPatio,Escrito en 17 de abril de 2023,Sin puntuación,Antonio,Excepcional,,
CordobaPatio,Escrito en 15 de abril de 2023,Sin puntuación,Valles,Muy bien,,
CordobaPatio,Escrito en 15 de abril de 2023,Sin puntuación,Monica,Excepcional,,
CordobaPatio,Escrito en 15 de abril de 2023,Sin puntuación,Idoia,Excepcional,,
CordobaPatio,Escrito en 24 de noviembre de 2025,Sin puntuación,Javier,Agradable,,
CordobaPatio,Escrito en 12 de noviembre de 2025,Sin puntuación,M,Bien,,
CordobaPatio,Escrito en 9 de noviembre de 2025,Sin puntuación,Daniel,Bien,,
CordobaPatio,Escrito en 13 de octubre de 2025,Sin puntuación,Juan,Bien,,
CordobaPatio,Escrito en 7 de octubre de 2025,Sin puntuación,Carlos,Aceptable,,
CordobaPatio,Escrito en 5 de octubre de 2025,Sin puntuación,Alba,Bien,,
CordobaPatio,Escrito en 25 de septiembre de 2025,Sin puntuación,Idriss,Bien,,
CordobaPatio,Escrito en 13 de septiembre de 2025,Sin puntuación,Carlos,Agradable,,
CordobaPatio,Escrito en 12 de septiembre de 2025,Sin puntuación,Carlos,Bien,,
CordobaPatio,Escrito en 1 de septiembre de 2025,Sin puntuación,De,Bien,,
CordobaPatio,Escrito en 18 de agosto de 2025,Sin puntuación,Pilar,Bien,,
CordobaPatio,Escrito en 17 de agosto de 2025,Sin puntuación,Jose,Muy mal,,
CordobaPatio,Escrito en 17 de agosto de 2025,Sin puntuación,Mouali,Bien,,
CordobaPatio,Escrito en 13 de agosto de 2025,Sin puntuación,Sebastián,Aceptable,,
CordobaPatio,Escrito en 6 de agosto de 2025,Sin puntuación,Oier,Bien,,
CordobaPatio,Escrito en 8 de julio de 2025,Sin puntuación,Susana,Agradable,,
CordobaPatio,Escrito en 1 de julio de 2025,Sin puntuación,Susana,Bien,,
CordobaPatio,Escrito en 8 de junio de 2025,Sin puntuación,Paloma,Aceptable,,
CordobaPatio,Escrito en 21 de mayo de 2025,Sin puntuación,Mcristinag,Bien,,
CordobaPatio,Escrito en 17 de mayo de 2025,Sin puntuación,Pablo,Aceptable,,
CordobaPatio,Escrito en 23 de abril de 2025,Sin puntuación,Miguel,Bien,,
CordobaPatio,Escrito en 23 de abril de 2025,Sin puntuación,Nerea,Bien,,
CordobaPatio,Escrito en 21 de abril de 2025,Sin puntuación,Gerard,Agradable,,
CordobaPatio,Escrito en 17 de abril de 2025,Sin puntuación,Carolina,Bien,,
CordobaPatio,Escrito en 3 de marzo de 2025,Sin puntuación,Francisco,Aceptable,,
CordobaPatio,Escrito en 10 de abril de 2023,Sin puntuación,Daniel,Muy mal,,
CordobaPatio,Escrito en 9 de abril de 2023,Sin puntuación,Humberto,Agradable,,
CordobaPatio,Escrito en 10 de marzo de 2023,Sin puntuación,Thair,Bien,,
CordobaPatio,Escrito en 24 de febrero de 2023,Sin puntuación,Saray,Bien,,
CordobaPatio,Escrito en 20 de febrero de 2023,Sin puntuación,Maria,Bien,,
CordobaPatio,Escrito en 18 de febrero de 2023,Sin puntuación,Justo,Mal,,
CordobaPatio,Escrito en 13 de febrero de 2023,Sin puntuación,Cristina,Agradable,,
CordobaPatio,Escrito en 31 de enero de 2023,Sin puntuación,Herbas,Bien,,
CordobaPatio,Escrito en 30 de enero de 2023,Sin puntuación,Melba,Decepcionante,,
CordobaPatio,Escrito en 25 de enero de 2023,Sin puntuación,Roberto,Bien,,
CordobaPatio,Escrito en 24 de enero de 2023,Sin puntuación,Ligia,Mal,,
CordobaPatio,Escrito en 11 de enero de 2023,Sin puntuación,Victor,Bien,,
CordobaPatio,Escrito en 23 de agosto de 2025,Sin puntuación,Anónimo,Excepcional,,
CordobaPatio,Escrito en 23 de junio de 2025,Sin puntuación,Anónimo,Muy bien,,
CordobaPatio,Escrito en 24 de mayo de 2025,Sin puntuación,Anónimo,Excepcional,,
CordobaPatio,Escrito en 24 de diciembre de 2025,Sin puntuación,Anónimo,Bien,,
